-0.1325268298 -0.3192804754 0.1556018442 -0.1480154991 0.5576043129 0.2778238654 -0.2669321299 -1.1792749166 -0.0920843109 -0.2136428058 -0.3537116349 -0.4716226161 -0.2067413777 0.0326923504 -0.1628806293 0.6802965403 -0.6505621672 -0.1075545773 -0.4244485497 0.1085503027 -0.6752517819 -0.3518927991 0.0580321513 -0.0363208205 -0.2434494495 -0.2413176894 -0.4893663526 -0.2431337982 -1.5743000507 0.5037310719 -0.2677044868 0.3168221712 0.4478631616 -0.3445084691 -0.9823771715 -0.3065671921 0.4154666066 -0.1302373409 -0.9725537300 0.5489257574 1.1713278294 -0.0346901491 -0.0893445462 0.5768984556 0.2253482938 -0.6836212277 0.3104007244 0.4215699136 0.3073891997 -0.6839442253 -0.1302474290 0.6825064421 -0.5300743580 -0.2058978379 0.0838174522 0.2869803607 -0.2021934539 -0.2375582457 0.1826477349 -0.2375633419 -0.8605369329 0.1965629309 -1.1475195885 0.0713567585 0.4673953056 -0.3893526196 1.3222374916 -0.6334451437 0.6549720168 0.2367230207 -0.2771960497 0.0076614171 -0.5796889663 -0.5770145059 -0.0628927276 -1.2970678806 -0.8772296906 -1.5485793352 -0.9848828912 -0.4781816304 -0.4713999927 0.4672600031 0.0480913073 -0.0270754769 0.1892635077 0.2622048259 0.6517279744 -0.0199315306 0.2443490028 0.4055750966 -0.4105090201 0.3376218975 0.0423297919 -0.4285880923 -0.1716069728 -0.2183450162 0.3411518335 -0.2551816106 0.0174415410 -0.2578555942 -0.2161237448 -0.3788779676 -0.7827249765 0.5835444927 0.4148249626 -0.8778329492 -0.6018609405 -0.7769019008 -0.0789318681 -0.0649300218 0.1680708975 0.2363771796 -0.4325123131 -0.9336438775 -0.4469901025 -0.2427985370 -0.5272524953 0.4394813180 0.0437817909 -0.5772553086 -0.3512977362 0.3557172418 0.0291605778 -0.0484027937 -0.4369843900 -0.7767950296 -0.9006195068 -0.0921537802 0.9184720516 -0.5359871984 -0.0962564647 -0.6345987320 0.3452062011 1.2656642199 -1.2603811026 0.4574497044 0.0505516529 -0.9279903769 0.8475815654 0.0419825763 -0.0319651514 0.2795144916 -0.2635274529 -0.0090505229 0.2406392992 -0.4557393491 -0.1315968931 -0.0413814224 -0.4983942211 -0.2108885944 -0.5355621576 -0.1623378545 -0.0664509460 -1.2898619175 0.8384250402 0.0369668826 0.1798372567 -0.3063734770 0.6424891949 -0.0960419178 0.5099684596 -0.3508979976 -0.5763276815 0.5711694956 -0.7030431628 0.0570855774 -0.6698753238 0.0520605966 -0.3025240302 -0.1165238842 0.3473873734 -0.1110882014 0.0009080023 0.2080410421 0.6363308430 -0.0445009470 -0.6850177646 -0.0764314234 0.3191007376 0.2180152684 0.1934306473 0.0419580340 -0.1466325074 0.1768236756 0.1075885221 0.5175234675 1.1957577467 0.5821233392 0.2795798779 0.9335136414 -0.3233529031 0.5993205905 -1.2240365744 1.1428688765 -1.1179578304 -0.7469345331 0.2020649165 -0.6370976567 -0.1663828492 0.0467595011 -1.7115244865 -0.7692980170 -0.0421279818 -0.0920158401 0.1581951529 0.0404574201 -0.0932960063 -0.2437527776 -0.4161703885 -0.5249245167 -0.2052719891 -0.1507506669 0.1334659755 0.0327541493 -0.0425140485 -0.0039067944 0.1247087866 0.7952234149 -0.2074524909 -0.0170912091 -0.6427233815 -0.1191495582 0.2922616899 0.3941206634 -1.2666770220 0.5595876575 -0.7154728174 0.0274272207 -0.1674012691 -0.4609569311 0.6785711646 0.7834088206 -0.1601369232 0.3736718893 -0.1033498719 -0.2844703496 0.0246593058 0.6701415777 0.1182983816 -0.6314903498 -0.0548359416 -0.2122230083 -0.4774710536 -0.2346082330 -0.0058803190 0.0573483072 0.2682477534 0.0670212656 0.0128730237 0.1643254161 0.1569055319 -0.3036007285 -1.3988804817 0.1438105702 0.1238590777 -1.0015476942
-0.5266159773 0.4812783599 0.0970084071 -0.1850390434 0.1646295339 -0.2458703667 -2.0404260159 -0.2811995447 -1.6683712006 0.0547425076 0.2448832542 0.1974534243 0.5221973658 0.5687688589 -0.1562886387 -0.5121448040 -1.5951731205 -0.2828282714 0.4440703094 0.9163303971 0.4677726328 0.2469088882 -0.1897313148 0.0586133003 -0.7586190104 1.1179988384 -0.9229870439 0.5825449228 0.2846620381 -0.7241874933 -3.7096970081 -1.0011397600 -0.5782262087 -0.2709019184 -0.5535914898 -0.5236890316 -0.7215728760 -0.4872020185 -2.2250497341 0.4433310330 -0.0522156842 0.0087225093 -0.8770635128 -2.3837835789 -0.2074270397 -0.5345611572 -0.1674602330 -0.1937830597 0.8022260666 0.5423117876 -1.3562459946 -1.4039554596 -0.1346146762 -0.9905120730 0.1577015668 -0.1276082546 0.5971750021 0.0417940691 -0.7510171533 -0.0427306443 0.2584538162 -1.0620814562 -0.0504709110 -0.0136841461 -0.9167641997 -0.4353231490 -1.2369775772 -1.0712988377 -0.5234392285 0.1988730729 0.6935054064 -0.0374419391 0.4105151892 0.2905502319 0.5382137895 -1.1972209215 -2.7493774891 0.3704140484 -0.8778014779 0.1037999615 -0.8416755795 -0.3744312227 -0.0560732782 -0.0225733966 0.1574531943 0.0747487321 0.2866031229 -0.0362966098 -0.4801201820 0.8102760315 0.1047992110 0.3060431480 -0.9083529711 -0.1523269415 0.0458600894 -0.5191517472 0.1927876174 0.8121732473 -0.0001491234 -0.0491525382 1.0870360136 0.1913462877 -0.2909170091 -0.9487807751 0.2893183827 -0.2168443501 0.2076729536 0.6712563634 0.3051006496 -0.5965450406 -0.0664213970 -0.7150465846 -0.8960749507 -0.7664057612 -0.1709460616 0.5107907057 -1.1618632078 -0.5572867990 0.3392455876 -0.4866509736 -0.7847545743 -0.4383112788 -1.0956523418 -0.0908496454 0.8465138078 0.8126859069 -1.5445420742 0.3457033336 0.0722427145 -0.2920973897 -0.7417529821 -0.8819136620 -0.2341157943 0.5673896670 0.1958681047 0.2557492554 0.0249067843 0.1561008543 -0.0370419808 -0.0218771398 0.0391570181 -1.7511966228 -0.2345913947 -0.3700075746 0.1247010902 -0.7005152702 0.7448364496 0.0054145171 -0.4384774864 0.2125015706 -0.8348734379 -1.0127104521 -0.7828748822 -1.1826392412 -1.0485384464 -0.2952082455 -0.7166945934 -0.8971739411 1.6166659594 0.8018767834 -0.2233853191 0.0466992222 0.5809166431 0.0562089793 -0.6364585757 0.0704064444 -0.0741271004 0.6631407738 -0.5987295508 0.3299129307 -1.1870000362 -0.9724910855 -0.0115102530 1.4988356829 -1.5753953457 0.0432320759 -2.2183895111 0.5372245312 -0.4855589569 -0.3134035468 0.4846713245 -2.3078613281 -0.9126578569 0.1471832991 0.9049503803 -0.4241489768 0.6853700876 -0.5720144510 -2.5343973637 -0.9387184978 -0.0340041555 -1.0507494211 0.8498556018 -0.8484745622 0.5614737868 -1.4021844864 0.5823026299 0.1766398549 0.0453903675 -0.0153908059 -1.4696143866 -0.0263931025 -1.9953827858 0.2692153156 -0.1141104177 0.7474143505 1.1678959131 -0.2373957485 -0.6316271424 0.9317747355 -1.3436717987 -1.6879005432 -0.3761969209 0.4626803696 -0.8081652522 -0.7855485678 0.1862045825 -0.2827868164 0.1192394495 -1.0193269253 0.6084187031 -2.1939399242 0.2958294451 -0.7909445167 -0.4265545309 -0.4386012852 0.2055069804 0.0543208048 0.4790156484 0.8482936621 -1.5881118774 -1.8006434441 -0.5586953163 0.6586691737 -0.1677179188 -0.8312938809 0.0500794277 0.5001970530 0.1526485831 0.2112827599 -0.2169899046 0.1245670766 -0.0689146072 0.5864439011 0.1662238538 0.0312034022 -0.1980681419 -0.1370816380 0.0475516841 -1.3228201866 -0.0324223749 -0.2041148543 -0.1770090163 -0.1792510748 0.3660314083 -0.1922895014
-0.7432977557 -0.6330941916 0.3246947229 -0.2308260798 0.3054729700 0.6726341844 -1.4789836407 -0.4821378887 0.2462134957 0.8053603768 -0.8221455812 0.6332915425 0.0471958965 0.7334577441 0.7421845794 0.1222824752 -0.3480647802 -0.5961505175 -0.0759481937 -0.2836763859 -0.8794016242 -0.6109354496 0.2418185025 0.0399010964 0.7260810137 -0.6927824020 -0.3767211139 0.6023828387 0.2024791688 0.2046611160 -0.4144921601 0.3155650795 -0.1160483137 0.4682796896 0.3655394316 -0.5107481480 0.2010652870 0.9425528049 -0.3871286511 0.2066196352 -0.1468448043 -0.0306653064 0.0149494596 -0.7009041309 0.1367764026 -0.0469827168 0.3701413870 1.0079275370 0.6835266352 0.0268753022 0.2523905635 -0.2310428172 0.1299486309 0.1815171540 0.1946433038 0.2587848902 -0.2438174486 0.1227646843 0.0172600895 -0.8380060196 -0.6924874187 0.0066993651 0.2179508209 0.0219512638 0.1578454077 0.1763439476 0.5837945938 -0.1772295386 0.8583512306 -0.7317296267 -0.3154719174 0.0466994494 -0.6277275681 -0.0343843810 -2.0039365292 -0.7570295930 0.3515609205 0.3011170030 -0.2784759104 0.1091896072 -0.0780644044 -0.4468757212 0.0282820761 -0.0257316604 0.4958318174 0.1540221423 0.1975649297 -0.2458368689 0.6154470444 -0.1247369349 0.1567656398 -0.3032215834 0.4065773785 0.0575149693 0.2783676088 -1.1446745396 0.1478395909 0.1612336338 -0.0530441329 0.5438206196 -0.1498168409 0.2322014272 0.6887173057 -1.4934859276 0.0762925893 -0.1800411791 0.6865484118 -0.8635935783 -0.0128561761 0.3523639739 -0.3949081898 -0.4574202299 0.2960415781 0.4369999468 0.3919680417 -0.5628117919 0.1772308499 -0.0536905117 0.1539942324 -0.0929373875 0.1900271624 -0.6585564017 1.1340221167 -0.2723958790 -0.2306575477 -1.3251008987 -0.2142199278 -0.9423322082 -0.3363707364 -0.3927416801 0.1907939464 -0.2460358590 -0.1388629079 -0.0757506117 -1.5003645420 0.1845916063 0.0022376627 -0.1621284187 0.7180300355 0.0285563171 0.0307659134 0.3435031176 -0.8671478629 0.0456180461 0.0264194906 -0.0769051760 -0.2932468653 0.3722189963 -0.0585178807 -0.9776154757 0.6382678151 -0.0718496740 0.0888094530 0.6715955734 0.7337644100 0.3344558477 0.0284889303 -0.2945780456 0.5299263000 -0.7940633297 -1.7175110579 1.3130563498 -0.7442818284 -0.4423568249 -0.3223128319 -0.3274949193 -0.1331588477 0.1268232167 -0.1152538508 -0.0883488283 0.5060547590 0.5609937310 0.0357641429 -1.2111176252 -1.0163682699 -0.0574411154 -0.6062761545 -0.2768787742 0.2572809756 0.3240261376 -0.4761635661 -0.7442858815 -0.0309970770 -0.5451610088 0.1369021982 -1.1418844461 -0.2622863650 0.0981114283 -0.0413430780 0.2381906807 0.8257983923 0.7764881253 -0.7642483711 -0.1774313301 -0.3647136390 0.5787010789 0.0212821830 -0.1044050232 -1.7909791470 0.0493323803 -0.6698098779 -1.0756140947 -0.2846042514 0.4662031531 -0.7744574547 0.0332602747 -0.0305578094 0.5373699665 -0.5004041791 -0.0590316243 -0.1783623248 -0.9739937186 0.1957098544 -0.0257601757 -0.3263354003 0.4877106547 0.3731313050 -0.1932993978 0.0820607692 -0.8693066239 0.4402664900 0.0743583813 -0.5003309250 0.0742052048 1.9548233747 0.4446332455 -0.0663777441 0.0321221799 -0.1899362504 -0.4748509526 0.1617082208 -1.2954747677 0.5641374588 0.2880124450 -0.0430698693 0.0204161350 -0.0553070605 0.1113711596 0.1350287199 0.8818294406 -0.7382901907 -0.8923133016 -0.0576979369 -0.2007807046 -0.2538197339 0.6923353672 0.3485978842 -0.4576357007 -0.0189494379 0.7879238725 0.0472115874 0.1872678995 -1.5990134478 0.0674564838 0.6812214851 -0.8224073648
0.2309416831 0.4772783220 -0.0449858084 0.0318796821 0.1314342767 -0.2354010940 0.0055374987 -0.3138099909 0.2149988562 -0.4027339816 0.0645685345 -0.0645927638 0.0466610529 -0.2255883068 -0.3538869619 0.4631968737 -0.1477831453 -0.0244659334 0.2165883780 -0.6197292805 -0.8107230663 -0.2793742418 0.3951715529 0.0112528950 -0.0767686963 0.3706282079 -0.4234435558 0.0781442374 -1.1224561930 0.0287483092 -1.4319236279 0.3548088372 0.5578644276 -0.1613930911 0.4115013480 0.0260571241 -0.6882382631 -0.2476429045 -0.3439182043 -0.1119717211 -0.2719212174 0.0504976586 -0.1184898317 -0.4271362424 -0.3838884830 0.4544645548 -0.4744130969 -0.0228032246 -0.0465371534 -1.2448060513 -0.0867578164 -0.4251132607 -0.0086338222 0.0284197442 0.0695953220 -0.0103202313 -0.3902445436 0.0298750848 0.5549525619 -0.4821717739 -0.0463520922 -1.0638135672 0.0063185319 0.0965661854 0.6180858612 -0.7070272565 0.2135983258 0.0514991693 0.2828383744 -0.0617204458 0.2786512375 -0.0605249032 -0.0549971461 -0.0709199682 -0.1150163785 -0.3897556961 -0.3023900390 -0.1866391599 -0.3353219926 -0.3061874509 0.1266531795 0.1913416237 -0.0342671797 -0.0158104450 -0.3208175302 0.0787381530 -0.4651148915 -0.0013104677 -0.5329552889 0.3165312409 0.0319002159 0.1456246674 -0.1604490280 -0.1642062217 0.0371112376 0.2401121259 0.3370346725 -0.1292248964 0.0449400991 0.2129801214 0.0818447322 0.0680673793 0.1080101877 -0.6422879696 0.4239992499 -0.3065514565 0.1223319396 -0.0251844823 -0.0675578192 -0.4741761684 -1.2933447361 -0.4051932693 -0.6808124781 -0.5782209039 -0.2080205232 -0.4934774637 -0.4180971086 -0.0322417840 -0.5585557818 0.0482320562 -1.6631898880 0.1049239710 -0.7784500122 0.1397927850 0.0473529920 -0.2120712101 -1.2373648882 0.1410068274 0.3761312664 -0.0252830908 -0.2970995009 -0.1734549254 -0.0577578321 -0.0567950048 -0.0963984951 -0.5845745802 -0.0443336517 -0.1557797492 0.6674141884 0.0187067017 -0.0614697784 0.0416780785 -0.2768085599 0.2502840161 -0.7697646022 0.2271926999 -0.2270078063 0.3121330142 -0.4094353020 -0.1425299495 -1.0296392441 -0.0196746364 0.0410732217 -0.5444133282 0.2580089569 -0.0298808105 -0.2038442343 0.0516112819 -0.0505820774 0.0466906391 -0.0624914616 0.0685188323 -0.5065916777 -0.1932931542 -0.0589404404 -0.0586927161 -0.1256437600 -0.0421548076 -0.0238447189 -0.0985061377 -0.4915179014 0.2876312435 0.0111650154 -0.8359549046 0.3477557898 -0.0107769892 0.1084049270 -0.0059263548 0.0184190869 0.0152070308 -0.0455216467 -1.0151064396 -0.4015828967 0.0954591855 -0.3471712172 -0.0323722959 -0.6413198709 -0.1740236133 0.1771935672 0.6007701159 -0.3344814479 -1.0055066347 -0.0805827752 -0.6785729527 -0.5589937568 -0.9127181172 -0.0072847847 -0.5363715887 0.0695597008 -0.0199028850 -0.1612344831 -0.8458441496 0.1903092265 0.0477391146 -0.2658298910 -0.1400908530 -1.1798454523 0.0432407260 -0.3108376563 0.7331808805 0.1626091152 0.1858365238 0.0323117040 0.1031936482 -0.5030347109 0.3724170923 -0.4151392579 -0.1441087425 0.0017653108 -0.0018006074 -0.4113135040 -0.4822421670 -0.1214209273 0.1164492443 -0.7228099108 0.0488606319 -0.0142472610 -0.0123253539 0.0154657699 0.0469922796 -0.1849811226 0.0892030299 -0.5143657923 -0.1415978670 0.8400081992 0.0177303627 0.0187515169 -0.3813320100 -0.4280473292 0.0868821219 -0.0392972976 0.0889917240 -0.0034651756 -0.1743113548 -0.2534361184 -0.6294358969 -0.0620390624 0.2738693357 0.0469700992 0.2224534452 0.0918158889 -0.1429025680 -0.3586505651 0.0527512878 0.0425022468 0.0991808102
-0.1328425556 -0.9919640422 0.3157673180 0.3062629104 -0.3316007257 0.8166315556 0.2426994890 -0.3553879559 0.6583753228 0.5354418159 0.2587961257 -1.3265956640 0.3299946487 0.0860335529 1.0024770498 -0.3990866542 -0.9112868309 0.6971456409 0.8512151837 -0.3658509254 -1.2220979929 0.3935589194 -1.1962647438 0.0358556360 0.2919961512 -0.3150521219 -0.0193585027 -0.2584491670 -0.2657404244 -0.0995452106 -0.2686648965 -0.1624130756 -0.4896107912 0.2116310596 0.0881989822 1.3445085287 -1.8700554371 -0.1703298390 0.6345397234 -0.6268060803 0.1833946854 0.0598473288 -1.8753668070 -0.9299468398 0.8347213864 -0.1126903966 -0.2453766912 0.1959321946 -1.7012617588 -0.1659481078 -0.0995032489 0.3154726624 0.0403305590 0.1194312125 -0.8977026343 0.2412393093 -0.6422781348 -0.2867022455 -0.0704413652 -0.6156489849 0.4508756399 0.0878461450 -0.5185900331 0.0268737432 -0.0001374516 -1.0267004967 -0.1314736456 -1.4806392193 -0.3870941699 -0.1509359777 0.9589437246 -0.0144666731 0.4225601554 -1.4639863968 0.3002602458 0.5210847259 -1.9086074829 -1.5946434736 -0.9284086823 0.1246684790 0.5270205736 0.4207471609 0.0617242679 -0.0260055289 -0.3106849492 0.8584570289 0.7022768259 0.2008111924 -2.2693276405 -0.9160915613 -1.1372464895 0.7034958005 -0.3882236779 -1.1730725765 -0.6227374673 0.0404099189 -0.9874138832 -1.6607340574 -0.0470233187 -0.2613038719 0.7572677135 0.8580279946 -0.1933602542 -0.4809989333 0.7218022943 -0.4448725283 -0.5302302241 1.0058492422 0.8509356380 -1.0083614588 -0.5627056956 0.1682827920 -0.1623944193 0.1327937245 0.1963891238 -0.0949107632 -0.7097294331 0.3434312046 0.0257743336 -0.1947177649 0.9707286358 -0.7717028260 -0.5939076543 0.5239068866 0.1019446775 -1.0893827677 0.4310795963 -1.6134183407 1.0436394215 -0.4339699447 0.5175013542 -0.7960438132 -0.2520478666 0.4819650948 0.0441043600 -0.9546934366 0.0558825880 -0.3360213041 -0.2022064030 -0.0145603940 0.0116926953 0.1858172417 0.5321938396 0.9745268822 0.6441853642 -0.8704082370 0.0033583287 -0.3687380552 -1.8914422989 -2.0601284504 -0.4782065153 -0.3780286908 1.7785613537 0.0276331939 -0.0987699032 -0.2776663601 -1.3580939770 -0.9295344353 0.2501087189 -1.3077664375 0.8294900060 0.5153632760 0.1055050567 0.4207944572 0.5900306702 -0.0016169637 0.4104103446 0.2767288387 -0.1349065602 -0.0391543359 -0.4572699964 0.3791086972 -0.0224320292 -1.0492032766 -1.8655986786 -0.0482771099 -0.0547776595 0.0722220242 -0.3283598721 1.3029296398 -1.1961687803 -0.8048680425 -0.2287751585 -0.8701300025 0.5565150976 -0.1741689593 -0.1014799923 1.0111398697 0.2566061318 0.4821339846 -0.4357813597 -0.4114928544 -0.6841513515 -0.9971979260 -0.2435442060 0.2120482177 -1.8522989750 -0.4971947372 -0.1994781643 0.0040726364 -0.9185990095 1.0643199682 -1.2408441305 0.4526416659 -0.6877772808 0.5608784556 -0.1085155532 0.0725443289 0.4022141695 -0.1312416345 -1.2807139158 -0.5104261041 0.4049072862 0.0452799089 -0.5992375016 -0.1989730299 -0.6561906338 -0.6363425255 0.0443154685 0.6693121195 -1.1480764151 0.2398595214 -0.3807292283 -0.6935039759 -0.7251496315 -0.1855404526 0.2872456908 0.0239678696 1.7212910652 0.0568038337 1.0972336531 -0.0747071579 -0.2102204412 -1.4842470884 -0.6951421499 -0.7440845370 -0.0569894835 -0.0067722378 -1.6939454079 -0.0834682435 0.6477462053 -0.8265689015 0.4461429715 0.1856023520 0.0166468434 -0.3056523800 -0.0036745195 -0.9615510106 -0.0229597390 0.7430766821 0.0986609682 0.3201445639 -0.2928740084 -0.4851239622 0.1389004886 1.0909258127
-0.3024996221 0.0755122527 -0.6027914286 0.0961168483 -1.1646765471 0.8152077794 0.0908611342 -1.0245115757 -0.6117511988 -0.4360548556 -0.8383850455 0.4747381806 0.7691441178 -0.6645537615 -0.3796368539 -0.5287750959 0.1282145977 0.5268382430 0.0936982185 -0.4935646951 -0.3552966416 -0.4483877718 0.3505682945 0.0161971301 -1.3975646496 0.4595210552 -0.7643693686 -0.3567086756 0.4413305819 -0.0582364276 -0.0191447847 -0.1204998717 -0.4240653813 0.5520099998 -0.9946653247 0.2445313781 -0.1378455013 0.4556008577 0.8229292035 -0.0768598914 -0.9591824412 -0.0312637314 -1.0261321068 -0.1717743874 1.3983657360 0.4945106804 -0.6179832220 0.4474737346 -0.8638595343 0.1630086303 0.7017232776 0.0184061155 -0.0354012661 -0.1354867071 -0.2344237566 -0.7766956091 -0.2266795039 0.0209519230 -0.2971039712 0.5031657815 0.1634153128 -2.3335645199 0.2665610015 0.0046067061 0.3570222259 -0.0254765600 -0.6908364296 0.4033123553 0.4696702659 0.2669785917 -0.0085394224 -0.0419680029 0.2956406176 -0.2935883999 -0.1229921803 -1.0117261410 0.3683984876 0.3486770093 -2.7268948555 0.0132860877 -0.4182378054 0.8782954216 -0.0348879173 -0.0463508293 -1.0914331675 0.1776681393 -0.1415822804 -0.1014193818 -0.2098230124 0.1493957341 -0.8728999496 -0.1323419213 0.1503307670 -0.0818382651 0.0550407805 -0.4601570368 -1.0763361454 0.5076532960 0.0313538089 0.1898676306 -0.5066836476 -0.0476939492 -0.3788326681 -0.3767987192 0.1598568559 -0.2425387204 0.1154028699 -0.2472856641 -0.7717716694 0.1451935172 -2.6673958302 0.1148965508 0.0454219654 -0.7191450596 -1.6713784933 0.0235961284 -1.0874061584 0.1165174767 0.6519175768 -0.0322701707 -0.7619870305 -2.3544151783 -0.8956525922 -0.5564557910 0.2488892823 -0.4684054255 -2.3896539211 -0.1049498245 0.2657036781 -0.3485406339 0.0368206948 0.5103436708 -0.3430342376 1.2285233736 0.6884866357 1.0312774181 0.0130139962 -0.4416501224 -0.6772845984 0.0493306071 -0.0247553736 -0.0433616415 -0.9159991145 0.0475518592 -0.6581814289 0.5133698583 0.3201459348 -0.2989959717 -0.6288284063 -0.0431923382 0.7955476046 -0.2219327241 0.1604492068 0.5311549306 -0.3905746937 0.2967801988 -0.8657988310 -0.9878217578 0.1760569513 -1.7802616358 -0.0279015191 -0.2955911458 0.7864867449 0.9175957441 -0.4555057883 -0.2542547286 0.5927987099 -0.1595453620 -0.2490732074 0.1367658377 -1.1060963869 0.3013973534 -0.0158040300 0.6126615405 -0.4555592239 0.0156834200 -0.4302282631 0.0830440745 0.2296315134 0.3188785017 0.0251750797 -1.9711686373 0.4111215770 -0.0113439430 -0.3713018000 -0.4697453380 0.0548449047 0.2585018873 -0.0308466069 -0.7291843295 0.4490685463 0.1298990697 0.0315619297 -0.7902043462 0.3341705799 -0.0134764891 0.0118090138 0.7358223796 -0.4013509154 0.0438786745 -0.2489857674 1.2627851963 -1.4879349470 -0.2235394865 -0.6426349878 0.0007086446 -1.6645231247 -0.2265185118 0.0923059210 -0.8619114161 -0.0920588151 -0.0860915408 0.2567516565 0.0617303252 -0.1704025567 -0.1455526650 0.3657189012 -0.1889676452 -0.7119098902 -0.3758609593 0.1194519699 -0.4240800142 0.0456726961 0.1642110646 0.3951851726 0.6544105411 -0.0357419029 -0.0259839222 -0.4372079074 0.1337038875 -0.7263277769 0.3556838334 0.3902320266 -0.0871003866 0.2763617933 -0.2573055029 0.0326806083 0.1685343385 0.3891757727 -0.1145986542 0.1406467408 0.4285837114 0.1369623542 -0.9703937173 0.4900846183 -0.1709485650 0.5285252333 0.1322906166 0.0516126677 -0.2632715404 -0.7485353947 -0.1620293409 -1.1485108137 0.2822297215 0.3386842310 -0.1123991981
0.0044248202 -0.0687422305 -0.0060792640 -0.0132960388 0.0114316558 0.0427792929 -0.0260147061 0.0311774537 -0.0498563498 0.0052316766 0.0066079590 -0.0095143579 -0.0197527669 -0.0006537226 0.0096975463 -0.0601634160 0.0070296712 -0.0237446278 -0.0471228883 0.0208093822 0.0082218042 -0.0149470251 -0.0431416184 0.0048841387 -0.0257990770 0.0105426265 0.0139882471 -0.0450005606 -0.0680632964 -0.0135205165 -0.0184992384 0.0258541871 -0.0669046715 -0.0443853550 -0.0547600389 -0.0168080851 -0.0190014243 -0.0037800858 -0.0653077960 -0.0731615499 0.0179617777 0.0377289876 0.0462431684 -0.0521294214 -0.0039414987 -0.0320430286 -0.0108661046 -0.0458924249 0.0094274916 -0.0275116190 0.0195297971 -0.0649461821 0.0591823831 0.0073607862 -0.0172742195 -0.0321705863 0.0028642267 -0.0257330239 0.0177921131 -0.0120586362 0.0245544370 0.0102094850 0.0272910744 0.0307309553 -0.0251793936 0.0550349578 -0.0320989974 -0.0211473554 -0.0404746830 -0.0029915124 0.0125018228 0.0300391540 0.0598052889 -0.0469021425 0.0452734083 0.0304323956 -0.0090986378 0.0200280324 0.0227159616 -0.0640392154 -0.0189393591 0.0312847570 -0.0006009713 0.0103471130 0.0196926370 0.0242161155 -0.0129332608 -0.0227358788 0.0006244745 -0.0407160297 0.0313819088 -0.0454480425 0.0019227753 -0.0678745657 -0.0228764266 -0.0496798754 0.0161994006 -0.0802716911 -0.0165554434 0.0049078595 -0.0118486034 -0.0295967497 0.0181764215 -0.0415497273 0.0325022340 -0.0280981138 0.0243159197 0.0038931670 -0.0523058213 0.0067889467 0.0410853960 -0.0620526522 0.0050598308 -0.0449065566 -0.0653067753 0.0571041927 0.0038757389 -0.0101795355 -0.0480824932 0.0051553547 -0.0490582027 -0.0317335576 -0.0094311293 -0.0049791355 0.0200064331 0.0077728000 -0.0685665682 -0.0259370375 -0.0046059391 -0.0002636760 -0.0194720235 -0.0124864792 0.0141374767 -0.0491103716 -0.0138709908 -0.0698212087 0.0044189692 0.0502458550 0.0210216250 0.0136765242 0.0198003501 -0.0375871956 -0.0575174838 -0.0679131076 -0.0720179304 -0.0414371938 0.0222447012 -0.0039492073 -0.0623156652 0.0384755135 -0.0031815991 -0.0037115514 0.0197216570 -0.0004536252 -0.0532817878 -0.0536396839 0.0390369669 -0.0418589041 0.0379547477 -0.0418255329 0.0263480395 -0.0698853061 -0.0021535493 0.0219402723 -0.0131762251 0.0147035345 -0.0438583195 -0.0520852134 -0.0491933823 -0.0366790742 0.0083670244 0.0487684831 0.0374358222 0.0194279179 0.0402657837 -0.0408639386 0.0394538082 -0.0627941638 0.0561583117 -0.0263292734 0.0194716100 0.0251046997 -0.0275477860 -0.0521205813 -0.0434148535 0.0333005115 -0.0554916747 0.0116929878 0.0531608388 0.0027489886 -0.0461012051 -0.0386813954 0.0066168341 0.0551000759 -0.0032438561 -0.0540480502 -0.0378210545 -0.0142614022 -0.0249019787 -0.0477879569 0.0245751999 0.0107669495 -0.0258949697 -0.0057231011 0.0179360732 -0.0509801209 -0.0320291743 -0.0119962096 0.0023925346 0.0176835861 -0.0647305474 0.0515736453 -0.0358168706 0.0528919622 0.0383598283 -0.0426887944 0.0230542049 -0.0258535668 0.0422197804 0.0106283994 -0.0395372994 0.0344129689 -0.0487424806 -0.0389885679 0.0113950670 -0.0530050769 0.0187850669 0.0554594398 -0.0004688317 0.0366194621 0.0226330031 0.0468674004 0.0045694425 -0.0081747361 -0.0309768692 -0.0220842138 -0.0071072504 -0.0482600145 -0.0169210117 -0.0172025915 -0.0275293421 -0.0362141095 0.0242955759 -0.0163976960 0.0043376018 0.0030206912 0.0094304010 0.0194095671 -0.0018048882 -0.0100027127 0.0104851490 -0.0195891373 0.0465728641 0.0192522705 -0.0668602809 -0.0016060879
-0.7719892263 -1.9010689259 0.0460745692 0.4343768060 -0.0111207198 -1.5324925184 -0.2893345952 -0.2246319801 -0.3785387576 -0.9243022203 -0.0904856473 -0.3168813288 -0.1976649314 -0.3117173612 0.2826199830 -0.4071093500 -0.0098533379 0.0107215047 -0.9262222648 -0.7166331410 -0.7042255998 0.4677932262 -0.3277684450 0.0045760572 -0.8054331541 -0.4682288766 0.3754753470 0.1790692061 0.0678757653 0.2115759850 -0.5380293727 -1.3123476505 -2.0905554295 0.6107224822 -0.4657296836 0.0113285333 -2.0731267929 -0.8123707771 -0.7258543968 -1.1785740852 -0.0505297296 -0.0307468381 -0.4852946997 0.0473181643 0.0455591194 0.4344751537 -0.3056920767 0.2738009095 -0.2549372017 0.0690277144 -0.1116645709 -0.0769941509 0.0327246785 0.0176046137 -0.5611569285 -0.0153657794 -0.0581507571 0.0582660735 0.8964745402 -0.8175382614 -0.7007983327 0.3468260169 -0.0285299793 0.0721358582 -0.8252906203 -0.4677474201 0.1656975299 -0.7225710750 -0.1133689210 0.0590909868 -1.8439043760 0.0442383513 0.4586507082 -0.1939912289 -0.8569857478 0.3826753795 -0.4284202456 0.3254150450 -0.0753988177 0.0050356230 0.3118838668 -1.6457797289 0.0338654518 0.0213057250 -0.2339952290 -0.3630941808 0.0563053899 -0.0335031152 -0.7729789615 -0.0598044023 -0.1544157416 -1.3919686079 -0.4717216492 0.2529477477 0.0334869325 0.2019569278 -0.4478280544 -0.7421784997 0.0430495963 0.3080229163 -0.8155771494 -0.0375511833 -0.0506653339 -2.4426677227 -0.3122436702 -1.0085498095 -0.5314440727 0.5302178264 -0.2934332490 0.0963594019 -1.0814871788 -0.3069404066 -0.0734972209 -1.0326877832 -0.3652826250 -0.3576422036 0.0586354546 -0.8971020579 -1.1601879597 0.0274315104 -0.8699727058 0.1421494186 -0.4421370327 -0.8904130459 -0.4902416170 -0.4459524155 -2.5048143864 -0.2096937001 -0.1423912942 -0.0025150180 -0.4923759401 -0.6045998335 0.0348601937 -0.2632567585 -0.1347355843 -0.0374882370 0.0112135410 -1.1222742796 -0.1133288145 -0.0364702493 0.0453650728 0.5933266878 -0.2817767560 -0.5765957832 0.7243631482 -0.0945849419 -1.6721421480 -0.3572909832 -0.1852966845 -0.8569687009 0.3163887560 -0.2547266781 -0.3265183270 0.0848798677 -0.8950355649 -0.3536611199 -0.1140361056 -0.8977111578 0.3532353342 -0.2999592125 0.1356520206 -0.2667083144 0.0055162846 -0.1640993655 -0.8076086640 0.0612152293 -0.0366182067 -0.0038833357 -0.0304639488 -0.6652253866 -0.3290266991 0.0699942932 0.0513482988 -1.4804553986 -0.6470794082 -0.0445990190 0.4712778032 -0.0780285224 -0.0588550046 -1.0181232691 -0.7541752458 -0.5534412861 -0.2534596920 0.1933824569 -0.5834034085 -0.3346192241 0.6037930250 -0.1203331426 -0.2657186091 0.0722358823 -0.3805632293 -0.9051208496 -0.2212971598 -0.4126290977 0.1968763769 -0.6909860969 0.0966953933 -0.1474846601 0.3106385767 0.0126201063 0.4963230789 0.0568353161 -1.3050228357 -0.2803888023 -0.2152072042 -0.2203806490 -0.2896811068 -0.0139115527 0.5222172737 -0.1943823844 -0.5581508875 0.2662092745 0.1890104264 -0.1848221719 0.4844256043 -0.0020250480 -0.2991847396 0.2592510879 0.0478311256 -0.3333636522 -0.3534887135 0.1498764157 -1.0054397583 -0.4341696501 -1.8724902868 -0.0835465491 -0.0185129493 0.0414570868 -1.4496365786 -0.0554525703 -1.3002228737 -1.0035401583 -0.7647289038 -0.9107781053 -0.7707694173 -0.0261864178 -0.0168118998 -0.7244282365 -0.1326314509 -0.1790175289 -0.9608072639 -0.8190443516 0.0351186767 -0.6721199751 -0.1937311888 -0.3031274378 0.0498002842 -0.1530784369 -0.0440289453 -0.0703132749 0.1692622155 -0.0731038749 1.1911830902 0.0501622781 -0.4045192301 -0.2535125017
-0.2370105833 -1.3751212358 0.0111627886 0.7471332550 -1.5761492252 -0.6380246282 0.3612417877 -0.1145726964 0.4304675460 0.1525719762 1.1593341827 0.4987563789 0.7277706861 0.1762005538 -0.2549047470 0.9982334971 0.6372023225 0.1504402310 0.0332834236 -0.1331314296 -1.9861811399 0.1949007064 -1.0613131523 -0.0421688780 -1.5283603668 -0.1563624442 -0.0298443343 1.1289799213 -1.1589514017 0.2289294899 -0.2627136111 -0.5978789926 -1.6237317324 0.7719765902 -0.0698975772 0.2092173100 0.3668047190 -1.2548265457 -1.6844564676 -1.0328520536 0.2110415548 -0.0140339974 -1.5794225931 -0.3464266360 -0.0445964336 0.4680224061 -0.7505688071 1.2478172779 -1.5583987236 -1.3317955732 0.0178836770 -0.3902291656 0.2466099560 0.1579593122 1.3449740410 0.0698631778 -0.7586684823 -0.0236468166 -0.4283648431 1.0138528347 0.4851625860 -2.5213537216 -0.4216654897 -0.0765873566 0.1336247474 -0.1807850599 -0.8822720647 0.2122186720 0.6669980288 -0.3917146325 0.6901599169 0.0078466758 -1.0445146561 -0.0634675175 -1.5938000679 -1.2434080839 -0.4278279245 -0.0142334010 -0.8709062338 0.3059256971 0.0795646161 -1.6479128599 -0.0610268787 0.0048876926 -1.2557563782 0.1380169243 0.4613739550 0.0748810098 0.3658292294 0.4033966959 1.1784080267 0.1615443826 -0.6118910313 -0.1646363884 -0.0322855487 0.3742947578 0.0224031098 0.5649463534 0.0024528801 -0.7937173247 0.6221206784 -0.1733285636 -0.7052484751 -0.9837548733 1.3288198709 -0.4611497521 0.3916289508 0.8308955431 -0.0093412166 -0.7021061778 -0.5105172396 -0.0031152205 -0.0037692601 0.0050324653 0.2574650347 -0.4951758981 -1.7753809690 0.2982421219 -0.2358806580 -0.1989659518 -1.2324545383 -2.3271350861 -0.5957431197 -0.4372554719 -0.3524558246 0.5734330416 -1.2848384380 -0.0184171759 -0.3658602238 0.2741148472 -1.1551562548 -0.8890654445 -0.1582656056 -0.2460673302 -1.1342600584 -0.0298330914 -0.0398736745 0.1478077620 0.3150286376 -0.0525334999 -0.0009244829 0.7044021487 0.9886092544 1.0214753151 0.5001288652 -1.2065712214 -0.1572325379 0.9493570924 -2.8116900921 -0.6634421945 -0.3130535781 0.0640949607 -0.1319240183 -1.2343777418 -0.7148435712 0.2636895776 -0.2772071660 -1.7160735130 -0.6693127751 -1.4237248898 -0.0323225483 0.6090878844 0.9108075500 -1.4348149300 -0.4164560735 0.4112784266 0.3416405320 0.1233204678 -0.1752883047 0.3348805606 -2.5136282444 0.4763281941 -0.0465347990 0.8830941916 -2.8890571594 0.0553148985 -0.4175641239 0.7837893963 -0.2086666524 -0.1033736095 -0.1736319214 0.0692214593 0.5600025058 -0.3505931795 -1.3578633070 -0.2277974486 0.4877793789 -0.1550471038 -0.1912169904 -0.4969909191 0.2975817025 -0.8448091745 0.2569046319 0.1006808132 -0.3353936076 -0.2258303165 0.5060540438 -0.4956672788 0.2740241289 0.0147486255 -0.4267600179 0.2220511734 -1.0923773050 -0.9137738943 0.2111149281 0.0576567911 -0.5757032037 -0.2358078212 -0.1430097967 -0.1549140811 -2.3750321865 0.2865700126 -0.2661352754 0.1877286583 0.6664287448 -0.7077616453 -0.1175037846 -0.4744468033 -0.0936564431 -1.3203686476 0.7183673382 -1.3461242914 -0.1429138631 -0.8260750771 -0.3932701349 -0.3961873949 -0.2522598803 0.0184513405 0.2449848503 -0.0486257300 0.4131057262 0.5164191127 -0.2809081078 0.7367247343 0.3862598538 0.3401362598 -0.0510767698 0.5762543082 1.0385082960 0.7730354071 -0.4075543582 -0.1238477156 0.1669851989 -0.1468139440 0.7914828658 0.0833793506 -0.0592666157 -0.7547889948 0.0072138384 0.1508929282 0.4773651958 -0.2377439290 -0.5206841826 0.0300112218 0.1329723746 0.3539630771
0.0080541810 0.0074710874 0.0602534786 0.0335735977 -0.0515506752 -0.0687597170 -0.0129242605 0.0221282151 -0.0268966835 -0.0339453481 -0.0879318640 0.0196279958 -0.0012523383 -0.0671794266 -0.0084455721 -0.0355630405 -0.0446253121 -0.0075820088 0.0316912383 -0.0328840539 0.0410532840 -0.0234786347 0.0329284035 -0.0464314967 0.0266112294 -0.0417444035 -0.0559130274 -0.0136297392 -0.0403859466 0.0003202707 0.0367988087 0.0093507478 0.0142359417 0.0230867807 0.0221329685 0.0265763178 -0.0095543377 0.0158887580 -0.0814995915 -0.0354284160 0.0235872343 0.0514709949 -0.0220350157 -0.0566713922 0.0333533250 -0.0415162519 0.0116028590 -0.0605127364 -0.0509559475 -0.0547499098 0.0449052751 -0.0020480340 0.0145872310 -0.0171301458 -0.0166613348 0.0127118900 -0.0799773559 -0.0237870514 0.0189283807 0.0235247966 0.0534914210 -0.0482197329 -0.0236855038 0.0104962168 -0.0505888984 0.0250404794 0.0313330330 -0.0204714518 -0.0505536422 -0.0004260018 0.0240992103 -0.0290829539 -0.0259879082 -0.0782591030 0.0162205249 0.0150956735 0.0391395167 -0.0797718763 -0.0420230478 -0.0409353524 -0.0911531821 -0.0632195771 -0.0260136202 0.0348029956 0.0275039207 -0.0186471045 0.0282708928 -0.0251326263 0.0110317431 -0.0655786544 0.0068239882 0.0108116036 -0.0474622250 -0.0445001125 0.0145072863 0.0016205976 -0.0078839855 -0.0442405529 -0.0293583125 -0.0244674999 -0.0260606911 -0.0789079741 -0.0171482321 0.0052441312 -0.0777860060 0.0255968217 -0.0030420616 -0.0623061247 -0.0403259695 -0.0172676463 -0.0445824936 0.0079982802 0.0268443469 -0.0168622378 -0.0552025959 0.0305726919 -0.0238416996 0.0231280029 0.0002056949 0.0005457252 -0.0952539220 -0.0442609340 0.0410133190 0.0270915683 -0.0282922089 -0.0565044768 -0.0030555718 -0.0648855194 0.0339436755 0.0020116568 0.0273784399 -0.0260099340 0.0248988047 -0.0591619536 -0.0736432448 -0.0266035404 -0.0545128211 -0.0061401925 -0.0034606373 0.0385021493 0.0384022743 -0.0708145574 0.0129121300 -0.0294627510 -0.0391242132 0.0582637340 -0.0325350240 0.0208163988 0.0331273414 -0.0908879563 -0.0035912746 -0.0591040701 -0.0761809722 -0.0505696051 -0.0554554947 -0.0093930149 0.0031714232 -0.0732893571 0.0475893132 -0.0001221140 -0.0332430489 -0.0306316298 -0.0530330539 -0.0266925860 0.0387811847 -0.0078969374 0.0005977615 -0.0508468673 -0.0289516225 -0.0369887464 -0.0616281554 0.0195425451 -0.0530804992 0.0532732680 -0.1059535891 -0.0589030758 -0.0589599162 0.0228388030 0.0142756626 -0.0286334381 -0.0140413502 -0.1018998995 -0.0108138127 -0.0791588724 -0.0168309398 0.0156688653 0.0099151898 -0.0559773743 0.0274995174 -0.0017984177 -0.0634787381 -0.0488416664 -0.0745950863 0.0006486241 -0.0240693986 -0.0090058697 -0.0273042396 -0.0400243625 -0.0109226201 -0.0147954822 0.0061653773 0.0432256535 -0.0694709718 -0.0531048514 -0.0509041026 -0.0568429902 -0.0960559919 -0.0224496126 0.0099239582 -0.0685994849 -0.0430836938 -0.0996320918 0.0531033799 0.0071099140 -0.0051282044 0.0586333945 -0.0117518008 -0.0435393713 -0.0017033890 -0.0238716099 -0.0423410274 0.0177058969 -0.1254707575 -0.0548593514 -0.0354179703 0.0406112745 -0.0233629644 0.0055376366 0.0478205606 -0.0041743293 -0.0596442819 0.0104192775 -0.0397632346 -0.0376111865 0.0242972746 0.0237604231 -0.0156595111 -0.0244289748 -0.0738329515 0.0131978923 -0.0277389623 0.0265257917 0.0068712309 -0.0695985109 -0.0159511864 -0.0512846112 -0.0266835019 0.0047658058 0.0069303066 -0.0476665273 0.0739737451 -0.0214835107 -0.0442750156 0.0187067837 -0.0134919975 -0.0176347066
-0.0956368521 -0.4742511213 0.0023161024 -0.0666331053 0.0251598954 -0.5505735874 0.1422598064 -0.1182609424 -0.9769961834 -0.2757619917 -0.2479422688 0.0915792808 -0.0636765137 -0.0138480021 -0.0031797455 -0.5127253532 -0.0790352896 -0.0291587412 0.2604399323 -0.1495627910 -0.4652929604 0.0838314071 -0.0733333007 -0.0029704720 -0.1554521471 -0.0699253082 0.1113758981 0.0588176548 -0.2027116269 -0.0197087750 -0.0468804277 -0.4689994156 -0.5179373622 0.1355452091 -0.2772108614 0.0490957797 -0.3571734130 -0.1151478812 -0.0696788132 -0.3961186707 -0.0482205078 -0.0562468618 -0.0885423496 -0.2964514196 -0.5665166378 -0.0966354162 0.1032976583 -0.0312429611 -0.2888109684 -0.1697169542 0.0328383148 -0.5486469269 -0.0210175440 0.2689541876 -0.3615193069 -0.0003487170 -0.1002887785 0.0195674524 0.0329521149 -0.3165332079 -1.1145596504 0.0296104737 0.0590569302 -0.0691394582 -0.7114855647 -0.0949829072 -0.4127965569 -1.2173357010 0.0003619194 0.0280832797 0.1047422364 -0.0026257485 -0.0950602740 -0.2533048391 -0.5241867900 0.0858762786 0.0177206583 -0.4217479229 -0.0065269493 -0.5017001033 -0.7644181252 -0.8894558549 -0.0432164222 -0.0432669744 -0.0073777698 -0.0611184239 0.0442642756 -0.0194618031 -0.1569322646 -0.1939986795 -0.3228840828 0.0669868141 0.0133156488 -0.4314126968 0.0022938550 0.3543022275 -0.4272716641 -0.0522047393 0.0470278561 -0.0156410467 -0.2881442904 -0.2945633233 -0.2135264724 -0.4900010824 -0.0980145112 -0.0862223655 -0.1813353449 0.0215026867 -0.0695857331 0.0090229297 -0.0496188849 -0.2652067244 0.2047701478 -0.2367970645 -0.0473501347 -0.0463951603 0.0906593427 -0.3188121617 0.0468768105 0.0481081530 -0.0377541371 -0.2766081393 -0.2435491532 -0.3364838362 -0.0027527837 -0.2797875106 -0.4056382179 -0.2027217001 -0.0276749115 0.0540872738 -0.6098874807 -0.8781670332 -0.0243503377 -0.4482312202 -0.3601677120 -0.0298818052 -0.0272686556 -0.0079120770 0.0171382520 -0.0391316637 -0.0061415806 -0.1297659427 -0.0225181356 -0.4307258129 0.0339530595 -0.0249949060 -0.6160888076 0.0436006300 -0.0794728398 -0.3398528397 -0.2851211429 -0.0301684514 0.0173716769 -0.1760242730 0.0379840992 -0.5018354654 -0.0221556444 0.0012632975 -0.3197531998 -0.1809517145 0.0401446819 -0.0928986892 0.0551318787 0.0203213431 -0.1206634864 -0.0540937632 -0.3793181181 0.0622020662 -0.0464302972 -0.1172324717 -0.0291401707 -0.0612801239 0.0153368786 -0.3251922131 -0.6697398424 0.0573647693 -0.5783610344 -0.4402896166 -0.0378307328 -0.3757219017 -0.1125542000 -0.2652259469 -0.1419679672 -0.3492491543 0.0062822881 -0.3354960978 -0.1364135593 -0.7234551907 0.0752655566 -0.1598089188 0.1813379079 -0.0549379885 -0.0865526423 -0.3660212159 0.0008682400 -0.0458887778 -0.0686520487 -0.3313508034 0.0571017526 -0.0047904029 0.0662717968 0.1954435110 -0.1456017792 0.0088356975 -0.8520519137 -0.0179719925 -0.1817958504 0.0447941050 -0.0741668344 -0.1555961370 -0.5419296622 -0.8978963494 0.0362784415 -0.0328504629 -0.0895975828 -0.0396754146 -0.0120606720 -0.0791041330 0.0501143634 -0.0709315687 0.0464024805 -0.3900995255 -0.4638435543 -0.3289040029 -0.3180403411 0.0356952474 0.0466867834 -0.0006861016 -0.2157389522 -0.0353243724 -0.1992511302 0.0287402719 0.1325860322 -0.5586179495 0.0614850819 0.0088938326 0.0018752888 -0.0747946128 -0.0038788267 -0.0706147999 -0.3849168718 -0.8438693285 0.0488342345 -0.0646661595 -0.1334573776 0.1585096419 0.0145300478 -0.2375222296 -0.0146559402 -0.0813888162 0.0507955402 -0.1055555642 0.1148997247 0.0351012871 -0.2536256313 0.0216241889
-0.1309756786 0.0844300091 0.3971849084 0.0178600848 -0.1658368409 0.2425937802 0.3618905246 -0.0572124012 -0.0001439888 -0.5016867518 -0.1021063998 -0.6150959730 -0.4868343771 -0.2370114625 -0.3524141610 -0.1640968472 0.0528431237 0.3646348417 -0.0379147008 0.4394927025 -0.1967670023 -0.2065853179 0.4583537877 -0.0387647450 -0.0462438539 -0.2374162078 -0.4456443787 0.5902975798 -0.3967989087 -0.4959385097 -0.0109268473 0.0520294048 0.0165258385 -0.1711448431 -0.1201439649 0.3414832354 0.0752892941 0.3017563522 0.1295225024 0.0312146358 -0.1800141484 0.0329962373 -0.2258517444 0.0233080108 -0.0768448412 0.2585605681 -0.5077396035 -0.2001205534 -0.6019358635 -0.6556701660 -0.2583762705 -0.8974880576 0.1365780383 0.4447139800 0.0505874120 -0.5479785204 0.1439116001 -0.1818978190 0.2223452181 -0.3161443472 -0.4059780538 -0.1208800748 0.0902566314 0.0425291732 -0.4807371497 -0.2680766284 -0.0419550464 0.0084937029 -0.0409561396 -0.2005623877 -0.3466395736 -0.0104044378 -0.5168418884 0.2469342351 -0.1943735480 -0.3396787643 0.0353465006 -0.1322132200 -0.3390556574 0.0884056464 -0.4761479497 0.1075577363 0.0527762771 0.0233282521 0.3139785528 -0.3141150177 -0.5369332433 0.2591277659 0.0826617330 0.0510944948 -0.4801062942 0.0995592400 0.6690699458 -0.0416223370 -0.6910699010 0.6876958609 -0.1170482934 -0.1894392818 0.0474057272 -0.0505228788 -0.3460407555 0.0977521986 -0.2816516757 -0.1817035824 0.1750366688 0.1257526428 -0.0344795883 -0.9361530542 -0.8524271846 -0.1307026148 0.2285391539 0.2783178389 -0.0274179559 0.3113794327 -0.2423515618 -0.3979977369 -0.0747959614 0.2826344669 -0.6274945736 -0.0992525816 0.1952675730 0.1327937245 -0.5937290788 -0.2847917378 -0.2014258504 -0.4451245368 -0.1321301758 0.1932589561 0.7842146754 0.0762589127 -0.7623595595 -0.0056216824 -0.0029185978 -0.0760438666 -0.2056232840 -0.1787138283 0.0373607874 0.1635286659 0.5424275398 0.0136985704 0.0021129921 0.7149097323 0.0979076549 0.0693821982 -0.2298005819 0.0115626669 -0.4368540049 -0.0278352145 0.0149125196 -0.3986225724 0.0322401784 -0.1716547012 -0.2791798711 -0.6575074196 0.2358497083 -0.2285535783 0.2594278157 -0.0692324638 -0.2153792232 -0.2428739220 -0.2624206841 -0.7459267378 0.2608677447 0.3994387388 0.0145008797 0.0721340850 0.1796174198 0.3474937677 -0.2251679897 0.0740862340 -0.0032679213 0.1034080610 -0.0332692564 -0.9871897101 -0.9366181493 0.0448539183 0.2193749845 -0.2829372883 -0.0773235857 -0.4765761495 0.1448848993 0.0727804676 0.5302670002 0.2222134769 -0.4450037479 0.0846945718 -0.4056275487 -0.2370851785 0.0925972983 -0.0440441146 -0.1452282071 -0.3005307019 0.2544222176 -0.2405615747 -0.9216228127 0.0781131014 0.4761946201 -0.0513072647 -0.7574815750 -0.0208903849 -0.2662961185 -0.5146384835 -0.0080616679 -0.2066378891 -0.3735660911 0.1857690066 0.1471954733 0.0694159418 -0.0180368423 0.1340982169 0.1454506218 0.1177800298 0.1827571541 0.0008387417 0.1668248624 0.1846569479 0.3087860942 0.0257251952 -0.0555681698 -0.0097235246 0.2408577353 -0.2893005610 0.1223131269 -0.0444218144 0.0233415365 0.7077477574 -0.1864857376 -0.0275261253 -0.1042205468 0.3053665459 -0.1519715339 -0.1376800090 -0.1755472422 0.3902721405 0.1083445400 -0.1640155762 0.0265816450 0.1684647053 -0.4356163740 0.2608599663 -0.0923828408 -0.1654178947 -0.3157835901 -0.0838383585 0.0059897997 0.6931003928 -0.4857724607 0.2307672799 -0.0191510245 0.3064274490 0.0519929230 -0.1801643670 -0.6868056655 0.0717839226 -0.3045044243 0.0851880014
0.0284219533 -0.0088652447 -0.0310571343 0.0455545597 0.0356418677 0.0317167789 0.0069059879 0.0312217027 -0.0477481633 -0.0276680663 -0.0222527757 0.0375498906 -0.0151436627 -0.0425460860 -0.0783025920 -0.0221448094 -0.0022306591 0.0468172431 -0.0189487487 -0.0560096428 -0.0050769337 -0.0680613592 -0.0525117442 -0.0215069130 0.0285508037 -0.0373890474 0.0081990073 -0.0357404575 -0.0594747886 -0.0064276978 -0.0679138154 0.0315167680 -0.0489500910 0.0176151767 -0.0463580713 0.0523339659 -0.0222313479 0.0368655883 0.0006142631 -0.0607021227 -0.0617718846 0.0376212001 -0.0405786112 0.0123465052 -0.0388643071 -0.0466871187 -0.0455114357 -0.0449641533 -0.0226985049 -0.0302331001 -0.0372567847 0.0139226578 0.0559654683 -0.0511810929 0.0063057775 -0.0453712493 -0.0438213982 -0.0605691299 0.0437990874 -0.0353402309 -0.0399416722 0.0033962978 -0.0430503115 -0.0422809869 -0.0027618879 -0.0121881142 -0.0558295324 -0.0257980451 0.0088072820 -0.0263546035 -0.0519871488 0.0368825495 0.0292810351 0.0011507412 -0.0258370936 0.0086479438 -0.0314001031 -0.0616116971 -0.0315493271 -0.0451122969 -0.0266092010 0.0262730364 -0.0505303741 0.0416759774 0.0290682688 0.0172513053 -0.0116867553 0.0231483132 0.0508628190 -0.0588088296 -0.0432339385 -0.0245671719 -0.0610172153 0.0077668782 0.0125125349 -0.0580053404 -0.0000386253 0.0050346535 0.0350746438 -0.0389343053 0.0020126998 -0.0611803159 -0.0647474974 -0.0067042485 0.0229898207 -0.0585462935 0.0230700523 0.0048768669 -0.0202331226 -0.0662622377 0.0011269922 -0.0289236605 0.0280535072 -0.0067236573 -0.0647802949 0.0146120265 -0.0703826696 0.0178221092 -0.0166910365 -0.0170877948 -0.0224272348 -0.0392473117 -0.0642566830 -0.0613478571 0.0547321886 0.0116060656 0.0082254931 -0.0326455347 -0.0363565683 0.0252577141 0.0355537236 -0.0208835602 0.0300586596 0.0129022188 -0.0149158798 -0.0210272297 0.0279131159 0.0141370669 0.0358253606 0.0414162129 0.0365757868 0.0162096098 -0.0147125153 0.0375635996 -0.0165354311 -0.0455062389 0.0270564184 0.0368240625 0.0192454159 0.0299420208 0.0312999673 -0.0402699485 0.0421372652 0.0511942580 -0.0148314023 -0.0502414480 -0.0400978699 0.0429499373 0.0266247522 0.0123112947 -0.0511796996 -0.0297104213 -0.0486846939 -0.0292677581 0.0274953768 -0.0592927188 -0.0686646849 -0.0181438103 0.0097340718 -0.0402949564 0.0443158299 -0.0430838987 -0.0509432703 0.0268738531 -0.0175110400 -0.0367677808 -0.0159569141 0.0317042693 0.0532491803 0.0116995983 0.0182608217 0.0263298675 0.0094434023 -0.0188032091 0.0026834065 -0.0033234656 -0.0264934823 -0.0054406621 -0.0068201828 -0.0447868779 0.0136118308 -0.0449441187 -0.0040997714 0.0229295921 -0.0599911213 -0.0394423082 -0.0047312914 0.0154988384 0.0028483642 -0.0396012738 -0.0536704920 0.0457617119 -0.0641971081 -0.0457299724 0.0256971046 -0.0414009467 0.0349287912 0.0597769916 0.0306314602 0.0172427297 -0.0192949492 0.0291436687 0.0053004473 -0.0225661565 -0.0378415771 -0.0130741969 0.0228122994 -0.0620412752 -0.0307072923 0.0336290598 0.0302553307 -0.0204499736 -0.0168734342 0.0411288738 0.0141796619 0.0418923944 0.0310583785 0.0329366475 -0.0530385599 0.0504977778 0.0186835900 -0.0412019528 0.0089286175 0.0464222133 -0.0085525326 0.0010780022 -0.0405054688 -0.0547001958 -0.0095771039 0.0408424996 0.0600309893 0.0074431300 0.0296854302 -0.0428600982 0.0378896594 0.0213093571 0.0426808968 -0.0369624868 0.0087531805 -0.0584705248 -0.0405404419 -0.0014984459 0.0080764331 -0.0223242790 -0.0370147452 -0.0647919104
-0.1087056249 -0.0979414135 0.0029694289 0.0281455945 0.0934076086 -0.3992222250 -0.0606594607 -0.2820953429 -0.0034878668 -1.1225740910 -0.5660765171 0.2600584626 -0.0105788093 0.2935411334 -0.0544414856 -0.0408319235 -0.3742690682 -0.0365191102 -0.3469723463 -0.0753821284 -0.2229594290 0.0200171601 0.1605255604 0.0007606521 0.2119423449 -0.1493703276 -0.4177480638 0.1982883811 0.2008129507 0.0093087796 -0.2557107210 0.0392433107 -0.6784845591 -0.2482941151 -0.6615677476 0.0444891453 -0.1224245504 -0.0644530877 -0.4356759787 0.1923297942 -0.3982301950 -0.0171517059 -0.8572445512 -0.0822671205 0.0681014955 -0.1022352576 -0.5486764908 -0.1852520108 -0.2748790681 0.0455870777 0.0455492586 0.0620287545 -0.0411076546 -0.4032367170 0.0842882320 0.0518480316 0.3777645230 -0.0232821926 0.0626845583 0.0744495541 -0.4498708546 -0.0882384330 -0.0801245794 -0.0312611572 -0.3955148757 0.4373567104 0.4885930121 -0.4492780566 0.0016622916 0.0234421641 0.1363507956 -0.0318379402 -0.4837068617 0.2866074741 -0.4923172891 -0.4505593479 -0.4797315896 -0.4554012120 -0.1818974167 -0.1768555343 0.0123690553 -0.0472615436 -0.0397443995 -0.0136383772 -0.1925193965 0.0401334614 0.3305464089 0.0283624902 0.0052577239 -0.4029820859 -0.0236539487 -0.2461586297 -0.1307304651 0.1818665415 0.0237953663 -0.4173356891 0.2225056142 0.1683682203 0.0077028573 -0.0056669526 -0.2228806168 -0.1110284030 -0.7168297768 -0.2044334859 -0.1196139529 -0.1087250262 0.2754667997 0.0383669473 0.2139478177 -0.0532349646 -0.4288659692 -0.4093801975 0.2678796947 -0.2569951415 -0.4463244081 -0.0244481415 -0.3582276404 -0.3919646144 -0.0043348493 0.0375271812 -0.3226394951 -0.4016716182 0.1608793139 -0.2911032140 0.2355197668 0.2690524161 -0.0591061674 -0.8308887482 -0.1684812307 -0.0222194716 -0.3627284169 -0.0297797918 -0.0612950325 -0.2474260628 0.1229683980 -0.3829421699 0.0419510826 0.2505801320 0.4237084091 0.0288103968 0.0261776224 -0.2187599242 0.0844923705 0.0153441122 0.2344385087 -0.2771216333 -0.3240100443 0.0425714627 -0.4255319834 0.0539254770 -0.4303347468 -0.0097655952 0.2382155955 -0.4515247941 -0.0078945337 0.1512120962 0.1870154589 0.3724216223 -0.1338748783 0.1104460061 0.0669382289 -0.4273820221 0.3561615348 -0.0346649848 -0.3694542050 0.0209872946 -0.4053669572 0.0336864330 0.0448171943 0.1392468810 -0.0897248685 -0.0351672471 -0.0047451705 -0.3006601334 -0.1647168398 0.0468706787 -0.1327564269 0.3656567335 0.0234590992 0.2654396594 -0.0002199399 -0.2202264518 -0.3047957420 -0.0569393784 -0.1103130057 -0.0244331155 -0.1309036911 -0.2003136128 -0.4421648979 -0.6843145490 -0.1974600554 -0.2315244377 0.4112178683 -0.3194206953 -0.2351590693 0.1276384443 0.2553690076 -0.2157296538 0.2641118169 -0.0225833952 -0.0820297077 -0.0337302238 -0.8117288351 0.1095958352 -1.0350642204 -0.0788956061 -0.3600701094 -0.0158975422 -0.1345623732 0.0605053082 -0.2853605747 -0.1077848077 0.0064516324 0.2620814741 -0.5419089794 -0.0404973030 -0.0493052676 -0.2704025507 0.0303538237 -0.7733839750 0.1427021325 -0.5270737410 0.1649175882 -0.4019866884 -0.4324297607 -0.0591177791 -0.0308136940 0.0458973199 -0.3354973495 0.0557567552 -1.1168613434 0.0284842048 -0.2719576061 -0.3616286516 -0.1326303929 -0.0006060079 0.0151615888 -0.6288655996 0.0675595328 -0.0508485362 -0.7328662276 -0.5314540863 -0.0588079914 -0.8192667365 0.3918923736 0.0137356734 0.0261520818 -0.4358929694 0.0217346624 -0.0996342823 0.2705934644 -0.5961033106 -0.0933253318 -0.0461659431 -0.4735455513 -0.0933058187
0.4498827755 -1.3366122246 0.2022287846 -0.0292209797 0.0563935563 -0.1413377821 -0.2821497917 -0.0177965183 -0.0705682933 -0.4150186777 -0.0860265493 -1.7107403278 -0.0533550121 0.5287927985 -0.7919505239 -0.4577991366 -0.2721056044 -0.4021549821 -0.2863267064 0.1836329699 0.2106405348 -0.0793123990 0.0721648932 0.0059451088 0.0153435441 0.6123648286 0.1596035063 -0.5172532201 -0.9194782376 0.8830390573 0.5973232388 0.5704249144 -0.9218249321 -0.6216942072 -0.6670231223 -0.2313156724 0.8015706539 0.1965443790 -0.3856381774 0.9458749294 -0.2468213588 -0.0038219094 -0.3066647351 0.1852080524 -0.5552535653 -0.6180443168 -0.9239550829 -0.0321325213 -0.7718450427 -0.5999494195 -0.1713174880 0.2838656008 -0.0207311735 -0.2888405919 -0.0929504782 0.5827485323 0.0624495521 0.0644797683 0.4542315900 -0.9449986219 0.2230988294 0.5596909523 -0.1366048753 -0.0085481275 0.7896913290 0.1766938269 -0.1237335727 -2.5644767284 0.5811330080 -0.4866336584 0.5459513664 0.0342049301 -0.2005147338 -0.3773881793 -0.5675808787 0.0416232906 -0.7671780586 -1.3054652214 -2.1741321087 -1.0575679541 -0.7128475308 -0.3452309966 -0.0594976470 -0.0225287527 0.3280351758 0.6040090322 -0.3498997986 0.1618217081 0.5352586508 0.1128998101 -0.8813643456 0.5908886194 0.3312367499 -0.2707814872 -0.2254154682 -0.2705449760 -0.1939955056 -0.0352576189 0.0344964117 -0.1898741871 0.6514356732 -0.0344752893 -1.0310163498 -0.1389213353 0.0824972615 -0.1460005343 -0.1629416347 0.1663758457 -0.0590882488 0.5276340842 0.1501044184 -0.3357795477 0.2605630457 -0.3131901920 0.0540288761 0.1762535721 -0.7426894903 -1.0159087181 -0.0922784060 -0.2866906524 0.2855592370 0.2603152692 -0.1416462958 -0.1409551203 -0.0661655292 0.1348138303 0.5866522193 -0.0000264640 -0.2070974410 -0.2083150297 -0.2515251935 -0.2061392218 -0.5205368996 -0.7273651361 -1.0744811296 -0.1356884986 -0.0618145540 -0.0507327467 0.0588493273 0.0596772805 0.0129873306 0.1599262208 0.1659546942 -0.3437942266 0.1681730747 -0.0066270134 0.0634225607 0.8847301602 -1.2810248137 -0.0355258510 -0.3405273259 -0.1912349612 0.0510265082 0.1300140172 1.0782202482 -0.0228548907 0.2174551636 -0.1075531542 -0.2463264018 -0.2064100802 -0.3055400848 -0.0879480839 0.7155674696 -0.0408477969 -0.0087799532 0.3686628044 -0.1070050076 -0.1484086365 -0.1156425625 -0.0256665889 0.1356762648 0.3664597273 -0.0092963651 0.2166281343 -1.1057935953 -0.0273337364 0.2382263690 -0.1742639095 -0.4394355118 1.3133842945 -0.7903707623 -0.1443281323 0.0740566850 -0.2882437706 -1.3607139587 -0.1420011371 -0.4337183833 0.1676781625 0.3797284961 0.2979642749 0.1901218444 -0.1635229886 0.5031116605 0.0147409150 0.4267713726 0.3720702529 0.8642407060 -0.7905732989 0.0354108550 0.0137763172 0.2491272092 -0.0170415379 -2.4297535419 -0.0567695275 -0.0253228676 -0.0370060280 -1.8431938887 0.5511679053 -0.5074211955 0.0806347281 0.0460432060 -0.1156911999 0.3083673716 0.2052624077 -1.3014254570 0.2460165769 0.6311294436 0.0228941049 -0.0602305308 -0.5476158857 0.1176084056 -0.0525670871 0.0813326389 -0.3353840113 -0.7856203318 -0.0563386381 -0.0062675243 0.0576559231 -0.0134887742 -0.0504027121 -1.4018183947 0.3195931613 0.0300220214 -0.3254780471 0.3307543993 -0.7905917168 0.0280065611 0.0591015182 -0.7644948363 0.2921654284 0.1604476124 -0.2554495335 0.0850925669 -0.2368401438 0.8189864755 -0.0944787115 -0.6467204690 0.9198608398 0.0182002038 -0.3004103303 0.8946551681 -0.1733902246 0.4672054350 -0.1376028955 -0.8588971496 0.3487570584
-0.0745939463 -0.0591903850 -0.0142825022 -0.0124391811 -0.0383222550 -0.0502462387 -0.0120142438 -0.0436765403 0.0096538821 -0.0546632446 -0.0765767992 0.0164256580 0.0529417582 -0.0730106458 -0.0427108631 -0.0642805621 0.0157193374 -0.0336861014 -0.0377995037 -0.0450594425 0.0149474693 -0.0375353247 -0.0574186109 0.0362064689 -0.0538283698 -0.0879223421 -0.0406392813 0.0562229007 -0.0308300108 -0.0130846128 -0.0284568481 -0.0278449990 -0.0561069325 -0.0830078572 -0.0851132944 0.0390166566 -0.0497113317 0.0337393209 0.0473499522 -0.0093885083 0.0460911244 0.0224908739 -0.0597087778 0.0045269039 -0.0637073815 -0.0977895558 -0.0164465066 0.0351776518 -0.0506144762 -0.0514574535 -0.0076797195 0.0172393750 -0.0384557098 -0.0225452334 0.0427852906 -0.0223254412 -0.0873791352 0.0401660204 -0.0691367164 -0.0478924364 -0.0333685800 0.0179466289 0.0089804009 -0.0107545052 0.0068503823 -0.0109356008 -0.0153029254 -0.0194241032 0.0265770108 -0.0502338260 -0.0038121061 0.0016603842 0.0169392359 -0.0264203269 0.0611378103 0.0325922035 -0.0020983927 0.0041745296 -0.0123928832 -0.0465533175 0.0141200665 -0.0031084493 -0.0096440017 0.0209987387 0.0222306103 0.0508899614 0.0116407881 0.0240582898 -0.0399755165 0.0338830464 0.0366489813 -0.0322054513 -0.0166170448 0.0458486229 -0.0077828094 -0.0381736569 -0.0483592860 0.0433659256 0.0326966867 0.0221191421 -0.0592161566 -0.0782962814 -0.0602683984 -0.0112839630 -0.0134393796 0.0228016451 -0.0007463075 -0.1026846543 -0.0526191816 -0.0605835728 0.0177442245 -0.0578015149 -0.0024392721 -0.0199071150 -0.1051604524 -0.0516635887 -0.0933953449 -0.0033286081 -0.0702274218 -0.0089194924 0.0275136512 -0.0229691807 0.0032246276 0.0284457449 0.0234530028 -0.0073103230 -0.1011137962 -0.0723883137 0.0528849848 0.0196728781 -0.0105641950 -0.0438982770 -0.0029636919 -0.0579448827 -0.0952884257 -0.0881173536 -0.0067402422 -0.0298460107 -0.0399049260 0.0482611954 -0.0366683379 -0.0296820272 0.0272818618 0.0670647398 -0.0521448404 -0.0000789403 0.0175705235 0.0086314222 0.0311458986 -0.0826777145 -0.0926100090 0.0351787433 0.0280596707 -0.0143329641 -0.0736996531 -0.0281711295 -0.0033391416 -0.0500350408 0.0211763140 -0.0619512536 -0.0808765143 -0.0303800907 0.0028727353 -0.0178192090 0.0033729356 0.0434747562 -0.0440138727 0.0622141585 -0.0016058907 -0.0792832300 0.0192468744 0.0349476710 0.0443597063 -0.0307247732 -0.0069138198 -0.0144910291 -0.0146834441 0.0161505193 -0.0117336661 -0.0121480478 -0.0469639152 -0.0994901210 -0.0052518910 0.0039847745 -0.1214723215 -0.0737472028 -0.0326552503 -0.0185047276 -0.0039916397 0.0611550882 -0.0357192568 -0.0670587122 0.0216377266 -0.0244311765 -0.0688796192 -0.0311858505 -0.0100709228 -0.0212475117 0.0278527848 0.0244502947 -0.0014177136 -0.0202593040 -0.0199535880 -0.0807500631 -0.0053144498 -0.0600482374 -0.0790498778 -0.0154713020 -0.0481421277 -0.0251797102 0.0020833232 -0.0316128172 -0.0609916449 -0.0113000935 0.0602399260 0.0418831035 -0.0286357701 -0.0539813526 0.0223207325 -0.0695422292 0.0090413066 0.0587449148 0.0469881296 -0.0094289463 -0.0893997997 0.0058285422 0.0237420574 0.0549699515 0.0492759459 -0.0121452957 0.0281924717 0.0119886938 -0.0622677729 -0.0030340229 -0.0395525731 0.0209979862 0.0359916165 -0.0530118905 -0.0119247884 -0.0522844866 -0.0522959419 0.0279599167 -0.0364108384 0.0420039408 -0.0175979659 -0.0110124880 0.0436264947 0.0339938626 0.0051601976 0.0272859558 -0.0225642100 0.0160783622 0.0142843910 0.0065486282 -0.0589845851 -0.0364181176
0.0146797933 -0.0409270860 -0.0175793823 0.0229525995 -0.0771957934 0.0076665501 -0.0593443029 0.0264145229 -0.0266519487 -0.0010097323 0.0229904726 0.0165255312 -0.0382421128 -0.0508505441 0.0064237467 -0.0414189510 -0.0529266112 -0.0277321506 -0.0563306510 -0.0121062733 0.0382963233 -0.0698319599 -0.0283723567 0.0319040045 0.0172932874 -0.0443353578 0.0118146446 -0.0345507450 -0.0378661789 -0.0071068965 0.0485902503 -0.0612778701 -0.0904100612 -0.0508750007 0.0301771499 -0.0583828315 -0.0279121026 0.0466305129 -0.0416987501 -0.0557160974 0.0362280011 0.0545147061 -0.0004365226 -0.0491396934 -0.0324979387 -0.0255724918 0.0010636401 -0.0455825180 -0.0045679356 -0.0488057807 0.0189260039 -0.0302797463 -0.0446350500 -0.0090627316 -0.0550848432 0.0079414295 0.0261225849 -0.0257591084 -0.0171914641 -0.0128325569 -0.0117094852 -0.0711117759 0.0474767610 0.0040542362 -0.0309582986 -0.0525983535 0.0371116325 -0.0098697143 0.0413593277 0.0315859318 -0.0112473611 -0.0497092232 -0.0705486462 0.0192998797 -0.0381424055 -0.0538418889 -0.0238848571 -0.0604316555 -0.0498158596 -0.0192090198 -0.0684170499 0.0125278663 -0.0150823221 -0.0031441078 -0.0680663064 0.0452660322 0.0180194620 0.0243308973 -0.0148661453 0.0192977395 0.0474702269 -0.0232961345 -0.0718161240 0.0207810905 0.0414823145 0.0198255796 0.0121649122 -0.0188246742 -0.0402842239 -0.0584268868 -0.0316332467 0.0472298227 0.0061289952 -0.0424153209 0.0434508212 -0.0149512012 -0.0606428310 -0.0447594039 -0.0215736572 0.0342751890 -0.0567484573 -0.0365555957 -0.0052383509 -0.0078702699 -0.0012535696 0.0051704096 -0.0775627494 0.0142168626 0.0217551924 0.0261560306 -0.0589502491 -0.0465410799 0.0152277686 -0.0009521166 -0.0302548856 -0.0675091818 -0.0541147329 -0.0481591634 -0.0036752694 0.0244894568 -0.0625413880 -0.0438867249 0.0501276106 0.0053326823 -0.0307630654 0.0137250535 -0.0050079152 -0.0616276264 0.0129067693 0.0607718974 0.0002703071 -0.0220778678 -0.0440880321 0.0509812124 0.0565500371 -0.0061292825 -0.0389571786 0.0258546509 -0.0065645529 -0.0191015545 -0.0779673010 0.0176943280 -0.0107507538 -0.0530753583 0.0305916127 0.0234677456 0.0060324054 0.0304241162 0.0383286439 -0.0461138859 -0.0306162909 -0.0282975547 -0.0266750436 0.0422303937 -0.0413273238 0.0079432651 -0.0150485281 0.0008141324 0.0325985700 0.0518045463 0.0033241874 0.0236161109 -0.0272968411 -0.0022932123 0.0409073457 -0.0224185809 -0.0635065436 -0.0185896829 0.0222916957 -0.0323055126 -0.0282895248 -0.0344016813 0.0079748193 -0.0313604400 -0.1115407497 0.0318472087 -0.0198583752 0.0504321307 -0.0240447689 0.0161116701 -0.0567834750 -0.0620675460 -0.0051004183 -0.0229306538 -0.0653280988 -0.1065544114 0.0116304839 0.0249405205 -0.0476114191 -0.0309575349 0.0294625703 0.0393992029 0.0132582439 -0.0096958512 -0.0488140173 0.0286590382 -0.0563344695 -0.0316665769 0.0247909315 -0.0657414719 -0.0316907205 -0.0072497660 -0.0542088524 -0.0296248216 -0.0616344362 0.0053039268 -0.0169746988 -0.0125905313 0.0391439497 0.0077791256 0.0151206991 0.0208422281 0.0218940582 -0.0182373952 0.0356634520 -0.0100734532 0.0336250141 0.0518720448 -0.0277433116 0.0501269847 0.0147820022 -0.0530987605 -0.0600967444 0.0039429138 -0.0190119650 0.0412542559 -0.0187832192 -0.0241476409 -0.0396486744 0.0392375924 0.0016368462 -0.0612265728 0.0258982405 0.0060176994 -0.0288711693 -0.1104019284 -0.0038558245 -0.0087531088 0.0543784872 -0.0293225646 0.0096528810 -0.0058007408 0.0224059969 -0.0460835919 0.0283231959 -0.0431609191
0.7715419531 -1.5948538780 0.3249768317 -0.1710999459 0.1857319772 -0.6836671233 -0.1131715104 -1.2398090363 -0.2169306278 -1.3028727770 -0.4109057486 0.3317571580 0.0566668510 -0.1778381914 0.5366650820 -0.4055444598 -0.4509849250 0.3779686093 0.5006928444 -0.0088401325 -1.2050266266 -0.0778583288 -0.5709098577 0.0386273116 0.0705528408 -0.1915264428 0.0171281267 -0.4324499071 0.0656710938 0.1014023274 -0.0069453851 -0.6612946391 0.0812191293 -0.2797341645 0.4511833787 0.2674397528 0.0377193801 -0.2010203600 -0.1521024704 -0.6298851371 0.2023090273 -0.0309363678 -0.6681666970 0.4237931073 0.1034416184 -1.4167567492 -0.1147419140 -0.2612437010 -0.2397810370 0.4171209037 -0.2280969024 -0.0678226128 -0.1253989786 -0.0542473830 0.0770459771 0.1940568388 0.3514935076 0.3524699509 -0.3989945650 0.4611087739 -0.5151562095 -0.2236111760 0.1197680309 -0.0320316330 -0.4151432514 0.6717740893 -0.8950230479 -0.2791712880 -0.1058623046 0.1789782643 0.3594413102 0.0048928857 -0.5058963299 0.1982385963 -0.8051084876 -0.3949839175 -0.3733810484 -1.7753387690 -0.3894462883 -0.6064256430 0.2718029320 0.5693520904 -0.0008273795 -0.0154895410 -0.9949538708 -0.8156105280 -1.8966783285 0.3457668722 -0.3133729696 -0.9463669062 0.3608255982 0.3125076592 -0.5613875389 -0.0729753971 0.3062146902 -0.3500476480 -0.0233143345 0.6047708392 0.0519271418 -0.1989340484 0.5934888124 0.6565730572 0.1266446114 -0.6806551218 -0.0614138395 0.4428007305 -0.2973601520 0.6274967790 -0.9954869747 -0.4177382886 -0.4896582365 -0.3300289214 -0.1247049421 0.1131770983 -0.1204571947 -0.3539181948 -0.1618205756 -2.3523955345 0.0962611809 -0.1510877311 -0.2827357054 0.5067579150 0.7545900941 -0.2961419225 -0.5070089698 0.1986510009 -0.4257186651 -0.0681132898 0.0891619548 -0.0098604839 -0.6791586876 -0.2791908085 0.7751304507 -0.3876439333 0.1969850957 0.2510772049 0.0494765639 0.2440081835 -0.2420229614 -0.0063132676 -0.0094801635 0.1917565167 0.2198843360 0.2187736183 -1.2006901503 -0.0585466698 -0.6138880849 0.7764092684 0.0289388150 0.8999176621 0.5542482138 0.1621436477 0.4680331945 -1.3314471245 0.1078377143 0.0500561893 -0.2198354900 -0.2938029468 -0.1521503180 0.4784020185 0.5106794238 -0.7933816314 0.1801900864 -0.7193971276 -0.2380206287 -0.1203200594 0.1679812670 0.3036428094 -0.1356346309 -0.0037240335 -0.7627708316 0.0939018428 0.0001867712 0.7500569820 0.1944931000 -0.0422335193 0.2262455225 0.3620996177 -0.7229835987 -0.2128450572 0.1564153880 -0.8216648102 -0.1287154108 0.2641386092 0.6085777283 -0.8425998092 -0.9777711630 -0.8932250738 0.0862659737 -0.4248098135 -0.8987116814 0.2418056726 -0.1995113790 1.2785196304 -0.4593382776 -0.5207161903 -0.3488053083 -0.1704297513 0.3883388340 0.0613462329 -0.1743439734 -0.1119290516 -0.3090659380 -0.0414417908 -0.2127606273 0.1688617766 -0.3498344719 0.2441250980 0.4271598458 -0.4924552739 0.5036705136 0.0762118623 -0.0954999477 0.2159001827 -0.6300484538 0.0996857882 0.0015396104 -0.9414532781 0.1724766642 -0.2877829671 -0.1912615299 0.4561183155 -0.7569158673 0.1588765979 -0.0300636366 -2.4289276600 0.5188345909 -0.0372601971 0.5224555731 -1.0459309816 0.2888608873 -0.0703728646 -0.2360977679 0.4608788788 -2.4186081886 -0.3664523661 0.0448525399 0.2228035778 0.2717624307 0.2351812720 -0.2352436930 0.1199913919 0.1203467622 0.1157936156 0.2240471393 -0.6650612354 -0.1878474057 -0.1358996183 -0.0313278139 -0.5368403196 -0.3355115652 -0.5598419905 -0.0070994152 0.2310093939 -0.0820972249 0.2315085530
0.5686446428 -2.4442057610 -0.1681361198 -0.4487313628 -0.6519659162 -0.5675268769 -0.1066126823 0.1608442366 -0.2143103629 0.0326414332 -0.0618849322 0.9263412952 -0.2516541183 -1.7782183886 -0.6205301285 -0.6037330627 -2.1801912785 0.2438108921 0.3267315328 -0.7762042284 0.2788149714 0.2580164671 -0.7847069502 0.0505924746 -0.1447983682 -0.9613400102 -0.0766696855 0.5609595180 -0.3795748353 0.3069225550 0.2876386344 -0.8984368443 0.4088652134 -0.2501614988 -0.3732066453 0.7397674918 -1.4458402395 0.0680765882 -1.5890161991 -0.9412841201 -1.4516558647 0.0059321448 -2.3531537056 -0.2099027336 0.4777736068 -0.0182783436 -0.3585212231 -0.1234770045 -0.0700272322 -0.8407998085 -0.6409255862 0.9697616100 -0.4200771749 1.3484758139 -0.1361495405 -1.4551898241 -0.7022460699 -1.1221277714 0.1077757627 1.0634694099 0.3833117187 1.1846525669 0.2594780624 -0.0511674508 -0.5393535495 -0.9854401350 0.1721746475 -0.3968142271 0.1057158858 0.0517349355 0.6714286804 0.0100091323 -1.0441195965 -0.3191638291 -0.4052926302 -0.2735062540 -0.7437987328 0.4326207638 1.0226619244 -0.1892071515 -0.0319638960 -0.8242391348 0.0289736763 -0.0552177802 -0.1744938195 -0.2345907688 0.6443785429 0.0864077210 -0.2638871074 -0.6538027525 0.8049129248 0.3749126792 -0.1924198717 0.3015439808 0.0445980504 0.6690008640 -0.9680100679 0.4101007283 0.0221973732 -0.2660219967 1.1679747105 0.8185495734 -0.2719384730 -0.4492054582 -0.1726686656 -0.3654612601 0.8826599717 0.2664757371 0.6497975588 -1.1123521328 0.1278508306 -0.8136839271 0.2712440491 0.0703979135 -1.4882779121 0.0362232365 0.1536491215 0.4173787832 0.5473766923 0.3429241478 -0.4862453640 -0.6982366443 0.6614540219 -0.7107400298 -0.7724895477 0.3441162407 -1.3947932720 0.9085137844 1.3109021187 0.4242704511 -0.9268606305 -0.9219368696 0.0789710879 -1.9125142097 0.9500785470 -0.8812104464 0.0144207031 -0.3473168612 0.7802638412 -0.0201688632 -0.0505036563 -0.1440014988 0.9729495049 0.6275247335 -0.8677203059 -0.4231272042 -0.8608525991 0.4204534590 0.1062440649 0.0921696275 -0.0652905330 -0.1636818200 -0.8484026194 0.1610628814 0.4543512464 0.0371519886 -0.6227191091 -1.0775536299 0.7874395251 0.0048257387 0.1532613784 -0.1709718257 1.0187921524 -1.0541588068 -0.0580686815 0.2468348444 0.2638404071 -0.2851299047 0.2534185350 0.2539151311 -1.7169507742 0.1945355833 -0.0031939745 0.2023999244 -1.2698463202 -0.0281606987 -0.1550882012 0.4982672036 0.3054486215 -2.1434442997 -1.9495126009 -0.4674022794 -0.1129308194 -0.3956594765 -1.4334956408 -0.0663862377 -1.0626128912 -0.8738123775 0.3309041560 0.3951220214 -0.3847392499 -1.0118938684 0.5397647023 -0.1257556826 0.3561479747 -1.0892502069 0.5587634444 -0.8280987740 0.7340922952 -0.0478290692 -0.5701238513 -0.8215577602 -0.3935645819 -0.7319399118 -0.3489286602 0.9272379279 0.8881602287 0.4654107988 -1.5230972767 -0.6222642660 -0.3981062770 0.8732636571 0.3811371326 0.1227779686 0.8951793313 0.5963707566 -0.7054404020 -0.4054555893 0.4983404279 -0.5482187271 0.3136647046 -0.3190378845 -0.6624244452 -0.3884678781 -0.3279412687 0.0448042229 -0.7706717849 0.0040069446 0.2517693341 -0.5597762465 -1.8139986992 0.4682423174 -0.6014640927 -0.5540972948 0.8173574209 -1.1020519733 0.0019286275 -1.6474303007 0.1917364746 -0.5570446253 0.4593325257 0.9207007289 -0.1212930754 -0.2117034495 -0.5404371619 -0.4928297102 0.0520353429 -0.4699063897 0.0222323462 0.2942333519 -0.1441495419 0.5684233904 -0.5035386682 -1.3861387968 0.1770132631 -0.4805771410
-0.2464056611 0.0759942755 -0.0028409436 0.0673880130 0.0863945931 -0.1955354512 -0.0748809129 -0.2740212679 0.0846235529 -0.6875010133 -0.7507635951 0.1893812567 -0.7013444901 -0.7837352157 -0.0118735516 0.0723667219 -1.4018652439 -0.0355428606 -0.1038781628 0.0726659894 0.2331861854 -0.4301089644 0.0724475384 0.0122643113 -0.9219672084 -0.5903443694 -0.8089106083 -0.4616282284 -0.3597391844 -0.1141106635 -0.8454067111 0.0693058744 -0.1900288761 0.1943029463 -0.3176606596 0.0345084444 -0.3164747953 0.1274243444 0.6938165426 0.3148566782 -1.0063959360 0.0647485778 -0.8519168496 0.0292211492 -1.2408102751 -0.2124345154 -0.4029091001 -0.3403452337 0.3639724553 -0.5982589126 -0.6808225513 0.6355116367 -0.0098915286 0.4161628485 -0.3491612375 0.0090083005 0.6801145077 0.0427751318 0.7938075662 -0.1020439342 -0.3329123259 -0.7124185562 0.0140433926 0.0568755642 -0.1453610808 -0.2187685519 0.3461400568 0.5139843822 0.3109166026 -0.0069105234 -0.3236468136 -0.0624069571 0.1812849641 -0.4908381999 0.2147990465 -0.9464980960 0.1912380755 -0.7610062957 -0.5816490650 -0.1555921137 0.1703496873 -0.0098930653 -0.0406820253 0.0531259179 0.3966095746 0.3149053156 -0.4382722676 -0.0387506150 0.1449179947 0.3316594362 -0.3196850419 -0.1718678474 0.7546537519 -0.4397973716 -0.0530266613 0.3371239007 -0.3697821498 -0.8477126956 0.0163641572 0.5972971320 -0.5861379504 0.0173726063 0.5339767933 0.4409580231 0.3549702168 0.0031303635 -0.3116606474 0.2781445086 -0.2852372229 0.1553314924 -0.9853076935 0.1641488969 -1.5617628098 -0.3559843004 -0.3178666830 0.4849424362 -0.7864343524 -0.3714784384 0.1225523651 0.0246320143 -0.3150976896 -0.1691250205 -1.3404752016 -0.1540203840 -0.1088452041 -0.5951638222 -1.6993963718 -0.3410063386 1.2385623455 0.1568866968 0.6117165685 -0.4010345936 -0.0293023214 0.2299716771 0.1016292274 -0.0427561998 0.0290473923 -0.0146883223 0.4178399444 0.0545746684 -0.0588929281 0.4130168259 -0.7400556207 -0.0676975325 -0.7123600841 -0.1054218486 -0.0486938767 -0.2283520997 -0.5525105000 0.0331400484 -0.3065789044 0.1346019059 0.2818652391 0.3588875532 -0.2053818703 -0.1213515028 0.1211967841 -0.1521374732 0.6991803050 -0.5193234086 -0.1604182869 -0.0968619809 0.2148543745 -0.0821980387 0.3212592602 -0.0078354189 -0.2502211928 -0.0494246781 -0.0088187344 0.2299201339 -0.2729811668 0.1808723062 0.0578438565 0.1898269057 0.5704843998 -0.0612970814 -0.2923894525 -0.0412439220 -0.0298675895 0.2272815257 -0.1372174323 -0.8753383160 0.0010758721 -0.0599973910 -1.3234701157 0.2665282190 -0.3870066106 0.0013073114 0.3142037094 0.5305879712 0.8307715654 0.3040390909 -0.5507202744 -1.8195861578 0.4942243993 -0.0450498089 0.2065297812 -1.7791872025 -0.1947893202 0.0422159508 -0.7865369320 -0.5573040247 -0.4481651485 -0.3237266243 -0.0482704826 -0.2668578923 0.1825560778 0.0459093899 -0.5735824108 -0.5864211321 0.1480878294 0.1596670896 -0.1160017774 -0.0685342997 0.2523480356 0.3975574374 -0.0718460083 -1.1040098667 0.0068860874 -0.5270578265 0.0037751803 -0.1947146654 0.7186648250 0.1666400880 0.7012440562 1.0195089579 -0.0281863138 0.0065142438 0.2965197265 0.0377635546 -0.4460452199 0.4266778529 0.0472757891 -0.0817387626 1.3546859026 0.0871486515 -0.0104653090 -0.4480196834 -1.0021775961 0.1479388028 -0.4645332396 -0.2271061093 -0.0307827294 0.2360593975 -0.8360865116 0.4075469673 0.0598540157 0.4298742712 0.0005485043 0.9691557288 0.2126555294 0.4227958322 -0.2906603813 0.0216261595 0.1457775980 -0.0304421280
-0.0481000170 0.0193070695 0.0375015661 0.0099618547 -0.0543295629 -0.0407746993 -0.0576413944 0.0302188918 0.0067625418 -0.0848955289 -0.0028108733 -0.0361056514 0.0335548185 0.0044751931 0.0273513552 0.0058573382 -0.0467063785 -0.0042489544 -0.0628950819 -0.0265159998 -0.0406655036 0.0316564292 0.0187365916 0.0226296857 0.0179719478 -0.0550826080 -0.0168691315 -0.0402298644 -0.0070288484 0.0322097875 -0.0428857692 -0.0119791413 -0.0017698706 0.0350288004 0.0133045241 -0.0441533253 0.0263206679 0.0231030528 0.0233195610 -0.0482979417 -0.0234992448 0.0287283063 -0.0665157363 -0.0215570088 0.0173817948 -0.0251681283 0.0008394544 -0.0143298404 -0.0751669705 0.0137783336 -0.0273633599 0.0135448165 0.0474570766 -0.0470935665 -0.0253215302 0.0134935975 -0.0723221451 0.0551895350 0.0311075952 -0.0221645664 -0.0553462915 -0.0343618616 -0.0096602039 0.0034743473 0.0191910639 -0.0496472716 0.0158930868 -0.0507728569 -0.0367177986 0.0603250340 -0.0552648045 -0.0209332258 -0.0334065631 0.0108408788 -0.0255169496 -0.0088356137 -0.0734863430 -0.0468545221 0.0438138731 0.0163124204 -0.0290191732 -0.0333907306 0.0499946997 -0.0067447573 -0.0390364528 -0.0237547085 0.0342104286 -0.0213244036 -0.0278638490 0.0031183790 0.0276719332 0.0379317254 0.0525039248 0.0422360413 0.0316380337 -0.0072472678 -0.0210151598 -0.0493810698 -0.0059949309 0.0314566493 0.0448013470 0.0238493346 -0.0332502201 0.0457796566 0.0175096504 0.0082136970 -0.0320977606 0.0437832288 -0.0157114714 0.0005655566 -0.0048975376 0.0011815879 -0.0562091172 0.0423285589 -0.0403109379 -0.0358309075 -0.0339989886 -0.0727387369 -0.0506569855 -0.0592281371 -0.0078488169 -0.0397357196 -0.0221200567 0.0466257855 -0.0534309037 -0.0132244434 0.0110945897 -0.0031902979 0.0074435547 -0.0185697302 0.0508791842 -0.0534658283 -0.0119679570 -0.0373077430 -0.0537598245 -0.0172638521 -0.0481435582 0.0404494032 0.0275795050 -0.0453866422 -0.0285992920 -0.0069572525 0.0007486430 -0.0433307104 -0.0195006654 0.0299920104 -0.0062229806 -0.0625350028 -0.0157973971 -0.0287205447 -0.0485468805 -0.0022050589 -0.0615339838 0.0374576934 -0.0632889047 0.0067433207 -0.0437611639 0.0097682923 -0.0613477305 0.0285203755 -0.0552184246 -0.0696878880 -0.0466518290 0.0393849164 -0.0583426952 0.0179473758 -0.0087872725 -0.0477876142 0.0230520666 -0.0616079904 -0.0144230258 0.0555165410 0.0036867186 0.0432912558 0.0177855026 -0.0234992653 -0.0367991552 0.0080870325 0.0238764957 -0.0833246633 -0.0384344682 -0.0247792359 -0.0236558169 -0.0514547154 0.0024972321 0.0414163880 -0.0114974286 0.0326480605 0.0230787098 0.0222644974 -0.0058498532 0.0458319448 -0.0141464025 0.0395220667 -0.0358100571 0.0227215774 -0.0683269277 -0.0053275605 -0.0251743924 0.0532360449 -0.0393893830 -0.0464586355 -0.0610876046 0.0132557554 -0.0246303435 0.0396864414 -0.0151792597 0.0325682238 -0.0243361052 -0.0399757773 0.0074453726 -0.0603498966 0.0417703241 -0.0432695746 -0.0779718310 0.0184306949 0.0356282368 -0.0197089836 -0.0265198722 0.0392233059 0.0262276251 -0.0284863915 0.0107489396 -0.0415373296 0.0187760983 -0.0543326139 0.0208392143 0.0599191263 -0.0333552770 -0.0213108584 -0.0429128930 -0.0196552593 -0.0289496761 -0.0335209221 -0.0019708406 -0.0481738672 -0.0317847803 -0.0752341896 0.0167392846 0.0438538194 -0.0227580387 0.0063103647 0.0399481729 -0.0059429435 0.0350184366 0.0142637193 -0.0570273250 -0.0659555495 0.0142576993 0.0476956926 -0.0559079237 -0.0727844238 0.0169044081 0.0172051564 -0.0812887922 0.0250359047
-0.1412466019 -0.1929279268 0.0636605844 -0.0879050717 -1.7975225449 -0.3088549674 0.6467600465 -1.8423948288 -1.5250328779 -0.2293473482 -0.6154421568 0.5086905956 0.6505067348 -0.5818714499 0.0404443629 -0.6136567593 0.3363962770 -0.9699777961 1.0547424555 -0.0275504440 -0.6714582443 -0.2293697000 0.1149793491 0.0035086051 0.7328361273 0.3272570670 -0.1480048001 -1.8017190695 -0.3123491406 0.5329790711 0.4903495908 -0.4220249057 0.3329175413 0.6548302770 -0.3061146438 0.3247133493 0.0515049808 0.9007464051 -0.5939904451 -0.1829473376 -1.8432462215 -0.0171195678 -0.8763778210 0.3711680174 0.4313342571 0.2901033461 0.3395021856 -0.5853557587 -1.7710586786 1.2937809229 -1.0820323229 -0.4074725807 -0.2895340025 -0.1507954299 -1.8882615566 -0.1855238229 0.4457360208 -0.5427263975 0.1866427511 0.3009715974 0.3465409875 -1.6731802225 -1.4853503704 -0.0318791978 -0.5896558166 -0.3730322719 -0.1455198228 -1.1473711729 -0.4948001802 -0.6347177625 0.8146380186 0.0131580904 -1.2395375967 1.2166680098 -0.5673019886 -1.1794424057 0.4306228757 -0.1014650837 -0.4563838243 -0.4307302535 0.0004733359 0.0777884573 -0.0260647908 -0.0152952299 -0.9774332047 0.3718686700 -0.8973001242 0.2634921670 0.2046976984 -1.0092536211 -0.0054673380 -1.2672410011 -0.1264280826 0.3241881132 -0.1073077545 0.2478598356 0.3334234953 0.3361702263 -0.0360743999 -0.2818046510 0.4192079008 0.3250817060 -0.5617764592 0.4290983677 -0.3182033896 -1.6216375828 -0.7969774604 0.3954910636 -0.5465680957 -1.2065538168 0.1285305172 0.3568675816 1.7062309980 -1.3075410128 -0.4435435236 1.1448749304 -0.0540388189 0.3962164223 0.1765065193 0.1880540699 -0.0765424222 1.2725726366 -0.0175016169 -0.2981879711 0.1016457900 0.8664331436 -1.0889971256 -0.1273831874 0.9073017836 0.6107168198 0.9492729902 -0.4903880954 1.0390404463 -0.2349244654 0.8086896539 0.2661117315 -0.0167111456 -0.0279412884 0.4417932928 -0.0326756686 -0.0427173749 -0.6077165604 1.2697670460 0.4103485346 0.1369061917 -0.0284889117 -0.2104390860 0.6425383091 0.2993719876 0.4667991102 -1.7749673128 -0.6175260544 -0.0883262604 0.2072751969 1.2575159073 0.6018155217 0.4946005642 1.0993928909 -1.5961207151 0.7837539911 -0.3378189206 -0.2892908454 0.5913362503 -0.4277443290 -0.5154381990 -0.3982609510 0.4278881252 -0.1241498813 -0.6129460335 0.0266695246 -1.1539384127 -0.4930157959 0.0363845155 -0.4801609516 0.1077417284 -0.0506598651 -0.3791248500 -0.6389114857 -0.4735284448 0.6245479584 0.3597567081 -0.1919626892 0.4780636132 -1.5450671911 -0.0489918962 -0.4850337803 -0.7818507552 -0.7152824402 0.9663258195 0.3428995013 0.1869715303 -0.6838918328 -0.3829813600 -0.1594666094 -0.5454501510 0.5825170875 0.3089797497 -0.4799812436 0.2269645631 -0.0458073840 -0.2642958462 -1.4017574787 -1.0846047401 -0.8519566655 -1.1842736006 -0.6220318079 0.0942189172 -0.1443267316 -1.0133581161 0.0611446686 0.0592848808 1.2509089708 0.2863024771 -0.1885791719 -0.0718679875 -0.5264882445 -0.7380208373 -1.3478577137 -0.1123025864 -0.1662649959 1.0384880304 0.0691191480 -0.0478306562 -0.7368405461 0.6686655879 -0.3817533851 0.3987967670 0.0403528959 0.0657001585 0.0465893485 -1.5105230808 0.4469894469 0.5807647109 0.5660860538 0.4859787822 -0.4383168519 -0.0361995026 -1.5917608738 0.5324257612 -0.0414111018 0.3660050333 -0.6805106401 -0.2064640671 0.0870217979 -0.7853439450 0.6532880664 -0.9191653728 0.5770219564 -0.0153353214 0.3812235594 -0.8447152972 -0.1457342356 -0.3355985582 0.3712316751 -0.6743202806 0.4052703381
-0.5148297548 -1.0052831173 0.0283559840 0.2152309567 -0.3285976350 -0.7399110198 0.3009756207 0.0997546837 -1.3123623133 -0.4389188588 -0.2056035101 0.0626691058 0.2180332989 -0.2205402702 -0.5966340303 -1.0800508261 -0.3906081915 0.0427466854 1.0241845846 0.3778558969 -0.3944972754 0.2597604096 0.3170172274 0.0430696234 -0.7265231609 0.4469844401 -0.3711407781 0.7468425632 0.1702957451 -0.5998359323 0.0634451210 0.6405811310 -0.0477398112 -0.6649648547 -0.9196586013 -0.0347409099 0.7888487577 -0.0085496018 -0.6448352933 -0.2615070343 -1.0345475674 0.0515602902 -1.5741553307 -0.4619935155 0.2933711410 -0.0883276984 -1.0663313866 0.2463913262 1.0242184401 0.5759376884 -0.2597781420 0.0089258822 0.0607570112 -0.8867008686 0.0409460999 -0.0274409503 0.0098844422 0.0308684558 -0.7160650492 -0.0728696659 -0.5325882435 -0.0325944200 -0.7289845347 -0.0001477207 -0.6092480421 -0.4426697791 0.5136934519 -0.3540335596 -0.2214822322 0.0149553614 -0.2167979926 0.0526604652 -0.6871684790 0.1705836952 -0.7202768922 -0.2918005288 -0.6413025856 -0.5333143473 0.1547985822 -1.2151252031 0.2185768187 -1.2705385685 0.0343859419 -0.0568731651 0.5237919688 0.8076192737 -0.0394534953 -0.0472171195 -0.0077671264 0.3011282384 0.4339925051 -0.5804625750 0.1333064288 -0.8214668036 -0.0470070168 0.4939723909 -0.9305424094 0.2470436245 -0.0248620287 -0.3170504868 -0.0050042765 0.1757051647 0.2057558745 -0.4519550204 -0.2516366541 0.1858622879 -0.7856702209 -0.0074903797 0.6393541694 -0.2777087092 -0.4988274872 -0.0716615543 0.6087829471 -0.4170587957 -0.1562154442 -0.0081753610 0.1355429888 0.0085303169 -0.8792254925 -0.0152819976 -0.5220434070 0.4109469950 0.5810722113 0.4280377924 -0.2708472013 0.0517688170 0.1928026378 -0.2429646850 1.2272591591 -0.0076607470 -0.1933837235 0.7183220983 0.0162760541 -0.6256977916 0.4658664167 -0.9019005895 0.0614079908 -0.3704563975 -0.2860959470 0.0623375922 0.0178800523 -0.5358945727 0.5049124956 0.7234732509 0.4614364505 -0.9367505908 -0.6688888669 0.0003183449 0.4940497577 0.0302895755 0.0802956372 -0.2542665303 0.1275433153 -0.9878702760 0.6530351639 -0.5728080273 0.7661195993 -0.6438860893 -0.2020230889 0.3985711634 -0.5684830546 -0.1356956810 -0.5007129312 -0.3919824660 -0.7832683325 0.0053327233 0.7468866110 -0.0866324604 0.0330487639 0.5594615936 -0.6313189268 -0.0901596248 -0.0166798681 -0.4570991397 -1.5014492273 -0.0090506747 0.0415323973 0.7524676323 0.0401134565 -0.4661470354 -1.1153923273 0.0360561199 -0.1632101983 -0.6373128295 0.3964768946 0.2558624446 0.1690916568 -0.3321319520 -0.4196902514 1.1399801970 0.3847460747 -1.2069787979 -0.9274723530 -1.1559581757 0.1628620923 0.2787420750 0.0884382203 -0.6061120629 0.3331368864 -0.0013026074 0.5728043318 -0.0468414277 -0.0562646464 0.1767828166 -1.5906631947 -0.9526982307 -0.5326756239 -0.0173953101 -0.1852565855 -0.8656973243 -0.7897171974 -0.8852937818 0.0365059339 -0.0893725902 -1.1960059404 -0.8992782235 0.8187453747 -0.4463996589 -0.0201182049 -0.7419367433 -0.0251212828 -0.5868425965 -0.9726645350 -1.1071829796 -0.9475273490 -0.1099221557 0.0198658258 0.0081437901 -0.6539707184 -0.0505572259 0.4858539104 -0.4968234897 0.0106126945 0.0311298724 0.0251424201 -0.0313304588 0.0375449508 -1.2063876390 0.5974563360 0.1931587458 -1.0484061241 -0.9401223063 -0.0537256151 0.1392405033 -0.9346874356 0.0801131576 0.0147570670 -0.5078535676 -0.0281063467 -0.3784897029 0.9548733830 -0.8756905198 -0.6209279299 -0.0113036456 -1.0156574249 -0.2121239007
-0.0260509718 -0.7780931592 -0.2357878089 -0.6860390306 0.3939575851 -1.0549930334 -1.3162908554 -0.2964647114 -0.3923590779 -0.7886034846 0.0299112275 0.1098422855 -0.4703256786 0.2381277531 -0.1009060219 0.3897528350 -1.1327420473 0.0387527272 -0.0661775544 -0.6584502459 0.2191974372 -0.0733717978 -0.2244665772 0.0533542782 0.6162778735 0.3196290433 -0.6486813426 0.0481572933 -0.3256756961 0.1133149564 -0.6453505754 -0.5280207396 -0.5271620750 -0.3350294828 -0.2974693179 -0.0086556375 -1.0413259268 -0.4187541008 -0.5694906712 -0.1042482108 0.0526537634 0.0353060737 -1.1916025877 -0.6629560590 -0.7617236376 -0.0350336693 -0.0501912422 -0.3200539052 0.0320208743 0.1440480947 0.2724071443 0.0268528424 -0.1506598741 -0.0592946038 0.9021265507 0.0786656961 0.3622793555 -0.0211234391 0.3643280864 0.0618423074 -0.8333739638 -0.8951067328 0.0595097616 -0.0172457751 -0.2954315543 -0.1930353194 0.6511015892 -0.0082732681 0.2987247407 -0.3068670928 -0.0961370468 0.0277877972 0.2444594055 0.4700792432 -0.0756249875 -0.3241395652 0.1936668456 -0.0680958480 -0.7212241888 0.0549816042 -0.0877187848 -0.3917232454 0.0272901431 -0.0140737668 0.5755162835 -0.5117450953 -0.1021884456 0.0582481399 -0.4463074207 0.1415460259 0.5386714935 -0.1681063771 -0.3042542338 0.0223274734 0.0271550417 0.0166827850 0.5004166365 0.0972795114 -0.0059553906 -0.0929163918 0.3572597504 0.3558196127 0.0613438487 -0.6619479656 -0.4585918486 -0.0473342463 -0.6177639961 0.3807135224 -0.0701478124 0.1903184205 -1.1443094015 -0.3255957365 0.9138725400 -0.3560856581 -0.0351692922 0.1531023979 0.0536892600 -0.9322544932 -0.0504456609 -0.0019626655 -0.7753202915 0.7132108808 -0.2173371613 -0.3652426004 -0.7353334427 -0.3250947595 -0.8643563390 -0.8912460208 -0.4589403272 -0.8332051635 -0.3727169633 -0.3788861334 0.0444768220 -0.5295978785 0.8893060088 0.5753800869 -0.0387311429 0.4018908739 0.1129341200 0.0123017281 -0.0184259415 -0.5228935480 -0.5822823644 -0.2454932034 0.2710336447 -0.1353908330 -0.4830352962 0.0419341959 -0.2465707511 -0.0166435856 -0.4294220209 0.1883643568 -1.0755536556 0.4820905924 -0.2543893158 0.4263330102 0.4747066796 -1.1102821827 -0.4119917452 0.7166103721 0.0912661105 0.3004752100 -0.2715060711 0.1490732729 -0.6351161599 0.2689266801 0.3346538246 -0.4529046714 -0.1212622598 -0.1394645870 -0.3936838806 -0.1921186894 0.0410078987 0.0458342358 0.2591066957 0.0416774824 0.0476301536 0.3225740790 -0.3066506982 -0.1718619913 -1.1547925472 -1.8180302382 -0.3675668240 -0.9530135393 -0.1973164529 0.0510608107 -0.1201129481 -0.1589876413 -0.2515242696 0.3066966534 -1.0786241293 -1.0712794065 0.4688216448 0.0198015235 0.0524406880 -1.3547112942 -0.9691861272 -1.3354810476 -0.0689701810 0.0224556997 -0.5312330127 -0.1901576966 -0.5990906954 -0.1566804796 0.0391898826 -0.0064460924 -0.9553306103 -0.0038510039 -0.8376460075 0.8085893989 -1.0792624950 0.0311821029 0.2570635974 0.0947029144 -1.1514060497 -0.2240752727 -0.7396319509 -0.2910319865 0.0292998739 -0.0773396343 0.0999892876 0.1654341072 -0.1621419489 0.0133295562 -0.0246218238 -1.1099395752 -0.0492423587 0.0420603454 0.3797260225 0.0582591668 -0.3295658231 -1.0597602129 -1.7586324215 -1.1776361465 -1.8947321177 0.1262146533 -0.0117672533 -0.4109195173 0.1221804395 0.0664597973 0.0997392982 -0.3421565294 0.0054124892 -0.1127602160 -0.9232735634 -0.8755351901 -0.1100767106 0.0420634337 0.0441762730 -0.5272197723 0.1038983539 -0.1948404908 -1.0182726383 0.0605467334 -0.6157698035 -0.8244383931
0.0475040488 -0.0179861989 0.0356785879 -0.0132837612 0.0082374010 -0.0453559570 -0.0504371114 -0.0093639577 -0.0344110206 0.0002490785 -0.0225565601 0.0092410184 0.0086510293 -0.0008076549 -0.0036235000 0.0436526909 -0.0859651044 -0.0547227934 -0.0220604949 0.0052163913 0.0023233618 0.0505588390 0.0132687651 -0.0329610705 0.0473924614 -0.0383260734 -0.0229141247 -0.0327948481 0.0015924445 0.0043398617 0.0041256230 -0.0779562518 -0.0389785543 -0.0565200336 -0.0329332612 0.0098431483 -0.0644699261 0.0162603632 -0.0589320399 -0.0210982077 -0.0062196334 0.0154244155 0.0261721127 -0.0487905294 -0.0252447333 -0.0170545187 0.0274029579 0.0061700586 0.0369209535 -0.0956846774 0.0454628170 -0.0440217182 -0.0355532840 -0.0838090926 -0.0091667417 0.0303649083 -0.0424407646 -0.0428669900 -0.0624649934 0.0173749570 -0.0648837760 -0.0170373712 -0.1038378403 0.0349554941 -0.0384601913 0.0114538362 -0.0039360197 -0.0139973983 0.0058425367 -0.0304132476 0.0222478081 0.0368743017 0.0134007325 0.0187822729 -0.0023587544 0.0122087980 0.0235085897 0.0079876082 -0.0189355370 0.0878487825 0.0194516312 0.0055074953 -0.0039613321 0.0177310407 0.0416901894 -0.0477663055 -0.0338868275 0.0386058763 -0.0531761609 0.0182215758 0.0142172910 -0.0447305217 -0.0050941133 -0.0043911296 0.0572324246 -0.0669528618 0.0039674290 -0.0316471085 -0.0256923735 0.0124713769 0.0663985386 0.0126309628 -0.0523439460 0.0266576074 0.0012996332 -0.0183806233 0.0384573378 0.0541580096 0.0479649827 -0.0659819618 -0.0846798643 -0.0618378744 -0.0614174344 -0.1050094664 -0.0677008256 -0.0208572298 -0.0574455410 0.0081956033 -0.0480465479 -0.0271793231 0.0025007643 -0.0114629092 -0.0428670794 -0.0108785285 -0.0508813933 -0.0549502261 -0.0485036001 -0.0492153540 -0.0788726211 0.0566997156 0.0342493728 0.0597507656 0.0039696991 -0.1003934145 0.0614063740 0.0182215814 0.0085498020 0.0010539365 0.0052910540 -0.0485029593 0.0496075153 -0.0001302931 0.0357943326 -0.0271624699 -0.0306290668 0.0406012721 -0.0427475087 -0.0615893006 -0.0208508801 -0.0262509305 -0.0298166461 -0.0586175397 0.0211138390 0.0363402143 0.0287581254 0.0291306321 -0.0738827139 -0.0460651740 -0.0591064878 0.0204073265 -0.0715180859 0.0592642128 0.0263049025 0.0363093950 -0.0192902125 -0.0189808831 -0.0925749466 0.0150483102 -0.0140148997 -0.0913558677 -0.0114069525 0.0244335532 -0.0062722042 0.0095361462 0.0066934465 0.0486472026 0.0192043241 -0.0735244378 -0.0014491007 -0.0476319343 0.0013361180 -0.0945921168 -0.0750281811 -0.0258161910 -0.0961732939 -0.0053235968 -0.0705478340 -0.0098237889 0.0309992172 -0.0508807451 0.0371601395 -0.1915984154 -0.0627770498 -0.1509615034 0.0315271802 -0.0010760833 -0.0640802979 -0.0811785161 0.0058990722 0.0345710367 -0.0056119598 -0.0326410867 -0.0499964915 0.0232248437 -0.0420829207 -0.0200076085 -0.0529490188 0.0519581065 0.0467922129 -0.0056478288 -0.0992383361 -0.0598822534 0.0127735063 -0.0458575375 -0.0596249737 -0.0308090746 0.0476682335 -0.1250469536 0.0332721397 0.0032260031 0.0329766385 0.0141085582 0.0401430726 -0.0976898447 0.0326957740 -0.0096982699 -0.0555190891 -0.0546252951 -0.0570803583 0.0562211573 0.0115354946 -0.0181805827 -0.0582915992 -0.0279640649 -0.0110334232 -0.0367981941 -0.0569350794 -0.0313356407 -0.0190633405 -0.0677600726 -0.0300919302 -0.0854601189 -0.0523827001 0.0080855563 -0.0627638847 -0.0115777655 0.0417698398 -0.0732887611 -0.0086578652 -0.0523812547 -0.0596096739 -0.0435218737 -0.0405587256 0.0399962738 -0.0629384741 -0.0447573550
-0.0230602138 0.0155765414 0.0452606529 -0.0594810843 -0.0655000657 0.0297345743 -0.0380118489 -0.0260823891 -0.0372263938 -0.0091047464 -0.0530680791 -0.0272668377 0.0592193976 -0.0699748173 0.0387565754 0.0385090560 -0.0236867070 0.0138922185 -0.0157045946 -0.0031702518 0.0228491928 -0.0530486591 0.0375226848 -0.0368048698 -0.0254343953 -0.0100505771 -0.0529724546 -0.0578102730 -0.0359845348 -0.0124843642 -0.0684707537 0.0322095305 0.0001886862 -0.0572276115 -0.0452507734 -0.0424726456 -0.0217899010 -0.0093677631 0.0058427840 -0.0022529759 0.0039222389 0.0551981330 -0.0101206088 -0.0132033080 -0.0655678809 -0.0740017891 -0.0686056465 -0.0122256139 0.0031693727 -0.0069720456 -0.0220664814 -0.0235682633 0.0423744768 0.0594812334 -0.0688144788 0.0177680179 0.0213233661 0.0231292322 -0.0085161328 -0.0423975252 -0.0500122160 -0.0328137539 -0.0468371809 0.0522774681 0.0363712199 0.0336683914 0.0131117105 -0.0610531755 -0.0479951203 0.0279403925 -0.0437908992 0.0346734673 0.0122999921 -0.0070243031 0.0103542209 -0.0039400226 0.0167477969 -0.0322397798 -0.0313757993 0.0177510437 0.0618935004 -0.0245215595 -0.0572387725 0.0004366487 -0.0282956958 -0.0222947598 -0.0396206081 0.0031055585 0.0222253036 0.0521625206 -0.0401997566 -0.0614563823 0.0165681411 0.0066243038 0.0618455783 -0.0559777431 0.0152611118 -0.0503823273 -0.0363978520 -0.0592671186 -0.0551519841 -0.0275009442 0.0090534091 0.0475410633 -0.0580804870 0.0234113876 0.0305389203 -0.0583037138 -0.0024961722 0.0427805409 -0.0194102358 -0.0129244253 0.0186827015 -0.0354996286 -0.0162042007 -0.0322332904 0.0258688238 -0.0559427738 0.0095890136 0.0297434628 -0.0672980770 -0.0250410568 -0.0150541449 0.0006223702 -0.0022206828 -0.0124248713 -0.0323015898 -0.0109595237 -0.0527881756 -0.0404512584 -0.0286690872 -0.0343413055 -0.0092843026 -0.0226842277 0.0002051443 -0.0195153356 -0.0260884762 -0.0056953542 -0.0023123070 0.0500844568 0.0383480564 -0.0031095517 -0.0769447088 0.0125946328 -0.0713662952 0.0608042553 -0.0041852221 -0.0037889315 -0.0162825845 -0.0516006686 0.0139767835 -0.0344074741 0.0045425594 -0.0041555148 0.0446905904 -0.0005980192 0.0162601713 -0.0522738248 -0.0302750971 0.0175444372 -0.0546571799 -0.0530649610 -0.0009811538 0.0066648126 -0.0652798563 -0.0290756896 -0.0306934603 0.0152578056 -0.0300020427 0.0091207968 -0.0349044912 0.0184370056 -0.0134870186 -0.0447836965 -0.0276229978 -0.0587448403 -0.0043147686 0.0289097391 0.0049940795 -0.0513159968 0.0141397184 0.0027336951 0.0250342172 -0.0870173275 -0.0460320823 0.0074758651 0.0318741091 -0.0205498077 -0.0254541282 0.0384141505 -0.0343968570 0.0488448068 0.0354800522 -0.0637832657 0.0469233245 -0.0117014693 -0.0121237608 0.0389210060 0.0075421971 0.0542533919 -0.0479065105 -0.0260427780 0.0526066609 0.0428769700 0.0537735485 -0.0288086832 -0.0561992973 -0.0350440890 -0.0321255885 0.0457627773 0.0138307577 0.0163989738 -0.0246671066 -0.0116101876 -0.0582906045 0.0549551025 -0.0117832199 -0.0574963205 -0.0150315762 0.0271403082 -0.0121428361 0.0354489796 -0.0302873049 0.0177194662 -0.0272884928 -0.0536761731 0.0354044884 0.0531357452 -0.0147496983 0.0591469482 -0.0672609955 0.0518127792 -0.0186064728 -0.0086733047 -0.0226682425 0.0145110786 0.0009079799 -0.0513757095 -0.0345389694 -0.0590031222 -0.0075700516 -0.0213577691 -0.0198439956 0.0156751182 -0.0313340127 -0.0110509051 0.0540684834 0.0290556625 0.0439097434 0.0156252533 0.0142850298 0.0152026266 -0.0086803092 0.0289682448 0.0302701294 0.0330847241
-0.0190295298 0.0242409650 0.0379491970 -0.0087750824 -0.0085660499 0.0403526351 0.0052582156 0.0118904486 -0.0356760211 -0.0202990808 -0.0082523040 -0.0064972960 -0.0496068746 0.0392392538 0.0489581525 -0.0007278903 0.0003616131 0.0460923240 -0.0267356802 0.0102552958 0.0291207731 -0.0347229168 0.0224855840 -0.0047631487 -0.0621523820 -0.0053590508 -0.0057174475 0.0333770700 -0.0497275442 -0.0267953724 0.0330893621 0.0212317873 -0.0591512062 -0.0046699699 0.0223903004 0.0117325336 0.0160648301 0.0259346962 0.0095168576 0.0071090753 0.0217485968 0.0181248039 0.0399624631 -0.0242447406 -0.0242624301 -0.0689351857 -0.0532956906 0.0080074584 -0.0680592284 0.0519952066 -0.0404450409 0.0381306708 -0.0215053558 0.0381994732 -0.0141055370 -0.0274764076 -0.0170628913 -0.0510909632 -0.0355615318 0.0077331937 0.0191871691 -0.0650366470 0.0167687573 -0.0394459590 0.0090820203 -0.0751948729 -0.0663058758 0.0516784079 0.0319851562 -0.0328919962 -0.0437929034 -0.0439328551 -0.0252232254 -0.0089186477 0.0314354599 0.0162222888 0.0231237076 0.0046027051 0.0047864607 0.0079749776 -0.0329191349 0.0460820198 -0.0513794720 0.0580545589 -0.0720219091 -0.0425160527 -0.0740378648 0.0091144815 -0.0104415584 -0.0221905485 -0.0729934052 -0.0249854177 -0.0434913300 -0.0652763844 -0.0066157803 -0.0551118888 0.0467718504 0.0205707662 0.0115431398 0.0019025924 -0.0148451794 -0.0147232041 -0.0522197373 -0.0646260828 0.0059436220 0.0439696014 -0.0356350541 -0.0358032212 -0.0677250177 0.0319057666 -0.0188227929 0.0187703744 -0.0147909522 -0.0218183100 -0.0028920805 0.0472911000 -0.0434282944 -0.0236070957 -0.0689322650 -0.0307135880 -0.0979776233 -0.0083138719 -0.0314650759 0.0454890504 0.0239006411 -0.0655412152 0.0206822213 0.0129452776 -0.0035676658 -0.0035155714 -0.0266359393 -0.0599960461 -0.0612016097 0.0086253816 0.0253177695 0.0324360244 0.0314465389 -0.0556518845 -0.0060457001 0.0510726646 -0.0089666471 0.0168034658 -0.0440829545 0.0136251580 -0.0743444636 -0.0417755321 0.0157158449 -0.0461507775 0.0335755236 0.0214215647 -0.0108583448 0.0127165169 -0.0089885062 0.0208628867 -0.0310247205 -0.0201387350 -0.0135015817 0.0335452966 0.0162424445 0.0019023146 -0.0307717957 0.0229078922 -0.0571300089 0.0083323326 0.0047327555 -0.0074462444 -0.0237416886 0.0554085225 0.0496915802 -0.0074179512 0.0293995216 -0.0407641008 -0.0550283641 -0.0267012231 0.0292224456 -0.0127740726 -0.0192649420 0.0066246754 0.0194466338 -0.0098534450 -0.0434768088 -0.0406915322 -0.0238151569 -0.0743305758 -0.0522994064 -0.0174846891 -0.0680548027 -0.0368772522 -0.0090954294 0.0469573215 -0.0033740026 -0.0586152188 -0.0688355789 -0.0565572530 -0.0093824547 -0.0397286825 0.0020061294 -0.0250424743 -0.0349970087 -0.0553970933 0.0411254615 -0.0398627408 -0.0733507425 0.0180598088 -0.0567072779 -0.0186048262 -0.0438449942 0.0191746131 -0.0492620096 0.0155280093 0.0111218262 0.0274429712 -0.0425334275 -0.0579419360 -0.0279390719 0.0620253906 -0.0213951319 0.0026895995 0.0495272949 0.0159744881 -0.0610802025 0.0432725623 -0.0280095637 -0.0669076219 -0.0732116625 -0.0519738160 0.0298620760 0.0509168729 0.0358704738 -0.0087394044 -0.0035436025 -0.0063811117 -0.0025713565 0.0428847224 0.0261084214 -0.0231593177 -0.0142632946 -0.0460514650 -0.0603094734 -0.0316428728 0.0497233607 -0.0260159653 0.0002597347 -0.0564572103 0.0055050468 0.0265260059 -0.0313803330 0.0253832843 0.0422306508 -0.0009395033 -0.0367825069 0.0284720529 -0.0228108019 -0.0439079329 -0.0442442559 0.0431340449
0.1018602774 -1.3767368793 -0.9131482244 0.1991617680 -0.2906022966 -1.0553278923 0.4128885567 -1.0937842131 -0.5613279939 -0.2231643647 -0.3672696650 -0.4674940407 0.0739799887 -0.0683166236 -0.5700255036 0.0273033213 -1.7111766338 0.2499583662 -2.3916344643 -1.7952073812 0.0706278682 -0.9782373309 -1.9791862965 0.0408059433 -1.3641973734 -1.0166878700 0.1262122840 -0.1964360625 -0.7700409293 -0.7761628628 1.3390142918 -0.7884091139 0.2208140939 0.3494293690 -0.0400587730 -0.1065256372 -1.2135292292 -1.3869785070 -0.9625657201 -0.1718360633 -0.6442296505 -0.0162106678 -0.8858631849 0.2187563330 -1.1335934401 -0.4063220322 0.1373236775 0.4486068785 0.3288948834 -0.5993589759 0.1621964276 0.4965729713 0.3647690415 0.5575138330 0.4782849550 -0.6195003390 -0.9586430788 0.0112630390 -0.3320547342 -0.8063797951 -1.6566079855 0.3808394969 -1.0136282444 -0.0281884074 0.1602211744 0.3378005624 -0.0642160252 0.5176193714 0.4820038974 -0.5588135123 -0.6555563211 -0.0033516213 0.7941869497 -0.6352694631 0.8664674163 -0.0068927859 -0.7335131168 -0.0345392413 0.4121236205 0.1598326266 -1.6920609474 0.1761039943 -0.0199530423 -0.0551045686 -0.9371913671 -0.3238783479 -0.7238614559 -0.0657712594 -1.1094658375 0.0203407239 -0.7144638300 -0.1514210999 -1.2448203564 -0.3589330912 0.7897191048 -0.4075534046 -0.2840543091 -1.1353564262 -0.0444209129 -0.1048788875 0.1764584184 -0.2564953864 -0.5694658160 0.7918932438 -0.5814958215 -0.0784103498 -0.1878247261 -0.5874424577 -0.4830425382 0.9751377702 -0.0961737707 0.2080819607 1.0647654533 0.6604422331 0.0707548633 0.0724118724 0.8451155424 0.2820118070 0.4924328327 -0.2856176794 0.5849147439 -0.1942373216 -0.1882935315 -1.5616410971 0.1045746729 -3.2217416763 0.3786982298 0.3448919952 0.0003132982 -1.0750240088 -1.2798889875 0.2647441030 -0.8860318065 -0.2348809242 -1.2665712833 -0.3158186078 0.0426557660 2.3447701931 -0.1933861971 -0.0070560798 0.0155085325 -0.2146476358 -0.3330884278 -0.1495255381 -0.2666041255 -1.3843182325 0.0180413667 0.4588824213 0.2464860380 -0.1478107572 -0.4557183981 0.4112875462 -0.9022636414 0.6728188992 -0.2139417827 -0.7743532062 -0.1773250252 -0.4335847199 -0.0318267122 -0.2680767775 -0.5082157850 0.0158199519 0.4209392667 0.1228769273 1.0859819651 0.3421114087 0.6098368764 -0.1059691086 0.4458154142 -0.5007942319 -0.1010590866 -0.4189380705 0.0500178933 -0.4481227696 -2.0795283318 0.0356298164 -0.3660498261 0.1246786192 0.4179288745 0.3297904134 0.3967122436 0.5258061290 -2.3929204941 0.2627950013 0.2276705354 -0.3480902910 -0.7778483033 -0.6134657264 -1.2592011690 -0.6823981404 0.1921327561 -0.0359059982 0.3310448527 -0.9661712646 -0.6141638160 1.1960479021 -1.0423510075 0.1754000187 -0.3166814148 0.0234784037 0.0926145315 -1.4549883604 0.1691915691 0.2227613181 -0.2057445943 0.6122356653 0.0199941285 -1.0679405928 0.0350418016 0.2922238410 0.5360909700 -1.7031884193 -0.9286389947 -0.2550497353 0.0997058302 0.1389181614 -0.2151816338 -0.9975281358 -0.5018840432 -0.0685459673 -0.0600719191 0.5982897878 -2.3991265297 0.1153875440 -0.0451945700 0.0238883216 0.9028943777 -0.0302870199 0.6582294703 0.0175486859 -0.1976719499 0.4641243517 -0.5489746332 -0.9386373162 0.2947943807 -0.5714020133 0.0621005893 -1.3681316376 0.3178303242 -0.1197350845 -1.4405606985 -3.1956717968 -0.4327191412 -0.4645470679 -1.8276170492 -0.1240898743 0.1856474578 -1.3533201218 -0.0162722096 0.4815429747 0.5572456717 -0.1329425573 -0.7626586556 0.2126919031 -0.2521770298 0.0468591861
-1.0096734762 -0.6284996867 0.0485764965 0.9742672443 -0.9555674791 -0.0290945284 0.3048291504 -0.8700721264 -0.2194183618 -0.4626638591 -1.0289428234 0.3387205005 -0.9095176458 0.1707959771 -0.1406570524 -0.9033853412 -0.7024713755 0.0064235702 0.0171231348 -0.0237173568 -0.4047960639 -0.0962893963 0.5586076379 -0.0088618994 -0.2401761413 -0.6592682004 -0.5480282307 0.2098627836 -0.2738841176 -0.5048963428 -0.2071652263 -0.0341445059 -0.1258970648 0.5415549278 -0.9819527268 -0.0622956231 0.0327737182 0.6514228582 0.1249891222 0.4743310213 0.0330861807 -0.0247998610 -1.1809489727 0.6785399318 -0.3812451065 -0.2337699383 -0.5789127946 -0.2472730726 -0.5576017499 -0.3181955814 0.0876414031 -0.7057457566 -0.0356669724 -0.0625379533 -0.7113864422 -0.0391749367 0.4284296334 -0.0223910362 0.3377923667 0.6592798233 -0.2371930331 -0.9185525775 0.2440445721 -0.0533186980 -0.7243488431 -0.0258663613 -0.8093557358 0.1828722507 0.1226470694 -0.0429057553 -0.2490350902 -0.0294342861 0.2492150664 -0.2190352678 -0.4234930575 -0.2170163691 0.1443968415 -0.6900417209 -0.0491064675 -0.3033117652 -0.0236150920 -0.2684259117 0.0181911662 0.0200024322 -0.2030325681 -0.1056483686 -0.4892106950 -0.0393536389 0.2627634108 -1.6738618612 0.4720424414 0.4738273323 0.5913097262 -0.0286092870 0.0521311983 0.1235655397 -0.4172190428 0.1440878063 0.0586496666 -0.0888503641 0.0417543799 0.2645775080 0.0726119354 -0.6491708159 0.6826895475 0.0461034030 -0.5742412210 -0.0186190214 -0.0190716330 -0.1299586445 0.0817008093 0.0651152134 0.0241361093 -0.4951565564 -1.1254173517 0.1039334089 -0.2901921272 -0.3189863265 0.4620445967 -0.0529658571 -0.3115111291 -1.7060052156 -0.1755449921 0.0364092812 -0.7600066066 -0.5671222210 0.5198150873 -0.2289209515 0.2241563648 -0.0620627068 0.2836331427 0.1253805161 0.0224745348 0.5871101022 0.2906656861 0.5401249528 0.0373705178 0.2159061581 -0.2059041560 -0.0186500251 0.0573046952 0.2394268364 0.1434536427 0.0331618898 -0.6222130060 -1.1843658686 0.1537194699 0.3081385493 -1.0271780491 0.2336996794 -0.6987478733 -0.0578526594 -0.3941314518 0.3077613115 -0.8805842400 -0.2334359288 0.3027860820 -0.3453458250 -0.2822903395 -0.9182934165 0.1493672729 0.6548371911 -0.3998709321 -0.1031156331 -0.2869399190 0.0206735581 0.3231778741 0.0051201498 0.0433224589 -0.5454170108 -0.1369921863 -0.0233976394 0.0162694901 0.2361866981 -0.4504299164 -0.0067698210 -0.0290640499 -0.5764945745 0.0387838408 -0.3027029634 0.2060924470 -0.6541770697 -0.0041713719 -0.3123848736 -0.0699936673 -0.3658490479 -0.2628064156 0.1707041115 0.3832367659 -0.0044709351 -0.3441364169 -0.3951080739 -0.2166080177 -0.5383198857 -0.1583341211 0.3395365775 0.1522570550 -0.6470302343 -0.2490594983 -0.0192201212 -0.0459200218 0.2760061622 -0.5597296357 -0.8942323327 -0.1419872791 0.0602331050 -0.2235678732 -0.0457137749 -0.1851032972 -0.0317391939 0.1360092610 0.1292828172 -0.0199924782 0.2005331665 -0.0627827495 0.0930230469 -0.2773254514 -0.6174849868 -0.0487345532 -1.1508971453 -0.4048156142 -0.8865951896 -0.3270174563 -0.7342119813 -0.2142623812 -1.6846573353 0.0089474171 -0.0039491802 0.5567271113 -0.0566679686 -0.0968006626 0.0330934487 -0.4197411537 0.0291595981 -0.4192166328 -0.0953313410 0.0432616994 0.1988469511 0.1617617309 -0.1531334519 -1.0941910744 -0.8196841478 0.0536653288 -1.0424543619 0.7219195962 -0.3462729454 0.0557653308 0.3596333563 -0.0350889489 -1.0694793463 0.1874403358 0.0161161274 -0.6313589811 -0.0594993383 -0.4603482783 -0.3595600426
-0.9013627172 -0.0453679822 -0.3045202196 0.2149721980 -0.2856675088 0.2032631636 -1.1813923120 -0.5620379448 0.1616177261 -0.1426227838 -0.7205086946 -0.5609940886 -0.2394483835 -0.3758470714 1.5798834562 -0.0382654555 -0.6111636162 0.1655452996 0.2719978988 0.4021823704 0.0080217579 0.0319972783 1.0421719551 0.0359842926 0.0500179119 0.0978371426 -1.7028111219 -0.2828987837 0.1761801839 0.5818125010 0.4989531040 0.3134342432 0.0859214514 0.3421275616 0.1173878163 0.4803327918 0.1747740507 0.4591631889 0.4556804895 -1.0380353928 0.0607851706 0.0379818827 -0.4673085511 -0.0183332264 0.0506663583 0.3148036897 -0.5185722709 0.4661120176 0.0199287347 0.4120518565 0.1795314401 0.5848993659 -0.0696277842 -0.4829801917 -0.0174028147 -0.1345613450 -0.4619542956 0.1126364693 0.7345274091 -0.8065447807 0.1137599126 0.2090820819 0.2824384272 -0.0289672092 0.0374132544 0.1573380828 0.7386779189 0.4182778001 0.1528674960 0.0004945397 -0.0901999027 -0.0113315061 0.8732604980 -0.2540349960 0.2199759036 -0.5170007944 0.1810554564 -0.4572315812 0.1304738820 0.3091015220 0.8289849758 -0.2769862711 0.0408511758 0.0217099413 0.1554639339 0.4635959864 -0.8045440316 0.2903589606 0.9607965946 -0.1692068875 -0.1638471633 -1.6054040194 0.0854750797 -0.0908493176 0.3748401403 -0.1369833052 0.0979140475 0.3033226728 -0.0520894453 -0.0778522119 0.0476760939 1.0908715725 0.6749507785 0.1606164128 -0.9837308526 0.4097293615 -0.7788373828 -1.0476489067 -0.5894078016 0.6283078194 -0.4179107547 0.0897153020 -0.0202104729 0.2614387870 0.0336546898 0.4430205226 -0.3246341646 -0.0005592406 0.4957117438 0.4435123503 -0.8072931767 0.1324651688 -0.3540626168 -0.5108097792 -0.1024583206 0.0588067584 -0.0378522351 -0.2268675268 0.8748748302 0.1099725142 -0.7990657091 1.2629028559 0.2936519384 0.1962990016 -1.1719119549 -0.3877516389 -0.0106128231 -0.4535278082 -0.6670403481 0.0110766590 0.0506210327 0.5915607214 -0.6226483583 0.0229420885 -1.5769195557 0.0799284354 -0.2772187889 -0.4858703911 -1.0466117859 -0.0912980363 -0.0746302456 0.0291068740 0.3660288751 0.5904781222 -0.3985366821 0.1227516904 0.2160406858 -0.4149843156 -1.4037234783 -0.0643262565 0.0199427139 -2.1772358418 -0.8449806571 0.4470373988 -1.1098715067 0.3095436692 0.1112712100 0.1690444201 0.1208207235 -0.4763641655 -0.0799059123 0.3426513672 -0.0565950647 0.6494462490 -0.3884248435 0.0398255363 0.7815802693 -0.0832914189 0.2011257857 0.0546096675 -0.4712430239 0.0834539458 0.0829742998 0.0061975666 -0.0726867616 1.1758396626 -0.5686177015 0.0844358504 -1.3522987366 0.7948070168 0.4315456748 -0.0375692435 -0.2007654160 -0.6566458344 -0.4407503307 0.3022824526 -1.1434321404 0.0577271022 -0.4600487053 -0.0234411210 0.3908787072 0.0222269818 0.1810631454 -0.9121086597 0.3184188604 0.0814303458 0.9414564967 -0.7500566244 0.5025233626 -0.0318339244 0.1664633900 -0.7282338738 -0.3382563889 -0.0507106595 0.0748388469 -0.5985332131 -0.4998037815 0.3796247840 1.2270731926 -0.3093737066 0.5003787279 -1.7311382294 -0.7328721881 0.1223599389 -0.7301992774 0.6097216606 0.0108863069 -0.0547413975 -0.7937632203 -0.3559215367 -0.0941377133 0.0070405505 0.0148339607 0.7833648324 0.1429893672 0.2262711525 0.0560553074 -1.5148921013 -0.3703615069 0.2592426240 -0.1175589934 0.3766415417 0.2411383539 0.4160617888 -0.8995570540 0.1462604702 -0.1441145539 0.8141376376 -0.0008123426 -0.5335646272 -0.4013705254 -0.6657400131 -0.3548940122 -0.5022579432 -0.0211462583 0.3282375336
-0.3555893004 -0.1956492811 -1.7155402899 -0.0364729390 0.9075930119 0.1435645670 -0.6791233420 -0.1302284002 0.1532103866 -0.2110838145 -0.0411254615 -0.1675697863 -0.0888892561 -0.2750239074 -0.8776170015 -1.1893131733 -0.8073364496 0.0045201373 -2.2761774063 0.4136192501 -0.4530428946 -1.5694650412 -0.4423424602 -0.0201400295 0.0278903451 -0.1453535110 0.2695269287 -2.5737266541 0.0166471470 0.0513015687 -0.2047325224 -0.5164756179 0.2294403464 -0.0661878809 0.3944079876 -0.1361132413 0.1812083423 -1.0047440529 0.3102049232 -1.9822287560 0.3612247705 0.0511118397 -0.0429337509 0.0466630384 -0.1028991118 0.4979518652 -1.2488442659 0.3289984465 -0.2072189003 0.0107004549 0.8652256727 -0.7191520333 -1.4020267725 -0.1361204386 -0.8137347102 0.5686140656 -0.3740609586 0.7071733475 0.2299356759 0.0078707961 -2.0145723820 -0.1964035779 -0.2965557277 -0.0267208423 0.3847615123 0.3804029524 -1.0312365294 0.2046239376 -1.3918850422 0.6639363766 -1.5333017111 0.0438046530 -1.7364327908 -0.6971833110 0.3140629530 0.1422674656 0.1236566082 -0.7663892508 0.2512612343 -1.4978737831 -0.6512172818 0.0447226353 -0.0059048384 -0.0079302043 -0.5773576498 0.0128714107 0.9967794418 -1.4418597221 0.6220738292 -0.1523665041 -1.3619076014 -0.5288504362 -0.8311803937 -0.4457877576 0.3082161248 0.3615862131 -1.0620067120 -0.5012577176 -0.0428286120 -0.3384957314 -0.4111007154 -2.9886581898 0.4559795558 -1.7578810453 -0.1570624709 0.2105952501 -0.6313915253 -0.1023288816 0.0810117275 -0.5919079781 0.2822784185 -0.5706525445 -0.5243225694 -0.3468897939 0.1033155620 0.1522425115 0.1018483788 1.1890416145 0.0675445795 0.1067877933 0.4179687202 0.1264130771 -0.6559448838 -1.3755209446 -0.5804501176 -0.1342522502 0.1165785119 -0.2999953926 -0.1073964685 -0.6174208522 0.3352686763 -0.2734056413 0.2226691246 -0.2322411686 0.7037966847 -0.4971864223 0.0173056647 -2.2114007473 -0.1835501790 0.0526069477 -0.0213818029 -1.4051542282 -0.7772769332 -0.6218668818 0.4356533587 -0.3010330498 -0.7381668091 -0.5528306365 0.2749979794 -1.0891884565 0.2396268994 -1.0494945049 -0.2544782162 0.4167924225 -1.5276039839 -1.7004857063 -0.7967751622 -0.3844107389 0.7003438473 0.0277521703 0.1049910262 0.7923061848 0.1993152350 1.1120458841 1.0155171156 -0.8552393913 0.7136233449 -0.5308340192 -0.1156717986 -0.8888093829 -0.0050871070 0.5843365788 0.0201846734 0.2409310937 -0.1372307092 -0.0493782759 -0.0259518493 -0.3941305578 0.5474632382 -0.3335590363 0.6316077113 0.0682146251 -0.3564172387 -0.0102471774 0.2342022359 -1.0985206366 -0.0153277749 0.0525363944 -2.2843470573 -0.1703317910 -1.2542886734 -0.1770920455 -1.4562056065 -0.9919762611 -0.8339132667 -1.9505170584 0.0850105435 -0.3384127915 -1.0820914507 -0.0314057767 -0.7494339943 -0.3685017228 0.3609099090 -0.0531894639 -2.2011699677 -0.0846346766 0.0554476418 0.0667478666 -0.1503525972 -0.7804266810 0.1393723935 -0.0527107716 -1.0688400269 -1.0419920683 0.2107262462 0.2055859417 0.5306142569 0.0041022063 -0.0868109241 0.6511962414 -0.3604356050 -3.3433458805 -1.5522501469 0.2975482941 -0.6970838308 -0.4865258336 -1.0577781200 0.0023650974 -0.5911148190 0.9413290024 -0.0738944635 -0.1815106124 -1.6591901779 0.1684812158 -0.4729417264 -0.0158631671 0.0295010880 0.5727087855 -0.8235145211 -0.3816883862 -1.2134602070 -0.4661737382 -0.5940244794 0.0417289585 1.4165697098 -0.1026696041 0.1740678251 -0.4414626658 -0.0378183648 -0.2666231990 -0.7560567260 0.1646649241 -1.1547578573 0.9638105035 -2.1631956100 0.0102249216
-0.8671815991 -0.2241881043 0.0177674387 1.1483168602 -0.3301486671 -0.7858299613 0.4917263389 -1.6018277407 0.1685449630 -0.4675491154 -0.1120801941 0.7816026807 0.3867247403 0.1313702017 0.0262929182 -0.1714647412 -1.3963921070 0.6388782263 0.1781339496 -0.2054143250 -0.1859622002 0.9426185489 -0.4329783320 -0.0281352736 0.0802070051 -0.0170589592 -0.7495870590 -0.8541242480 -0.7245981693 0.1688349396 -2.3084452152 -0.5800586343 0.2132071406 0.4823940098 -0.2488508672 0.3701680601 -0.4749775529 -1.4233368635 -0.2111293823 -1.7400498390 0.8315511942 -0.0122961430 -1.2855260372 -0.4595483541 -0.3312649727 0.2444836944 -0.8471622467 -0.9741790295 -0.8869692087 0.0616569966 0.2422804832 -1.3433886766 0.2583052218 0.0059305434 -0.2066475749 0.3268927336 -0.3844327927 0.0888291299 -0.3690264821 -0.3079313338 -1.0309829712 -0.5460253358 -0.4898041189 0.0323320255 0.0951760411 -0.8644465208 -0.4484726489 0.6301905513 0.1089006960 0.0299785454 0.1314229816 0.0377691165 -0.3758963048 -0.2585923076 1.0621504784 0.0869429559 0.0238701086 -0.3045699596 -0.0301602464 0.2818729877 -1.0424244404 -0.6342551708 -0.0208604857 -0.0231593773 -2.1209466457 -0.2906973064 -0.0600173473 -0.1957361698 0.0517402664 -0.0658566505 -0.6319912076 0.4478117228 -0.0370009318 -0.6280577779 -0.0049517374 0.3078378737 -1.1971961260 0.5953596234 -0.0014544427 0.0865636393 -0.0711959898 -1.1053408384 -0.2941888869 -0.9658460021 -0.2461266965 0.1627687365 0.1097460985 -0.4297772348 0.4509030282 -0.1155961603 -1.7032599449 0.4226848483 -0.3075904250 -0.5860577822 0.3238381743 -0.5919477344 0.1503766179 -1.3790801764 2.1627779007 0.8289719224 -0.1957599521 -0.3351239562 -0.1489179283 -0.7299296856 -0.2630372941 -0.5267132521 0.0808400586 1.2898917198 -0.0058453144 0.5278915763 0.6764915586 0.4164957404 -0.3211689889 0.0978901535 -0.4002317786 -0.0085977400 -0.0289647728 0.1824912280 -0.1098572314 -0.0037853345 0.0156180710 0.3107904792 -0.8077602983 -0.2260672152 0.2294566482 -0.0236963052 -0.6897217035 0.3882774115 0.1854414940 -0.5008917451 -0.0493585989 0.1201541498 0.0364296027 -0.3171459734 -0.4768902659 -0.6114422679 -0.5586085320 0.3584542572 -0.2906312644 0.1373732388 1.1835004091 -0.6326785684 -0.5729185939 -0.5400192738 -0.9902072549 -0.1984157413 0.2890769839 0.6609809399 0.0006189016 -0.3613000512 -0.4663394094 0.1106324270 -0.0496592149 -0.4939301908 -0.9483323097 -0.0061308295 1.3925982714 -0.8541849256 -0.0114445044 -0.2597588003 -0.1445859522 0.0739802793 2.1243436337 -0.2535812855 -0.0703206435 -0.2034453154 0.6609274149 -0.2705905437 -1.4670760632 0.9892603755 0.2403838485 -1.0165312290 0.4271249473 1.1173130274 -0.2128874362 0.0388082378 0.1115805805 0.4283111989 0.5913876295 -0.0290064514 1.4171049595 0.3939083517 0.0589726083 0.2179757655 -1.0347719193 -0.8986114264 -0.1045893729 0.1225177944 -1.1028158665 -0.3538208604 0.0413591936 -0.5081962347 0.3447122872 0.0191662908 -0.3650695086 -0.4053589702 0.2397031784 -0.3596608639 -0.2275363803 -0.3548488617 0.2209152281 0.1259147376 0.6506937742 -0.1498961896 -1.6072163582 -0.0618874952 -0.8554788232 -0.0563260354 0.3266584873 0.7700275779 0.5805823803 -0.5256848335 0.3792690337 -1.2870758772 -0.0749157295 0.0487023890 0.0077067092 0.8214079738 -0.0252513494 0.0149694616 0.4183062911 -0.6006547809 0.3329486251 -0.7733448148 -0.5843375325 -0.2448879182 -0.0142935291 -0.7647948861 -0.0387435630 0.0389904119 -0.5492615104 -0.3479408324 -0.6175768971 -0.5085439086 -0.0026805804 0.0846735537
0.5432865620 -1.7742973566 0.7643098235 0.0425722748 -1.5255535841 0.1418492794 0.3324473500 -1.9485901594 -1.2011382580 -0.4890560806 0.5763221979 0.9069659710 -0.5132957697 -0.3994228840 0.1202493459 0.1907911748 -0.3218793869 0.3419288695 0.5495744944 -0.4572153091 -0.2150355279 0.3471474946 -0.9463955760 0.0298997238 -0.9120151401 0.6939017177 -0.3282232583 -0.3097788393 -0.9370572567 0.3615958095 -0.5655497313 -0.2101631612 0.1831476390 -1.0099256039 -0.1806058884 0.2491296679 -1.5088053942 -1.8734064102 -0.0214949194 0.4945406318 0.1823961884 0.0197816845 -0.8574084044 -0.2221888453 0.8191302419 0.6705062985 -0.1256376505 -0.0750197917 0.5447150469 -0.1900517493 0.1027494445 -0.2342532575 0.0796666741 -0.3606143594 -0.7112077475 -0.8525430560 1.6891924143 0.2970096469 0.1032189652 -0.0381206609 0.4110211432 -1.7555373907 0.3893941641 0.0492711775 -0.7732741237 -0.3911665976 -2.0196459293 0.1646037549 -0.2990772426 0.5363707542 0.9759206772 -0.0057707652 0.0368656330 0.0918565765 0.4010882676 -1.1150155067 0.6865966320 0.1384738237 -1.0398203135 -0.3404369354 -0.4914134741 -0.2052009255 -0.0139964670 -0.0113351718 -1.1863536835 1.1985913515 0.4584814310 0.1516706795 -0.0664181560 1.1689883471 0.6880657673 0.4312627316 -0.4912901819 -0.7379056811 0.3681389987 0.2517384887 -0.9118022919 0.3078406453 -0.0344619602 -0.1966898143 0.8878067732 0.1963995844 -0.0686318576 -0.0214743931 0.4122604430 0.0847273245 -0.4084061384 -0.2380743325 0.0878291577 -0.7666996717 -1.2795820236 -0.5209084749 -0.4872203171 0.2957567871 -0.1937507391 -0.7579930425 0.1773396581 -0.9253286719 -0.2510827780 -0.4376331270 -1.9632208347 0.0320633091 -0.5952922106 0.1910943389 0.3960738182 0.3280955553 -2.1391911507 0.8838316202 -0.2121829838 1.1086336374 -0.0155279087 -0.1769821942 0.8405099511 0.4027225375 -0.8887548447 0.3708012700 0.0352815837 -0.2872526050 1.0152126551 0.0248290617 0.0173004046 -0.6525769830 0.4033799171 0.4508626461 0.3558985889 -1.7958606482 -0.8775789738 0.5543975830 -0.5239123106 0.2671279907 0.5602673292 -0.8918157816 0.3290609419 -0.5571232438 -1.8246337175 -0.9000894427 -1.0718894005 1.5770884752 0.5431483984 -0.5840143561 -0.4698247015 -0.1408886760 0.6042309999 0.2542741001 0.3622662723 -0.4831193984 -0.2556521595 0.5397766232 0.3048793077 -0.9989857674 -0.7256311774 -0.3809013367 0.0236200616 -0.1824152470 0.0193676222 -0.0298010632 -1.5290346146 0.4139936566 0.8171091080 -0.7429638505 0.1596449167 -2.9423019886 -0.5018755794 1.0716803074 0.5714622140 0.3104748130 -1.0899859667 -0.0110731553 0.3799930513 -0.5889216065 0.9889851213 -0.1004622877 -1.3142348528 0.1004747003 -0.8844193816 -0.7494881749 -0.1714335233 -1.6926567554 0.0021057772 0.0405914485 0.7370897532 1.0318287611 -0.6124950051 -0.8496837616 -0.0862165317 0.7080662251 -1.5936588049 -0.4345114827 -0.1582235992 -0.1493652612 -0.6336239576 0.5328942537 -1.2380720377 0.2032269686 0.0691614300 0.2872955501 -0.4158551097 -1.4700591564 -0.5039303899 -0.9645270705 0.0811276063 0.3483634591 -0.4849100709 -0.3630535305 0.5210766792 -1.3651028872 0.3614226580 -0.0173616037 0.1264363378 0.5982787013 -0.5514556766 0.0561633445 -0.9834519625 -0.3336355686 -1.0242146254 -0.7925702333 -0.0500918403 -0.5523260832 -1.2352012396 -0.2631919086 0.0554801710 -0.2800580263 -0.0847163796 -0.3879843056 -0.4794816375 -0.9889038205 0.3600340784 0.3633120656 -0.0368038267 -0.0408379175 0.2411775440 0.5860909224 0.9904598594 -0.1286599636 0.2071984559 -0.7093083262
-0.3085858226 -0.6036722660 -0.6442534924 -0.1446866691 -0.5668298006 0.2686799467 -0.8238870502 -0.0891573578 -0.7158176303 0.2588514984 -0.3951351643 0.3359328508 -0.0313364677 -0.3969752491 -0.0573444292 -0.7160646319 -0.0700488687 -0.0495812185 1.1418801546 -0.2480686158 0.2844429910 -0.4531438351 -2.2909307480 -0.0337972194 -1.0721195936 0.0133210225 -0.3582609594 -0.3684924245 -0.5944446325 0.0553800203 -0.0216355510 -0.1826572716 -0.5027523041 0.2150375843 -1.0628134012 0.1915095896 -0.4284427166 -2.7587656975 -0.2631917894 -0.2621721625 0.4785628021 -0.0452852547 -0.7302945256 -0.3272598088 0.0873624980 -0.4258158505 -0.4755628407 0.3777278662 -0.6442241073 -0.0402448885 -0.1006910726 -1.5433970690 -0.3274565339 -1.7843570709 -0.3647558093 -0.9587798119 -0.2975416481 -0.0381019413 0.4217017293 0.0630916208 -1.2630735636 -0.8423944116 -1.2618712187 0.0663305223 -0.9052928090 -0.4507523477 0.3011225462 -2.2477672100 -0.4623616338 0.1279632598 -0.3525677919 -0.0089609548 -0.7938234806 0.0510589592 -0.3884474635 -0.7128577232 -1.1526741982 -0.3451478779 -0.0187159926 -0.0690141469 -1.2496048212 -0.0641360581 0.0592878088 0.0399930477 -0.4803066552 0.6287422180 0.5134857297 -0.1425056458 0.6158221364 -0.6657559872 -0.5372372270 0.4527207911 -0.0672705323 -0.3303568959 0.0514817238 1.0188454390 -1.1256928444 -1.6507905722 0.0372852460 -0.5067720413 -0.0452382974 -0.2252657562 -0.3278077245 -0.3945125043 0.7393391132 -0.2555892467 0.5091935992 -0.0213670675 -0.8150914311 0.1651400775 -0.2523092628 -0.4282569885 -0.2087554187 -0.1814827025 -0.4319781065 1.2054032087 -0.0858421773 -0.1476987004 0.2569141686 -0.0186920129 -1.4770325422 0.4926520288 -0.8015832305 -1.7644659281 0.5912000537 -0.6574629545 -1.7943568230 -0.1426086128 -0.6705526710 0.0648287386 0.3016541004 -1.2234203815 0.3290001154 -0.2057713717 -1.6457306147 0.0026348364 -0.0003571883 0.0101826293 -0.0127950897 -0.0505947769 0.0584224761 -0.6191528440 0.7943961024 -0.9978426695 -0.2846405804 0.1107846275 -0.4837833345 -0.3449018002 0.0976668596 -0.1741091162 -0.2705985308 -0.2957147360 -0.2271617651 -1.2032192945 -0.0597790964 0.0819555894 -0.0453491956 -0.1073685735 -0.6807684898 -0.2137751728 0.6172910929 -0.1651546061 0.5470988154 0.2182765007 -0.1849784106 -0.4373000264 -0.3812955320 0.2074095160 -0.5584143996 0.3001601398 -0.3266158998 0.4742644429 -0.0159997344 -1.6054470539 -1.5021671057 -0.0581256524 0.3726610839 -0.3532136679 0.1789373606 -0.7976158857 1.1141963005 -1.7898416519 -3.0859336853 -1.0167220831 1.0074826479 -1.8166738749 -1.1133500338 -0.2007932663 -0.5465768576 0.1310251653 -0.0098932981 -0.2438306063 -0.3435558677 0.1557824761 -0.1328199208 0.1682095826 0.6505108476 -0.2564999759 -0.1602971703 0.0231838599 0.5296966434 0.3204117715 -0.6653417945 -0.2927109003 -0.1957389563 0.2639382780 -0.0982353091 0.1168435961 -0.3704719841 -0.4454719424 -1.3823913336 0.0209630020 0.2186085135 -0.2687166929 0.6174637675 -1.4377470016 -0.1583877206 -0.2845382988 -0.0418469906 -0.9997675419 -0.2630189061 -0.7348150015 -0.5810220838 -0.9726898074 -0.2530020475 -0.7478137612 -0.0661492944 -0.0345111340 0.4461681545 -0.3148455322 0.1234353036 0.1740846187 -0.7518262863 0.3793405294 0.1939279139 -0.6507301331 0.0349623933 0.5362266898 -0.2628075778 0.0140923364 0.3049472570 0.3012537956 -0.0025612256 -0.2527830601 0.4246504009 -0.2477811426 0.2130936682 -0.0069592791 -0.0373874307 0.1389755011 0.5637186766 0.4253929555 -0.4073407650 -0.0222354066 -0.5409728289 -0.6382030249
-0.1874845028 -0.6630756259 -0.0178057179 -0.3277072310 -0.1030226946 -0.3616489768 0.1246447861 -0.1845186055 -0.1580030173 -0.3074657023 -0.2038256824 -0.3424855471 -0.2346507758 -0.0612182505 0.1412326992 -0.1320474446 -0.1479480863 0.0340915769 -0.4368411303 -0.4618553817 -0.2033023536 -0.0454896726 -0.1710532159 0.0134685338 0.0418041013 -0.2068915218 -0.0019927251 -0.1180671826 0.1376680881 0.0185112953 -0.1764414608 -0.0001489111 -1.2485523224 -0.2847997546 -0.1724648327 -0.0426545143 -0.3984344006 0.3030229807 -0.1864717156 0.0351060070 -0.1115848720 -0.0514209457 -0.0942279324 0.0988027826 0.3508756459 -0.0643756315 -0.4993835092 0.7088339329 -0.0860363543 0.0982111916 -0.0133401239 -0.4484579563 -0.0223631784 -0.1954533309 -0.1371281296 0.0118903741 0.0355867893 -0.0339900330 -0.1931634098 -0.1054708734 -0.4982021153 0.1069349870 -0.0741788149 -0.0551652126 -0.4890749156 0.3376594484 -0.0076202354 -0.4333053529 -0.0029318109 0.0161764845 -0.6561472416 0.0151807591 -0.1491053402 0.0350499414 -0.6272686124 -0.2206970304 -0.3605083823 0.0231520142 -0.0926372185 0.0285119843 -0.0813954547 -0.4092386067 -0.0413555279 0.0527379960 -0.5812860727 -0.0721690059 0.1229289696 -0.0547948703 0.5049001575 -0.1871329248 -0.4907075167 -0.1605245620 0.0704701245 -0.0281392708 -0.0428551435 -0.0182710774 -0.0732315704 -0.2252727300 0.0302109122 -0.2336037457 -0.3068705499 -0.4304437935 -0.5133970976 -0.1392211467 -0.5755706429 -0.2919985652 -0.0199139174 0.1808809340 -0.1189081669 -0.2256075889 -0.6278628111 -0.5846822858 -0.0905955136 -0.1096857190 0.3328462541 -0.0220360793 0.0945534185 -0.2076871395 -0.2394534349 -0.0186432526 -0.3488982618 0.0506457835 -0.0504605770 -0.5497432947 -0.0032103297 -0.0538355783 -0.5566555858 -0.9457102418 -0.3533763587 -0.0549475253 -0.3913823664 0.1047372818 0.0581748486 -0.2173921317 -0.2589071393 -0.2760179341 0.0576885715 -0.5339267254 -0.0461041182 -0.0300978869 -0.0300062448 -0.0490114093 0.2281734198 -0.0588298291 -0.2117083520 -0.0762516856 -0.0100369370 -0.0620394759 -0.2330463231 -0.0628045872 -0.2319129854 0.0210102499 0.0376759656 -0.1988516152 0.2284208983 0.0524753630 0.0091002276 -0.2061207145 -0.4557228088 -0.0399509557 -0.2130110711 -0.9537237287 0.0316481255 -0.0673250109 -0.0152310496 -0.0369492769 -0.3633848727 -0.0470400751 0.0580449700 -0.1813372523 -0.1022519544 -0.0547204614 -0.0121595562 -0.1335362345 0.0098737003 0.0585708395 0.1157676429 -0.1134534553 -0.0111218467 -0.3563669026 0.2459796220 -0.3639410138 -0.0779106021 -0.0541058630 -0.0352820083 -0.1361060292 0.1618314534 -0.3464488387 -0.3284366429 -0.2539159358 -0.4931528270 -0.3489687443 0.0260730311 -0.0289102029 -0.0937061459 0.0184724592 0.0873236358 -0.1133503541 -0.2508460283 -0.0131356418 -0.2056126148 -0.6796808839 -1.2121834755 -0.0325892679 -0.6963641047 -0.0344055779 -0.0937099084 0.0336043090 0.1293592155 0.0936354250 -0.0594096221 -0.1422468722 0.0092935786 -0.1064453423 -0.5934230089 0.0035022721 0.0203338750 -0.1049920171 -0.0449578315 -0.2223596126 0.3087216616 -0.5309914351 0.0015117713 -0.1063269079 -0.2051233202 0.0170953106 -0.0303131491 -0.0114540607 -0.7005586028 0.0179981738 -0.4280469120 0.1281845868 0.0057583791 0.2018053532 -0.2182334065 -0.0492145047 0.0462488234 -0.4955532551 -0.1612672955 0.0843853727 -0.2391273826 -0.2824923992 -0.0440926626 -0.1187668517 0.4285883904 0.0711474866 0.0312118456 -0.6491964459 0.0617212057 -0.1579465121 -0.1130808964 -0.2153822333 -0.1180302426 0.0270531550 0.0194127411 -0.2013770193
-0.2901861072 0.5903731585 0.0853157118 -0.2230444551 0.1472910047 0.7658590674 -1.7765552998 -0.3440072834 -0.7354012728 0.2263725996 -0.0244520381 -0.4469317496 -0.0930175111 -0.1819522977 1.1441476345 0.3883434832 0.0279051866 -0.1280751526 0.3412263691 0.3675878048 -1.1051723957 -0.1522530615 0.5746397972 -0.0202534720 -0.6352044344 0.1211759448 0.1964268386 -0.8601008058 -1.3723636866 -1.2046279907 -0.8381611109 -0.6970807910 -0.1769634485 0.5983316302 -0.8622947931 -0.0428687409 0.7077179551 -0.3288482428 -0.7932497859 0.7244821191 -0.0984162018 -0.0112959864 -1.6550656557 0.3300567269 -1.1095492840 0.0047534299 -0.6194754839 0.8363651037 -1.5458413363 -0.0121459626 0.2606717646 0.2227124721 0.1831040382 -0.5640949011 -0.3384466171 0.0548927151 0.0862963572 -0.0438848585 0.7553834319 -0.5901555419 -0.8014245033 -0.3488448262 -0.4253668785 -0.0397159196 -1.3605288267 0.5143664479 -0.1635814011 -0.1220167205 0.2239208668 0.1375728250 0.7949514985 0.0452970415 -1.1152123213 0.6081975102 -0.4780506194 -0.2193216830 0.5548722744 -0.6532981992 -0.5715968013 -1.0528360605 0.1929733753 -0.3559353650 -0.0165935010 0.0452716425 -0.2024248987 -0.2572837770 0.0972496197 0.0043342719 -0.2080091834 0.7379716039 0.4697303474 -0.1263027340 0.0151246032 0.7056857944 -0.0398313627 0.1930213869 0.0854908600 -0.0431367122 0.0526799187 -0.4485023320 0.2040715516 0.3781970739 -0.5616161227 -2.8893446922 0.5685961843 -0.9885109663 0.5874421597 -0.4387618601 -0.0948079899 0.2373213470 -0.7252699137 0.5665546060 -0.4898294210 -0.7925591469 -0.6099749804 0.1262739301 -0.2034103274 0.1453831047 0.2646245062 -0.1649037004 -0.8939744234 -0.5112921596 0.4668751061 -0.9191970825 0.3041018844 -0.1827623546 -0.9899039268 -0.0040610479 -0.9469143748 0.3450482786 -0.0497654714 -0.1682204604 -0.0762931034 0.6503372788 0.0622716993 -0.1163933501 0.0133112147 -2.2257597446 -0.1739909202 -0.0369449407 0.0135788247 -0.0040327157 0.2416523695 0.5248264074 0.7202116847 0.3374899626 -0.1998693645 -0.1470160484 -1.2502361536 0.1904130578 -0.5523992777 -0.2259492129 -0.1735333055 0.3926483095 0.8475267291 -0.6118260026 0.0276825950 -0.4010456204 -0.2452229112 -0.6316445470 0.0330518633 0.7842100859 0.7508264780 0.0730115473 -0.8477607369 0.0141371181 -0.4945130050 0.2415719330 0.1291681677 -0.0174825601 -2.0150628090 -0.4114820659 -0.0446457416 -0.8424361348 -0.7432320118 -0.0090936124 -0.0894728154 0.5765337944 -0.0715089813 -0.6292704344 0.3897159100 0.4004657567 -0.3394690752 -0.1568230540 0.0416311435 -0.1393868625 0.2751524150 -1.3086609840 -0.0116344672 -0.3832558393 -0.0039548744 -1.3592325449 -1.7077484131 -0.6765441895 0.0341608599 0.3536300659 -0.2448021472 -0.0336676352 -0.3716377318 0.0457673818 -0.7673488855 1.1514786482 -0.7896625996 -0.9353554845 -0.0564497747 0.4280634820 -0.2494449466 0.0318007059 -0.5773534179 -0.6135100126 -1.3540056944 -0.9799543619 -0.0735108629 -0.0935552344 0.8056930304 0.8703096509 -0.0393810421 -0.2234931141 -0.2369539589 -0.2773670256 -1.1125664711 -1.5320512056 -0.7167752385 -0.9910962582 -1.5543541908 -0.1018475890 0.1578719020 0.0406251028 1.0564153194 0.0056213769 0.4181276858 -0.6194091439 0.2651177049 -0.2443728596 0.4761981368 0.2095452249 0.0284764096 0.2083833367 0.5956839323 -0.3354812562 -1.4739569426 -1.1291977167 -0.0181065090 -1.0358084440 0.2867250443 0.0246190224 0.0842845812 -1.1880722046 0.0533197820 0.3048370183 -0.0750016198 0.3446229100 -0.0262453649 -0.0512274504 0.5142112970 0.1967197508
-1.0456610918 -0.3160957098 -1.1575475931 0.2489150614 0.3672219813 0.5422270894 0.4569688737 0.2873743176 -0.6242474914 0.5251693130 -0.1216347516 -2.4279046059 -1.6146690845 -0.2910754979 1.1264489889 -1.7217899561 0.7974183559 -0.1574278772 -1.1617108583 -0.2655211091 -0.9414238334 -0.9045848846 -0.4560697079 -0.0155150965 -0.5755224228 0.0661321804 -0.3125860393 -0.7462402582 -1.4329566956 -2.9657428265 -1.6798775196 0.0082068741 0.2021059543 -0.5646175146 0.4034473598 0.2524724305 0.5344135165 -0.0675894171 0.1722392589 -0.0794466883 -0.3300330937 -0.0251448769 -1.2163548470 -0.6968482733 0.3968509138 0.7840698361 -0.7181603909 -0.6330057979 0.2871631384 -0.5765540600 0.8487157226 -0.7133681774 0.2697322071 -0.0345619880 -1.5668901205 0.9760615230 -0.6889573336 0.0270899814 0.7617108226 -0.5752213597 0.2123030126 -0.1297380477 -0.2342886627 0.0256961472 -0.5875948668 -0.0597882606 -0.5529409051 -0.8310448527 0.2650946081 0.1004171744 -0.0719589666 -0.0612928942 -0.7416636348 -1.0085128546 -0.1291912645 -0.1473764628 -1.4020755291 -0.6673157215 -1.0667787790 0.7332090139 -1.6298938990 -0.4262236357 -0.0039122477 -0.0226569027 0.1048538238 -0.0106806187 -0.1764198691 0.4104754925 0.7200091481 -0.8755028844 -1.1982239485 -0.1019147411 -0.3808648586 1.1875391006 0.1707224995 -0.0684550256 -0.1244391054 -1.7465749979 -0.0558365881 -0.0540703684 -1.4504756927 -0.4147822559 -0.0424119160 -0.0104893427 -0.9304158688 -0.1772758961 -0.0774968415 -1.7536674738 -0.9101436138 -0.1730147600 -0.8219651580 -0.0139850238 -0.5461381674 0.9694380164 -0.3332316577 -0.4228174686 -0.3704725206 0.1583250016 0.3655573130 0.6026978493 0.3707195520 -0.4568014741 -0.8383726478 2.3528473377 -0.1873646379 -0.1551187932 -0.4092020988 -0.3779278696 0.3031177223 0.0140904393 0.9917241335 -0.9992663264 -0.1272415966 1.1157000065 -1.1973502636 0.0411609896 -0.0000104755 -0.1733254343 -0.8170254230 -0.0621493459 -0.0113890618 0.2953121066 0.8911907673 -1.6152321100 0.4315596521 -0.6323547363 -0.4266988337 0.2498861253 0.2892093360 -0.6789675355 -1.0074478388 -0.3242815137 0.2050310522 0.6097682118 -0.9536343217 -1.2536170483 -0.8879330158 -0.3443513513 0.1700177491 -0.8780369163 -1.1088770628 -0.7037634254 -0.4343138039 -1.1934136152 0.2616122365 0.0662677959 -0.0776008591 -1.0729026794 0.4673103392 -1.0158511400 -0.7672441006 -0.1000549719 0.0259271637 -0.5679963231 -0.0435009152 0.0222226009 -0.2382604331 -0.8997680545 0.5420125127 -0.6725534797 -0.5144882202 -0.4776535928 0.2977681458 -0.7363070846 -0.1151507497 -0.0378692448 -0.2661598921 -0.4917092323 1.5036706924 -0.8098236322 -0.0094429115 1.3407597542 -0.4201130569 -0.8124758601 -1.3710026741 0.5244562030 0.5974453688 -0.7821946144 1.1163376570 -0.0067698285 -1.2017843723 -1.9424837828 -0.4479093254 -0.0599954166 0.3644418418 1.0990272760 -0.2213485092 0.4345784783 -1.4935864210 -0.6251168847 -0.1692849994 0.5201576948 0.1684102416 -1.1050798893 -0.3460527658 -0.0326854698 -0.5120166540 -0.6263548732 -0.0757401958 -0.2322717607 -3.3363876343 -0.0427634753 0.1580054909 -0.3563514054 1.3426835537 -0.6508532166 -0.4558737576 0.0471281484 -0.0022237599 -0.9069933891 0.6276391745 0.0330655426 -0.6556388736 -0.1155916303 0.7974750400 0.1022694856 -0.0268911347 -0.5538417101 -0.9713218808 -0.0403388031 1.2336735725 0.8858995438 -0.1942894906 -1.4022760391 -0.7605789900 -0.1984698623 0.2433049530 0.8249536157 0.0494650006 -1.2953916788 1.2003248930 -0.4646370709 -0.2789492011 0.7553768158 0.7457451820 -1.1108156443
0.0208707731 -0.7919722199 -0.0524740666 -0.1157534644 -0.3970082998 -0.9834410548 -0.8706344962 0.3618674576 -0.4927988648 -0.3059213459 -0.1193432063 -0.8191670179 -0.3168662786 -0.2279967517 -0.0150618870 0.0501898602 -0.2190328836 -0.0445264429 -0.2072954327 0.3681388497 -1.1939573288 -1.5636194944 -0.2177085280 -0.0274669304 -0.6331283450 0.2421390414 -1.6777737141 -0.2446831167 -0.0996914804 -0.4376446307 -0.5219914913 0.4712540805 -0.7751253247 -0.1410343051 -1.8938865662 0.0164492875 0.8339118361 -0.5001145601 -0.8917750716 -0.0454807356 -0.1940286607 0.0027260780 -0.2319703996 -0.3692108691 -0.3857038915 -0.5349383354 -0.7568021417 -0.2076088339 0.1498472691 0.1238475814 0.3458090425 0.3497399092 0.0619533584 -0.4557105005 -0.0967287943 0.1185499132 0.0731454790 -0.0596475899 -0.0014492638 -1.3495130539 -0.4252817929 -0.2766258419 -1.6946736574 -0.0097272648 0.2711190581 0.6420921087 -0.2038513720 -0.4758412540 -0.2703900933 -0.0395605862 -0.2768940628 -0.0201515332 0.4294163287 -0.2215192914 0.0567436218 -0.1827752590 -0.6611378193 0.1334643811 -2.1899061203 0.0080138193 0.2744486928 -0.9984378219 -0.0422029570 -0.0085452273 -0.0563448668 0.2451269180 -2.4381136894 0.0548669174 0.2958746254 -0.2807357013 -0.7881096005 0.1577031910 0.2905835211 -0.1223467588 -0.0507570431 -1.2459080219 0.2512598634 -0.3235342801 0.0225893781 -0.0060179369 -0.0988907367 0.1400620490 0.1402031779 -0.8190773129 -0.5466949940 0.0022024878 -0.0621021017 -0.4274513125 -0.5490565300 -0.1356601268 -0.6337677836 0.1742786765 -0.0181072839 0.3975608051 -0.8326612711 0.7243367434 -0.6255622506 0.0845813602 -0.4446277320 -0.0426436439 -1.2817463875 -0.1554562747 -0.0447010398 -0.7215560079 -0.3368980289 -0.2421119958 -0.5975394845 0.0255120546 -0.0827661082 -0.0176118240 0.1485428810 -0.4221611917 -0.0168082342 -0.4471085072 -0.8125227690 -1.0897728205 0.0516268387 -0.0041718334 -0.3213827908 0.0068560764 -0.0526009426 0.0283775404 -0.4359980226 -0.1747828573 0.4598013163 0.2195439786 -0.4703977108 -0.4841405451 -0.1301217824 -0.2265569121 -0.0218129121 0.2156306356 -0.0543428808 -0.8655794859 -0.7134361267 0.1393477917 0.1025110036 0.1033063158 -0.7867645621 -0.3385988176 -0.0403358079 -0.9877166748 0.3411532044 -0.8499017954 0.6264930367 0.0389418378 0.0485297106 -0.1214101166 -0.0497690216 -0.4190672040 -0.5235046744 -0.0448232256 -0.0055522323 -0.4965812266 -0.5674906969 -0.0481284037 -0.0747142658 -0.1896182597 -0.1144636199 0.5910444260 -0.2037927955 -0.5882366300 -0.7092065215 0.6620957255 -0.9290198684 -0.2076629996 -0.2840338945 0.0365725160 -0.2125719935 -0.7989881635 -1.1383806467 0.0606589690 0.6764635444 0.2136753052 -0.2317054868 -0.6839499474 0.5709734559 -0.4366316199 -0.7140700221 -0.0206767991 -0.5187513828 -0.2944124043 -2.6909286976 -0.2670902312 -1.0623879433 -0.5996549726 0.0021415250 -0.0088714436 -0.7462451458 0.0448698960 -0.8796833754 -0.3377546966 -0.1409556121 0.0681445599 -0.6244344711 -0.0080941282 -1.4405440092 -0.0049841823 0.0244937316 -1.3908523321 -1.0456379652 -0.0395430811 -0.3692189455 -2.3620913029 -0.1692848355 -0.2506234348 0.0527652949 0.0500688627 -0.6674575210 -0.0522276647 -0.4567262232 0.6776964664 -0.7236860394 -0.5249589682 -0.2790081203 0.0616757646 -0.0421765521 -1.6471633911 -0.3020636141 -0.0844712034 -0.4277938306 -0.9764283299 0.0143388882 0.4045576155 0.4612882137 -0.5246378183 -0.0048533082 0.1463115513 0.0130660981 -0.6637129188 0.5715979934 -0.1968632489 0.4286108315 0.0344027728 -0.9429240823 0.0708020255
0.5101538897 -0.2269272208 -0.5028055906 0.1442758441 -1.2505999804 -0.4425878227 0.2228543013 -0.7618561983 -0.0485557504 -0.2653298676 0.7286208868 0.9429187179 0.4032528698 0.0613301285 -0.4615975320 -2.1200871468 -1.3665430546 -0.1808982641 -0.3795484304 -0.2139750868 -1.0429778099 0.7108685374 1.6810085773 0.0373797864 -2.5972063541 0.7213729620 -0.5665017962 -1.8513547182 -0.1086012125 0.0013283587 -0.2638404965 0.1972486228 -1.9548813105 0.3626191914 -0.3525014520 0.5841209888 0.2294748873 0.8787299991 -0.1207973063 -0.1834283620 -1.0007253885 0.0567101873 -1.1586519480 -0.4927784801 -0.7009322643 -0.2648004591 -1.4977765083 1.2349402905 -0.4554080367 -1.2269157171 -0.7911838293 0.8288041353 -0.2349618822 -0.2277027816 -1.5968849659 -0.4193173349 0.5397731066 -0.5227398872 0.6973781586 0.0394406058 0.8637479544 -1.2804408073 -0.5776304603 0.0592752546 -1.3677140474 -1.8300092220 -1.2062170506 -0.8305775523 0.0147794383 -0.0852872729 0.2593121827 0.0466594771 0.7751023173 -0.4031988382 0.5332045555 -0.2045871019 -0.0337000489 0.9280356765 0.0043774084 0.9919282794 0.2275409698 -1.1883382797 0.0431686118 0.0596316233 0.9223327637 0.5332506299 0.1445226967 -0.0759021416 0.9562215209 -0.4271405935 -0.9249243140 0.0057602129 0.2767009139 0.0164029002 0.6707742214 -0.3194572330 -0.0436325483 -1.5459749699 0.0417178720 0.2139342427 0.6361675858 -0.3719987869 -0.3095431030 1.0479328632 1.2516227961 -0.8230447173 0.2063484788 1.8396903276 1.4619685411 -0.5983285904 -1.3387496471 -0.3641315103 0.4686795473 0.6750126481 -1.3801635504 -2.1287970543 -1.0355467796 0.0192986317 0.4640550017 0.2641232312 -0.0984699279 0.0263536237 0.6321266294 0.1782831103 -0.3030233979 -0.1720696837 -2.0971956253 -1.5212978125 -0.3417344987 0.0143896900 -0.7263011932 -0.4612100422 -0.3456819654 -0.7801458836 -0.1387849599 -0.6872679591 -0.0192683190 0.5320677757 0.5751620531 0.0335722640 0.0061325580 0.0127287144 1.0226576328 -0.1786403358 -0.1865745485 -0.4957422018 0.0815977752 0.9388014674 -1.5172263384 -2.2489013672 1.3214393854 -1.4243032932 -0.6797606945 0.8053021431 -2.0022990704 0.4896473289 -0.5561033487 -0.9105116725 -0.7216010094 -1.2940676212 -0.2322587669 -0.8636391163 1.1003558636 -0.1642677933 0.8287459612 0.2380511910 1.5164369345 -0.3590276539 -0.5056073070 0.3757581413 -0.5922972560 -0.9918847680 0.0001707301 0.6494805813 -1.0244598389 -0.0578956455 -0.4864299893 -0.3162073195 0.1774041504 -2.3776235580 0.0397091173 -0.7776871324 0.5467769504 -0.2982577384 -1.9982244968 0.8864499927 0.1918088198 -0.2693575025 0.0581507646 -0.9971577525 -0.6206598282 -0.2172783464 1.6810669899 -0.2829464674 0.4864084721 -0.2972269058 0.7362031341 -0.8550335169 0.3687428236 0.0295412689 -1.1968498230 0.6841984987 -1.0051509142 0.3927354813 -0.4452028871 0.3227485716 0.0319074094 0.2463563085 -1.3131233454 1.5070489645 0.1461374015 0.4887434840 0.1095992550 -0.7256404161 -0.8107903600 -0.7460914254 0.2724204957 -0.1005596891 0.4620381296 -0.3547624946 0.0360289104 0.6759546995 -1.7638721466 -1.5424908400 0.2905294597 0.8591415286 -0.2320949286 -0.0543416291 0.6271190047 0.3446019888 -0.4884083867 0.8780261874 0.9605905414 0.3579430282 0.0823336914 -0.3951250911 0.0246940330 -0.7323475480 0.1264190227 1.2263406515 0.0284675248 0.3717607260 -0.0289298948 0.5677301884 0.1336619556 0.9492011666 0.0060021481 -0.6163459420 0.0288094431 0.7477213740 0.0159509107 -0.3155067265 0.0649995580 0.2454416305 -1.0603249073 -0.7919799089
0.0032246900 -0.0099382838 0.0301999673 -0.0324623398 0.0392546356 0.0308519546 0.0105206445 -0.0633426830 0.0026994217 -0.0185604785 0.0484281480 -0.0664812997 -0.0489093848 0.0251976792 -0.0031759692 -0.0270918813 0.0167987552 -0.0505154505 0.0193044487 0.0354721434 0.0230927281 -0.0193658341 -0.0220315084 -0.0504452214 0.0297603942 -0.0521847308 -0.0249139983 -0.0235589761 -0.0358950160 -0.0329680480 0.0324506424 -0.0540783703 -0.0418175235 -0.0114280740 -0.0391214676 -0.0410868749 0.0231994726 -0.0585457534 -0.0608889237 -0.0406818129 -0.0201278701 0.0216134936 -0.0545797758 -0.0226157531 -0.0260349158 0.0364891514 -0.0558827892 -0.0391570143 -0.0271802191 0.0440627038 0.0005167231 0.0176482219 -0.0082537979 -0.0271442737 0.0421879478 -0.0576460063 0.0584742874 -0.0339645892 -0.0364730358 0.0256392341 0.0217695776 0.0402412154 0.0404774621 0.0054623410 -0.0618395843 -0.0527633727 0.0243852139 -0.0390940830 -0.0442423560 -0.0439527780 -0.0258141123 0.0596214160 -0.0136212371 -0.0433189310 -0.0294392798 -0.0562101007 -0.0390615351 -0.0184124373 -0.0514443740 0.0102000851 -0.0115810400 -0.0787656903 0.0525872856 -0.0454898030 -0.0483854674 0.0430895649 -0.0137178833 -0.0336940512 -0.0017025899 0.0341576561 -0.0671822727 0.0121789277 0.0399655141 -0.0274758860 -0.0120723397 -0.0442085229 0.0323712043 -0.0520488024 -0.0224659294 0.0479246229 -0.0429391339 -0.0294420291 -0.0681004450 -0.0440816432 0.0271226261 -0.0097335400 0.0577601865 -0.0394968279 -0.0157674421 -0.0043448149 0.0153852552 0.0020742270 -0.0352011360 -0.0426996611 -0.0293402858 0.0492749363 -0.0703420937 -0.0284667630 -0.0598639734 -0.0012335703 0.0294627901 -0.0189285111 -0.0083671110 0.0460876599 -0.0512224101 0.0243194979 -0.0090321200 -0.0133116664 -0.0680251196 -0.0355537459 -0.0369151346 -0.0307612345 -0.0464611948 0.0166146867 -0.0281596687 -0.0009435039 -0.0563708767 0.0255996529 -0.0278521907 0.0106600747 0.0563348010 0.0353666060 0.0356016047 -0.0246293601 0.0339244641 0.0095447060 -0.0358963721 0.0334115773 -0.0011853564 0.0132909492 -0.0269551165 0.0542248189 -0.0550934039 -0.0053802175 0.0036178667 0.0019325964 0.0115600917 -0.0648301616 -0.0171917751 0.0022869315 0.0456902049 -0.0607305206 -0.0343935490 0.0162819121 -0.0602206625 0.0293775722 -0.0802590623 0.0429975539 0.0369708911 0.0034698935 -0.0567455366 0.0550046638 -0.0495089293 -0.0389497504 0.0162931476 0.0553328022 0.0047908402 0.0113301314 0.0510747284 -0.0543577000 -0.0715706795 -0.0176303927 -0.0115943681 -0.0480179638 0.0068568913 -0.0817491412 -0.0632065088 0.0363515168 -0.0109679792 -0.0002500167 -0.0407815874 0.0181538276 0.0217536204 -0.0607882701 -0.0015637121 -0.0483492129 0.0019363948 0.0498809218 -0.0311695170 -0.0468828231 0.0072980491 0.0214891266 0.0023863360 -0.0431027524 0.0452674069 -0.0021763768 -0.0201621186 0.0278102160 -0.0647144839 -0.0355332606 -0.0467863604 -0.0219337903 0.0568570942 0.0162313115 -0.0239466950 0.0496503487 -0.0584160946 0.0158657562 0.0254288018 -0.0121565638 -0.0075567327 -0.0354123674 -0.0422898792 0.0348371118 0.0058350516 0.0445629694 -0.0288058519 0.0153328255 -0.0563344955 -0.0559046790 -0.0708535165 -0.0279520564 -0.0250871330 -0.0001975892 -0.0032141209 -0.0173768699 0.0558997691 -0.0734821782 -0.0737933591 0.0078106588 -0.0442020223 0.0337268673 0.0315904543 -0.0148506379 -0.0061032237 -0.0746981278 0.0348170102 0.0386013500 0.0501495972 0.0099118436 0.0427496284 0.0371451937 -0.0424382687 -0.0426246375 0.0192137565 -0.0072787213
-0.0600045510 -0.0294979047 -0.0541011021 -0.0605780557 -0.0840081051 0.0440265611 0.0024479986 0.0230408479 -0.0729139075 -0.0224986225 -0.0211222470 -0.0013468503 0.0178545415 -0.0333077237 0.0351678245 -0.0731631219 0.0218934733 -0.0309012830 0.0085180467 -0.0747753382 -0.0413829833 -0.0315154716 -0.0497900508 0.0348836333 -0.0747080147 0.0112117082 -0.0541866794 0.0397065803 0.0361128822 0.0452243425 -0.0246935505 -0.0571143366 -0.0600380450 -0.0569786951 0.0180722121 -0.0091854334 -0.0735953078 -0.0764222518 0.0285503045 -0.0157991312 -0.0324272737 0.0419203714 -0.0008895338 -0.0133293457 0.0453323871 0.0075150877 -0.0869813487 -0.0014307643 -0.0530423149 0.0242125895 0.0394122675 0.0027332972 0.0367482230 -0.0165502429 -0.0450116694 -0.0442352965 0.0105320085 -0.0607754439 -0.0404961966 0.0161234774 -0.0277850702 -0.0662503242 -0.0585997105 0.0507640354 -0.0407258794 -0.0690821037 0.0188592505 0.0430496670 -0.0254096165 0.0419600904 -0.0715044886 -0.0109671652 0.0363453589 -0.0418826081 -0.0561361350 0.0256213117 -0.0255790483 -0.0155314589 -0.0712483078 -0.0289344694 -0.0105616450 0.0499888323 0.0531148240 0.0008808896 -0.0404902659 0.0413505435 -0.0581198335 0.0477879345 0.0117452461 0.0089126807 -0.0309893824 -0.0040129377 0.0227888841 -0.0840216950 -0.0371353328 0.0379381813 -0.0740395486 -0.0353478566 -0.0250671059 -0.0053616376 0.0223236643 -0.0244233329 -0.0783515722 -0.0283965282 -0.0236713961 0.0235853642 -0.0402437970 0.0139876185 0.0171708465 0.0182879027 -0.0457826033 0.0202271827 -0.0246005468 -0.0250727534 0.0415018313 0.0453788266 -0.0604206137 0.0009590436 -0.0553134270 0.0161030367 -0.0818759650 0.0508220419 0.0157754850 -0.0501137897 -0.0620825663 -0.0711569488 -0.0656210706 0.0051796925 -0.0023115317 -0.0112861022 -0.0023505581 -0.0376323648 -0.0146893188 0.0185555480 0.0000335071 -0.0431026742 0.0431668609 -0.0652123243 0.0326717198 0.0032359213 0.0545146912 0.0379311033 0.0209847074 -0.0111016268 -0.0296770260 0.0088530350 -0.0697201863 0.0268408079 -0.0010011584 -0.0750303566 -0.0448562503 -0.0164742246 -0.0562024824 -0.0104669835 0.0307417549 0.0425397493 -0.0684457868 -0.0237539504 0.0765995756 0.0334011838 -0.0051493431 0.0186803825 -0.0589891598 0.0159304142 0.0403053835 0.0020041689 0.0052959574 0.0152337402 0.0534147993 -0.0689320415 -0.0445619486 -0.0272273012 0.0380753875 -0.0462000892 -0.0694183782 -0.0333960950 0.0025546665 -0.0765086263 0.0425639600 -0.0210541189 -0.0228463020 -0.0221780781 0.0046419175 0.0300371740 -0.0332017615 -0.0119251646 -0.0396935306 -0.0378204845 -0.0542011298 0.0357753336 -0.0308385361 -0.0304146223 -0.0317062736 0.0144993225 0.0407179222 -0.0712011680 -0.0479993336 -0.0470859930 -0.0573500581 0.0242126510 -0.0297708306 0.0101531046 -0.0115818065 -0.0086081382 -0.0507933795 0.0270601809 -0.1025192887 0.0577180088 -0.0529345088 -0.0059540533 0.0192238651 -0.0139466180 -0.0380401239 -0.0168393701 -0.0151483668 -0.0006378144 0.0136157153 -0.0488599390 0.0190920010 -0.0030088297 0.0194720589 0.0444952250 -0.0425126143 -0.0099259922 0.0146815302 -0.0743052587 -0.0267173499 0.0437695161 -0.0000805731 0.0176961720 0.0310769640 -0.0371649265 -0.0628082007 -0.0195678603 0.0068722880 -0.0483499020 0.0433899313 0.0290060975 -0.0462672003 0.0249822512 0.0226856265 -0.0442555174 0.0387501642 -0.0451861583 -0.0930930004 -0.0634607822 -0.0178622082 -0.0454784110 0.0462570116 0.0109303268 0.0010862589 -0.0529862083 0.0090555595 0.0389296263 0.0165112484 -0.0952620432
0.2112842053 -0.6545187235 0.1763234586 0.0515496656 -0.4263295531 0.2825084329 -1.3280755281 -0.0986872837 0.0100038685 0.1278589517 -0.1229922399 -0.9340156317 -0.1150588766 -0.7229013443 -0.7624652982 0.2201581746 -1.4578386545 -0.0821593776 0.4063200355 0.1411450207 0.1064093560 0.2527123988 0.1996110976 -0.0029308125 -1.1045638323 -0.2633135021 -0.1323157698 -0.6806124449 0.5355063081 0.6361833215 0.1531346887 -0.2223310173 -0.3360745013 -0.0994626358 -0.1426128000 0.4542270601 0.0107210604 0.5526965261 0.1162633747 0.0403425246 0.1332114935 0.0206983015 -0.4672796428 -0.2031413466 0.1559469700 0.2661486864 -0.3424468040 0.1008310243 -0.6451910138 -0.5632308125 0.2394947410 -0.6221718788 -0.2175036818 0.0573365130 -0.1078284606 -0.4751296341 -0.8587444425 0.2857838273 0.1308461726 -0.0105609298 -0.5106815100 -0.8720653057 -0.3882253170 -0.0049487273 -0.2782714665 0.0068080300 0.0375282057 -0.3865476847 -0.3039385378 0.4273930490 -0.7546837926 0.0265174061 -0.3247840106 -0.0469267294 -0.1958459914 -0.2864502966 -0.1411653310 -0.0969806537 -0.3215620816 -0.2030739784 -0.3651762903 0.1277368963 0.0280890465 0.0396966338 0.1571982354 0.3865846694 0.3549382389 0.2181178331 -0.2464611232 -0.5234636068 -0.1207584292 0.2193733007 -0.1037196070 -0.0998147503 0.3772999644 0.5083615780 0.0947073475 -0.2944586277 -0.0243129209 -0.0281846654 -0.4018409252 0.2057711035 0.4564227462 -0.9589399099 -0.4099878371 0.1405565888 -0.0511326604 -0.5489760637 -0.1151029840 -0.5125634074 0.2191673964 0.1469160616 -0.6065682173 0.0882632956 -0.1290342510 -0.1240378022 -0.2260597199 0.1265171468 0.2337752730 0.3054101467 -0.0638176799 -0.3420597315 0.4314391613 -0.0889758021 -0.4241747558 0.0251194686 -0.5968732834 -0.1493845582 0.3998488486 0.0516290963 0.0728197098 0.0113162026 0.3222296238 -0.4073703289 -0.2020013034 -0.1798640937 0.0259759054 0.3373061419 -0.0763262361 -0.0154275894 0.0273081809 0.1035785750 0.4477264881 0.1146475822 -0.7320751548 0.1567194015 0.3655725121 -0.3291815221 -0.6758331060 -0.2738106549 -0.5535332561 -0.3744389415 -0.2509948015 -0.0539082512 0.2727462351 -0.1561645567 0.0265978426 -0.0240662955 0.1702202559 0.1692402214 0.1855577976 -0.3796548545 0.4518068135 -0.1849328876 0.1612758487 -0.3214881420 -0.1175060868 0.0323033445 -0.1924023330 -0.1742527932 -0.1663218439 0.2597902715 -0.0089718699 -0.3438783884 -0.1791945994 -0.0328531638 0.1160653457 -0.3523715138 -0.0237074718 -0.1623520702 0.1566373408 -0.2324872166 -0.4034933150 0.1321701258 0.2162044346 -0.1927622259 0.0335055403 -0.2924227417 -0.3865250051 0.1411498934 0.1811912358 -0.3477142155 0.0960767567 -0.2118386328 0.2242562026 0.4149295092 0.1283729672 -0.6095121503 -0.8218257427 0.0293975621 -0.5633353591 -0.5668999553 -0.2432785779 -0.5874040127 -0.0053331703 0.0647122785 -0.2259918302 0.0602660067 -0.2225111425 0.1101281792 -0.3690726757 0.7039941549 0.1732579172 -0.0552264526 0.1220321059 -0.1300223768 -0.2936944366 -0.0315043144 0.4557940066 -0.1059185714 0.0601800382 -1.3785716295 -0.4793188274 0.0819317251 -0.1445537806 0.1027158499 -0.1935851723 0.0198424235 0.0856792554 -0.6239160895 0.1453787088 0.1029369012 -0.3475469649 0.3464429080 0.3902110159 -0.0791665763 0.0364085510 0.2877365351 0.1476807743 -0.0100433649 -0.8298586607 0.5195102096 -0.5047562122 -0.6611483693 -0.2362419963 0.0716158524 0.2245208472 0.3870155215 -0.0416165143 0.6171884537 0.3848663867 0.3401555121 0.2454937100 -0.2285378128 -0.3180668950 0.2462401539
-0.5542775989 -0.1917296052 -0.0540400594 0.2533721328 -0.5483764410 -0.1813728809 -1.2067327499 -0.1631944478 0.2180622965 -0.1720953435 -0.4109368026 -0.1894171089 -0.0151240248 -0.5289928913 -0.6434145570 0.1864685863 -0.2518947721 0.0450299010 0.0146723799 0.1003777236 -0.9027116299 -0.1221819445 0.6772354841 -0.0198876560 -0.0353436656 0.6233628988 0.1850783676 0.2833707631 -0.3306722343 -0.0463395640 -0.2355777323 -0.2021506280 -0.0978406444 0.1278998405 -1.1670657396 -0.0368980095 -0.2403532565 0.3073231280 0.0772761479 0.3193512857 -1.4610912800 0.0776754841 -0.2742204368 0.1950688213 -1.0455367565 0.0529561937 0.4398344159 0.3879970908 -0.2608979344 -0.2915348411 0.0518846139 -0.5474177003 0.0100488439 0.7029969692 0.5184530616 -0.0479565859 -0.1808383316 -0.0387817994 0.0917112976 -0.2144365907 -0.5532673597 -0.6848473549 0.4766846895 0.0167374257 -1.0277806520 0.2495314628 0.0939592347 -0.3490498364 0.0259995367 -0.0236304104 -0.0209991336 0.0434009656 -0.7420286536 -0.0413817279 0.3366127908 -1.0857551098 0.2330856621 -0.4467522502 -0.5038902760 0.1189698949 0.1681791246 -0.1928970665 0.0080085918 -0.0050110221 -0.0172956865 0.0062467828 -0.0819572136 0.0432669520 0.3019976318 -0.0427832641 0.2775383294 -0.0026193596 0.4558199048 0.1267729849 0.0042117611 -0.1848793179 0.0246067829 0.2645167410 0.0556969941 -0.0970250294 0.0164476447 -0.0404111519 -0.1043753326 -0.5869377851 -0.0956160575 -0.5403432846 0.0014654847 0.3154966235 0.3448688984 -0.3700134158 0.1518823057 -0.1315030903 -0.1307317466 -0.1488068402 -1.5378661156 -0.3233968616 -0.3659990728 -0.1386250556 -0.0507960767 -0.0134634003 0.0553719550 -0.4376363158 0.0831670016 -0.8474448323 -0.1884124428 0.3332474828 -0.1198063865 -0.1368650794 -0.3066147566 0.0001654256 -0.9527040720 -0.0010563226 -0.0153333992 0.0301364157 0.1837919503 -0.9078324437 0.0599231943 0.0731692314 -0.0099393930 -0.0159157589 -0.0185417905 0.1796989590 -0.0407934599 0.0906241313 0.4987699687 -0.7204810381 -0.3589733541 -0.6792699099 -0.1727245152 -0.0256491210 -0.1918205321 -0.0311953593 0.0613233671 0.1692514867 0.2480044067 -0.2933250368 0.1514041573 -0.3940907121 0.0656353682 -0.4262534976 0.6133520603 -0.4430724978 0.5325480103 -0.2568776309 -0.1983739585 -0.0101674423 -0.7395474911 0.0298299305 -0.0074344054 -0.0370624475 0.0934353545 0.0547895730 0.0393557996 -0.4315059185 -0.2490543723 0.0230609700 0.1750040352 -0.0712125078 -0.0272060335 -0.0723742098 -0.0197908338 0.0570243858 0.5375076532 -0.1068436876 -0.7201619744 0.2079975307 0.1783228517 -0.7410104275 -0.2514275014 0.1578186750 -1.0202533007 -0.0257972050 0.1587772965 -0.1177149266 -0.0185596757 0.5261745453 0.3352001011 -0.1359018832 -0.4081546664 -0.0131834522 0.3740867078 -0.0053653866 -0.2056203485 -0.6162960529 -0.3286814690 -0.0586569682 0.2247264981 -0.0357561707 -0.0511718318 -0.6225871444 -0.2885930836 -0.1039965004 0.0772708878 0.1026263833 -0.0132217621 0.0702330470 0.0253159981 0.2683462501 -0.0059151202 -0.0871928260 -0.2188535035 -0.4930574596 0.2624021173 -0.6599703431 -0.3499414027 -0.5634232163 -0.0137664303 0.0293174908 -0.5816696882 -0.0280992612 -1.1252509356 -0.3797284067 0.3345054686 0.2241598368 -0.2325619906 0.0230884235 0.0276568979 -0.2569192350 -0.2987757623 -0.4825858772 -0.8294224739 -0.7329571247 0.0137154162 -0.3562848270 0.0991513878 1.3391145468 -0.0563392565 0.1151853874 -0.0194494501 -0.9248222709 -0.9602018595 -0.5305556059 -0.0374695323 0.0366376266 -0.0048184646 -0.2046751976
0.0364249162 -0.0443494394 0.0464795381 -0.0617378950 -0.0466517322 -0.0293356329 -0.0028730354 -0.0077896095 -0.0710251778 -0.0041090441 -0.0515289865 -0.0114554614 -0.0394675024 -0.0224237461 -0.0105003314 -0.0159081034 -0.0379481353 0.0496878177 -0.0062759006 0.0471516140 -0.0354990736 0.0137173552 0.0248804949 0.0280403271 0.0256837290 -0.0100259995 -0.0062749190 -0.0459497645 0.0146755623 -0.0106905028 0.0077937823 0.0107386941 -0.0596265644 0.0303195380 0.0216893386 -0.0402570516 -0.0226071309 -0.0290921554 0.0373605751 -0.0480463095 0.0249222741 -0.0616715923 -0.0210017562 0.0324693844 -0.0788411796 -0.0361808091 0.0277913418 -0.0443520434 -0.0240415744 0.0022222917 0.0254982635 -0.0282852259 -0.0534715205 0.0300486721 -0.0448230281 -0.0022230595 -0.0460021682 0.0332590193 -0.0600063056 -0.0559934005 0.0044327416 0.0062460531 -0.0275357347 0.0060741706 -0.0647049025 -0.0524058118 0.0030176914 -0.0740945339 -0.0240282044 -0.0101368725 -0.0489702448 0.0462328047 -0.0529714637 0.0190714430 -0.0399771035 -0.0655156672 -0.0757681727 -0.0651046336 -0.0183146652 -0.0521946512 0.0118726715 -0.0636767522 -0.0106241703 -0.0275686383 -0.0436762758 -0.0509571210 0.0619267859 0.0150774568 0.0030627802 -0.0484214127 0.0162481479 -0.0247687306 0.0353856534 0.0217411909 0.0283289477 0.0173358712 -0.0425009131 -0.0455483682 0.0259925500 -0.0286331866 -0.0041409261 -0.0584639013 -0.0757070035 -0.0682624131 0.0009009114 -0.0345452316 -0.0004801753 0.0081008114 -0.0704388693 0.0122782644 0.0117104724 -0.0458449274 -0.0643321201 -0.0851709023 -0.0408848412 -0.0210702866 -0.0734409168 -0.0433382913 -0.0166429915 0.0335046053 -0.0894161910 0.0328238681 -0.0641113520 -0.0513646789 -0.0452503189 0.0241068266 -0.0403215103 -0.0009474469 0.0326033868 -0.0604652837 -0.0273766927 0.0400530808 0.0624276102 0.0224880986 0.0120645370 0.0139907347 0.0225779116 0.0193615127 0.0191580430 0.0091700554 -0.0460507497 -0.0095366519 -0.0221987944 -0.0199162252 0.0294151865 0.0299853235 0.0358367078 0.0026833415 -0.0610714257 -0.0848635137 0.0415102243 0.0420493260 0.0113674123 0.0349093750 0.0097653065 -0.0315074399 0.0247750189 -0.0115862880 -0.0278061647 -0.0529288873 0.0020272238 0.0324717499 -0.0097459927 -0.0135666030 -0.0620378256 0.0345819592 -0.0776541457 -0.0098465756 0.0112785921 0.0179797821 -0.0470695756 0.0013083220 0.0097876489 -0.0039897999 -0.0479179323 -0.0527245328 0.0311008859 -0.0249347650 0.0122539848 0.0311175864 -0.0887355432 -0.0251295008 0.0144922147 -0.0567464381 0.0502978712 0.0311800204 0.0143699814 -0.0222659353 -0.0406028219 0.0190555621 -0.0787020475 0.0155580882 -0.0252925884 -0.0095053166 -0.0205907784 0.0600761995 -0.0393674932 -0.0265312567 -0.0567355193 -0.0131484419 0.0181477517 -0.0189180672 -0.0631287396 -0.0657906607 0.0165218972 0.0219627842 -0.0276083946 -0.0451570675 0.0012577802 -0.0848814845 0.0076756454 0.0129318200 -0.0386364534 -0.0324341133 -0.0615053512 0.0167624950 -0.0213187709 0.0199669916 -0.0293672308 0.0000956162 0.0272947643 0.0076330109 -0.0848807022 -0.0787038431 -0.0228743367 -0.0001063742 -0.0122991949 -0.0018195435 -0.0508070178 -0.0028947443 -0.0237168837 0.0139019210 -0.0423040651 -0.0861420855 0.0331472121 -0.0242499784 0.0047949776 -0.0618155263 -0.0068196268 -0.0587199926 0.0223536957 0.0079637319 -0.0418344066 -0.0628988221 -0.0518803447 -0.0854860246 -0.0619369596 0.0148732979 -0.0521123037 0.0150627885 -0.0338462703 0.0088717295 0.0269084796 -0.0204327479 0.0378069617 -0.0548848510
-0.4553938806 -0.0676123500 0.0344751626 -0.0621226132 -0.6514306068 -0.1212842092 -0.0762821436 0.2381898761 0.0245012194 0.0274644531 0.0247569829 -0.4538849592 -0.1247477233 -0.1704498678 -0.3528500795 -0.0402496085 -0.0642518327 0.0332744271 -0.3427817822 -0.1943871677 0.1766712666 -0.4805013835 -0.4737042189 -0.0083711073 -0.6108779907 0.1742177010 -0.3271623254 -0.4983640611 -0.4616372585 -0.0697250143 -0.5118321776 0.1148594618 -0.0394503288 -0.2363340259 -0.2734817863 0.0200917348 -0.0092298882 -0.0673798546 -0.1178888306 -0.0201102160 0.0026646107 0.0449747518 0.0425863080 -0.3194652200 -0.0793660358 0.0681718737 0.0271461066 -0.3047018945 0.0145537034 -0.4758577645 -0.0901537687 -0.0570365936 0.0359566882 -0.0384104699 -0.0735694245 0.0587981045 0.0255544055 -0.0563839972 -0.0943856537 -0.1353516281 -0.0185989905 -0.5791472197 0.0354653522 0.0330208018 -0.1411294490 0.0162173379 -0.3112501204 0.0418288670 0.0350361653 -0.0404096246 0.0065407176 -0.0294979960 0.2719233632 -0.0377133712 0.0188106932 -0.2942658365 -0.1928929240 0.1916827708 -0.2872597873 0.0175936036 -0.1659980118 -0.0200887173 -0.0007862076 0.0235869661 0.0425397865 -0.0534196645 -0.2631117404 0.0026335046 -0.1354475766 0.2762961686 -0.2360700220 0.0309881456 -0.1050859988 -0.1286201179 -0.0268490613 -0.5411661267 -0.0118741142 -0.0178310014 -0.0214780346 -0.1026762724 -0.3645535111 -0.0097415261 -0.2374856770 -0.0001342054 -0.3416990638 -0.0531485230 0.0786712989 0.0587130561 -0.4506729543 0.4351188540 -0.1253947616 0.3933117390 -0.5035044551 0.1280150414 -0.0754475892 -0.0545623824 -0.2721636891 -0.3474773467 -0.2392302006 -0.0517801419 -0.2712889910 -0.6662327647 0.0070100790 -0.0756857172 -0.0163733698 -0.1233042926 -0.3886713684 -0.3546305895 -0.1796136945 0.0357508585 0.1805151403 0.0193189103 0.0103041381 -0.1242813468 0.3748123348 0.3379893899 0.0253126547 0.0817583874 -0.1680334955 -0.0397009477 0.0359988809 -0.0267525334 -0.6746912003 -0.4522444606 0.0735679790 -0.2003678828 0.0736050382 -0.1154574081 -0.3030666709 -0.1507257521 -0.1879391223 -0.0311829150 -0.0432195775 -0.2134420425 0.0082457149 -0.0945648476 -0.0445742570 0.2321747839 -0.1121016070 -0.5190623403 0.0392855294 0.0172357801 -0.1872577965 -0.0859659761 0.0600837879 0.0483018383 -0.2425977141 0.0433508977 0.0121445358 0.0736330003 -0.0393183380 -0.0446810573 -0.0469744578 0.1972914040 0.2913905978 0.0136493370 -0.3871463239 -0.0263112783 0.0127625614 -0.1376301348 0.0594018325 -0.3856769204 -0.5388386846 0.0837546438 -0.5028038621 -0.0746376440 -0.0159349926 0.0509292223 -0.5727242231 0.0606483705 -0.4023348391 0.0919985250 -0.4123322070 -0.0118896924 0.0054635094 -0.4823332429 -0.1239138916 0.0075089899 -0.2444699258 0.0427851826 -0.3041896820 0.1645974666 -0.0296734553 0.2868110538 0.4013984799 -0.0363263488 -0.2503238320 -0.0107092187 0.6627058387 0.1251157224 -0.2296850383 0.0694189072 0.0057699159 0.0804629922 0.0423685871 -0.0247195661 -0.0398051739 -0.1127250716 -0.0229328573 -0.3085619509 -0.1537248045 -0.4000323415 -0.1488534957 -0.0613927320 0.0447695889 -0.0762170255 -0.0493052825 0.0104493350 -0.1572941989 -0.0046619475 -0.2277305722 -0.3800164461 -0.2614535689 -0.2253329456 -0.3834613562 0.0381098241 0.0288427994 -0.2478755414 0.0056909304 -0.0342358798 -0.0422622561 0.1346162558 0.0124367774 0.1822236627 -0.3344449103 -0.1917157918 -0.0211771354 0.1685009599 0.0506184176 0.1892217696 -0.2681039870 0.0429213904 -0.1994670630 -0.0035820752 -0.0290090051 -0.4279524386
-0.0015802803 -0.3850426376 -0.0519020781 0.0396223702 0.0843038112 -0.0603436045 -0.2883495688 -0.0044287094 -0.1304837614 0.0987806916 -0.0148945469 -0.1970861554 -0.0131459022 -0.0235617403 -0.1963512748 -0.0210279338 -0.0345762819 0.0523348600 -0.0769201815 0.0408469215 -0.0245578289 -0.0598940738 0.0032977005 -0.0598273277 -0.4554966092 -0.0413422771 -0.4136768579 -0.0918707103 0.0291862618 0.0188133419 -0.0735389218 -0.0741680935 -0.3047311306 -0.3255263567 -0.1070446372 0.0485727638 -0.2335147709 -0.0568495244 -0.4538773000 -0.1657622606 -0.2816998065 0.0210435390 -0.0693610087 0.0024334644 -0.1907288581 -0.0552759320 0.0090929428 -0.1216959730 0.0231900942 0.0440178625 0.0427512676 -0.0852876157 0.0081625134 -0.0310467482 -0.0903460085 0.0264467970 0.0312739126 0.0220417678 0.0978025496 -0.2438288033 -0.0483077504 -0.2081848383 -0.0916333869 -0.0123028532 -0.3444528878 -0.3510910869 0.0132376058 -0.1982349604 -0.0369739011 -0.0488175228 -0.0271826312 0.0503739715 0.0078092939 -0.0104574710 -0.0694355294 -0.1703908145 -0.1103624105 0.0243797526 0.0301097333 0.0034878631 -0.0544687621 0.1149884239 0.0381212831 0.0406548530 -0.0839953050 -0.0187865272 -0.1367212087 -0.0489598289 -0.3773405552 0.0250369720 -0.3173864186 -0.3702982068 -0.5590988994 0.1041747704 0.0484941527 -0.2328999937 -0.0676868260 0.0605399758 0.0002742484 -0.0107453987 -0.0454548448 -0.1316041499 0.0169449802 -0.0375170186 -0.1440283656 -0.1315571368 0.0294448491 0.0143111162 -0.2549293041 -0.0666794032 -0.2972519994 -0.2717203498 -0.0813339055 0.0549782515 -0.1399601847 0.0512820929 -0.0409640037 -0.0924151614 -0.1166084260 0.0583042949 -0.2488802671 -0.0556103066 -0.0875390843 -0.0628612190 0.0371740609 -0.0989576578 -0.0270946380 0.0256141424 0.0452407375 -0.0482428744 -0.0460484177 0.0754301548 -0.0377846882 -0.3828514516 -0.0895435885 -0.0186878908 0.0063883737 -0.6471935511 -0.0427242182 0.0344160944 0.0019007027 0.0625439882 0.0352800563 -0.0476011783 -0.1071128026 -0.1119372770 -0.2418040037 -0.0506024994 -0.0833804905 -0.0177945625 -0.0291866213 0.0181974173 -0.0493509062 -0.1826393157 -0.0630079657 -0.0623867065 0.0433628038 -0.0002538848 0.0723263472 0.0281960815 -0.0605977178 -0.3911573589 0.2314253747 0.0335861966 0.0438744463 0.0148455873 -0.0309541784 -0.0352369621 -0.0363267139 -0.0816762522 0.0141504584 -0.0530590862 0.0537757427 0.0718909651 0.0068616872 0.0470196381 0.0797080845 -0.0454806164 0.0413314030 -0.0817465410 -0.0625889823 -0.3279883862 -0.0429268852 -0.2653219998 0.0269259010 0.0173263885 -0.0869446397 -0.2032889873 -0.2592484653 -0.4919450581 -0.1554410607 -0.0688576400 -0.3733712435 -0.0553896353 -0.0170465298 0.0821803287 -0.0570159964 0.0161758233 -0.1962274611 0.0589703768 -0.2819810510 -0.2181422263 -0.2598921657 0.0017551557 -0.0318396464 0.0105409622 0.0180013981 -0.0167443082 0.0202451628 0.0012055513 -0.0026563657 -0.0564273894 0.0402521044 -0.0316063389 -0.5389584303 0.0096710995 -0.0033734441 -0.0428453423 0.0042444915 -0.2799189985 0.0421905853 -0.4654558897 -0.0797103867 -0.1450583488 0.0178057346 -0.0733007938 0.0230058730 0.0450485572 0.0108041409 0.0506435782 0.0416238680 -0.0844436660 -0.3810338974 -0.0679489523 -0.0170488656 0.0012698174 0.0019385591 -0.2399545163 -0.1017572656 0.0166937727 -0.1398651749 0.0496237092 0.0299183205 -0.0205420237 0.1992194653 -0.0925332159 0.0036761239 -0.2384574711 0.0508028939 -0.0301725361 0.1493333429 -0.0352940746 -0.1776372790 0.0113967881 -0.1502243429 -0.0643681884
-0.7434476614 -0.7450605631 -0.7937124968 0.0650807619 -0.4892582893 0.2779328823 -1.1595728397 -0.5033347607 0.3794036806 0.7247171998 -0.2062480748 -0.5001088381 -0.8980185986 0.0529135317 -0.6920343041 -0.3307805955 -0.4509229362 -0.0938723609 -0.4695340991 0.4517462850 -0.2422502935 -0.7950148582 0.2578815520 -0.0447685719 1.2606799603 0.5122448802 -0.4760316908 -0.3226810396 0.6262692213 -0.7360785007 -0.2531425655 0.0809188113 -1.0085893869 -0.6637664437 -1.4368476868 0.3750312924 0.1933214813 -0.2114311606 -0.2725560665 0.2602538764 -0.7492303848 -0.0218579173 -1.5403082371 -0.1710996330 0.7536419034 -0.9687218070 0.1525340825 -0.1635451168 -0.7264460325 -0.3233737648 -0.6695973277 -0.3779160678 0.1273299009 -0.2147145569 0.2498562336 -0.9838651419 0.7768542171 0.4610129297 -0.8291241527 -0.2308803797 -0.9112164378 0.0638301522 0.1284366399 0.0129757049 -1.2685655355 0.4875031710 -0.0703129545 -1.4255156517 0.4624968469 -0.0953627750 -0.1062462330 0.0304013789 -0.7087687254 -0.2497125119 -0.0218598731 -0.7900779247 -0.1837317944 -0.1525177807 -1.1052292585 0.3477541208 -0.4801572263 0.1076568142 -0.0583155677 0.0013437048 -0.1289539188 0.6547231078 1.2449573278 -1.0438487530 0.0291099511 -0.3342529237 -0.0234195217 0.5814076066 0.9218014479 -0.0204110704 0.1893100739 0.8645207286 -0.0213191677 -0.7821695805 0.0079773217 -0.5338516235 -0.6123623252 -0.2269096971 0.0666338205 -0.7001399994 0.3747472763 -0.1017397419 0.2257364094 -0.1644895375 -0.4630437195 -0.7146868110 0.0553783290 -0.2490102798 0.6374267936 -0.2118060589 -1.2158483267 -1.0060560703 -0.3794347644 0.4554749131 -0.8958536983 0.1377042830 0.0158733819 0.4198882282 -0.5802404284 -1.0242595673 0.2017056793 -0.4850129783 -1.1366063356 -1.3344436884 -0.7129098773 0.3809092641 -1.3186433315 -0.4051449597 -0.3038974404 -0.5549060702 -0.5875371099 0.3346661627 0.0619273931 0.8335636258 0.0193120036 -0.0577873364 0.0120800659 0.7399596572 0.4598678648 -0.0298782457 0.7666134238 -0.2816669941 -0.3149688542 0.1819955111 -1.0839788914 -0.0064827595 -0.4754769504 0.3005153537 -0.5439456105 -0.0767192245 0.3790312111 0.5687971711 -0.0603699610 -0.1640417427 -0.3964266181 -0.6465564966 0.3048574328 0.4783774912 -0.3288138509 0.0366143174 0.1422034353 -0.1743414700 -0.5307592154 0.1823884696 -0.4370282590 -0.1369103044 -0.4439957738 -0.0345302634 -0.0620222017 -0.1785465628 -0.3826080263 -0.0376759544 0.2583139241 0.0561236739 0.1410100311 0.0929301009 -0.4293348193 0.2509340048 -0.4155646861 -0.2544430494 -0.4463261962 -0.3514828086 -0.3893128037 -0.1069921777 0.3368875384 -0.6727942228 -0.5262067914 -0.2372751534 0.7020363808 -0.2660537660 -0.0429895110 0.2797318697 1.0297889709 -0.1165222526 -0.7287092805 -0.0476722419 -0.9701834917 -0.2579141855 -2.3169360161 -1.1109358072 0.2972853780 -0.4477587938 0.1842003912 -0.1860805154 -0.0874212757 0.2646546662 -0.2427955270 -0.1581228822 -0.1580344439 -0.0718765035 -1.9149881601 -0.3180301785 -0.1966774315 0.0238875877 0.2522921264 -1.9531630278 0.2126921713 0.1341061592 0.0561704040 -0.4047096372 -1.0228899717 -0.0537199713 0.1428107172 -0.0328770950 0.1930229813 0.2803050280 -0.8167425990 -0.0461336970 0.5680108666 0.0368637890 0.5764124990 0.1292708963 -0.0137873068 -0.2452181131 -0.0497159623 0.2091468275 0.6639106274 -0.2811267376 0.0399929434 -0.7169697285 0.8729422092 -0.2758224905 -0.2474916428 0.3197394609 -0.0195768327 0.0933126956 0.4434671998 -0.2906909883 -0.2459685206 0.3549486399 -1.2765024900 -0.5557498932
0.1415246278 0.2259446084 -0.3707826138 0.1086320281 -1.1365997791 0.2748816311 0.9687829018 0.9558541775 -2.5256371498 1.2554695606 1.0504297018 -0.2906410396 0.5776979327 -0.9204434752 1.6493583918 -0.7203373313 -0.2343111485 0.1479860842 -0.0602505840 -0.2155816853 0.1704803407 -0.0066279909 -1.7000005245 -0.0108035952 -0.2512238622 -1.0085754395 -0.7314952612 -1.2297903299 0.7251853943 -0.2114869952 0.3256612420 0.9117553234 -0.0166002698 -1.2144970894 0.4398916066 -0.3948697746 -2.9638047218 -0.4086838365 1.3525339365 0.2654728591 -0.4756422043 -0.0618188158 0.1133520156 -0.3882150650 0.2363943458 0.7498674393 -0.2256013304 -0.6674875021 -0.9052184820 -1.4861670732 -0.3289487362 -0.1188429520 -2.0132093430 -0.0331955664 -1.8962575197 -0.3878980875 0.7220848203 0.9085376263 -0.0185857452 0.4653515220 -0.0262781363 -0.0005023780 1.0165487528 0.0218260828 -1.1575146914 1.0735265017 -1.3680613041 0.1483987421 -0.4917176962 0.5983543992 -0.1631235480 0.0031930432 -0.3525464833 -0.4738875329 -0.1377929896 -0.1767230630 0.9182058573 0.3559926748 -0.3936173022 -0.1535622627 -1.6594352722 -0.0499969497 -0.0133358687 0.0169594809 -1.3354308605 0.2332397252 1.1133732796 -0.1031541079 -0.2365872413 1.3114013672 0.7183145285 0.2283393592 -1.0174611807 1.1914577484 0.4224035144 0.8850822449 -0.2697110772 0.2645237148 0.0613817200 -0.8277994394 0.6676110029 -0.8385665417 -0.1408519298 0.2643388212 -0.7318443656 -0.6541792154 0.2926206887 0.6300606132 -0.9615972042 -2.9278836250 -0.0033684366 -0.4566539526 0.0811759755 -0.0731893629 -2.1677007675 -0.8820335269 0.9175206423 -2.5040626526 -0.1178838983 0.3377564847 -0.0730728209 -0.7709425092 0.3782051504 0.7370448112 -0.8879895806 0.5140801668 0.4914200008 -0.9182440042 -0.9046795964 -0.2203883827 0.2337346524 0.1374705285 -0.6019118428 -0.1692069173 0.2996231616 0.8027887344 -0.0586532876 -0.3417401016 -0.4078984857 -0.0038956637 -0.0363078564 -0.4531488121 0.4047677517 -1.0063707829 1.1210793257 0.4615920484 0.9934145808 0.1266010702 0.1412657797 -1.1208201647 -0.2205892950 -0.2731832862 -2.4743926525 -0.8372431993 0.0946929529 -1.0573581457 -1.6579027176 -2.3116586208 0.4620268941 1.5179708004 0.2583809793 1.5154409409 2.1277289391 -0.1047513112 0.6573573351 0.5869097114 -0.3009251356 -0.5851678252 0.9828425646 -0.2146383077 0.7575871348 0.4863245189 0.0287247151 0.5732305646 0.4894118905 -0.0273062363 -0.5406985283 0.3989747763 0.3430056274 0.3449256718 -2.2917122841 1.7730218172 -0.4662430882 0.4417863786 -1.6375018358 0.4248943031 1.8225741386 0.2717477679 1.1473289728 -1.2480199337 0.7214240432 -0.3169383109 -1.0768002272 -1.5249710083 -1.5339541435 -0.1700457633 -0.8782786131 -0.0699632913 -0.3441646695 -0.0185533315 0.0440373085 1.3088039160 0.7016375065 -1.5309000015 0.7195960283 -0.5314407349 1.1157714128 -0.7889088988 -0.0367642716 0.2625809312 -0.4017464519 0.4269216955 0.4247928858 -0.3735754490 0.3951646686 0.4974653125 -0.0943217799 -1.2372912169 0.9683833718 -0.0386459380 0.6131430268 0.2821384966 -0.7862610221 -0.9340029359 0.0129688391 0.0791167542 0.5542519093 0.0616488308 -1.0822811127 0.3143113256 0.4903838336 -0.1177323684 0.5285505056 -2.5914912224 -1.9296158552 -1.6129183769 -0.0594663322 -1.9299733639 1.1002755165 -1.1127054691 0.1787890494 -0.9331513643 -0.5161101222 -0.3487451971 -1.3266415596 -0.1682759374 -0.2835756838 -0.8139488697 -0.0390517674 0.3681377769 0.2243550122 0.0617691986 0.1268188804 0.4556950033 -0.3011701703 -1.7204648256
-0.0491285697 -0.0095680999 -0.0291566253 0.0118264398 0.0217100959 0.0291381218 0.0139781069 0.0368213505 -0.0713012442 -0.0479993969 0.0362472683 -0.0383655243 0.0455858745 0.0366006196 0.0299687777 -0.0438707620 0.0394191332 0.0372650400 -0.0624050647 -0.0086551700 0.0537775978 -0.0644267276 0.0099208904 0.0558762327 0.0131626129 0.0253507290 -0.0455119312 -0.0357931964 -0.0438871495 0.0216102358 -0.0029212865 -0.0607012436 -0.0556095578 0.0126248570 -0.0498339348 0.0534069091 0.0198059995 -0.0780834779 -0.0368892215 -0.0823980048 -0.0489682965 0.0089519322 0.0145734008 -0.0379588306 -0.0627982989 -0.0719298273 -0.0551813096 -0.0333160982 0.0419686623 -0.0579111129 -0.0216771066 0.0347673520 0.0054346025 -0.0107487245 0.0357571356 0.0323165283 -0.0351057127 -0.0531785265 -0.0634099618 -0.0004170015 -0.0237811040 -0.0282526594 -0.0461174771 -0.0229577683 -0.0548068956 -0.0299352240 0.0256535094 -0.0205867030 -0.0009192572 -0.0311923027 -0.0364707112 -0.0190312564 -0.0279922653 0.0341953672 -0.0297663305 0.0014232661 0.0011082058 0.0019528678 -0.0626999214 -0.0263939891 -0.0433305167 -0.0468443483 -0.0157047361 0.0624725074 -0.0173447598 -0.0331350416 0.0209295023 -0.0074182972 -0.0744483918 -0.0162993781 -0.0281546731 0.0182645991 -0.0598466955 -0.0785201788 0.0602483228 0.0146701457 0.0227033757 -0.0358164869 0.0092382580 0.0199860521 -0.0347835310 -0.0538738221 -0.0087458622 -0.0545771085 -0.0634088218 -0.0467458963 -0.0474966839 -0.0158250853 0.0224474650 -0.0325696468 -0.0537324101 -0.0265859030 -0.0230037346 0.0133830113 -0.0594196804 0.0432414487 -0.0579443797 0.0165270902 -0.0296250861 -0.0089104213 -0.0452394560 -0.0687713549 0.0445222557 0.0015280973 -0.0084930211 -0.0352844596 0.0031335014 -0.0280682947 0.0411419831 0.0127803311 -0.0481914282 -0.0672089979 -0.0104044313 0.0335661843 -0.0137939155 0.0271316282 -0.0539198816 -0.0711068287 0.0280523188 -0.0096556246 -0.0546795130 -0.0630595833 -0.0166503526 0.0283245277 -0.0242664646 0.0156868529 -0.0132750496 0.0203454252 0.0011715668 -0.0455215052 -0.0017818176 -0.0344385318 -0.0399005450 0.0264939405 0.0099346405 -0.0077034156 -0.0523260832 0.0223839860 -0.0619898215 -0.0161114614 -0.0416902453 -0.0749835968 -0.0778660029 -0.0200791769 -0.0199093223 0.0023583556 -0.0108799832 0.0009680092 0.0540778935 0.0305646323 -0.0121138385 -0.0342289917 -0.0394958928 -0.0433966704 -0.0109002413 0.0605809540 -0.0422045812 -0.0654479340 -0.0290857628 -0.0504323244 -0.0334513560 -0.0349205360 -0.0397602879 -0.0418868847 -0.0210392885 -0.0213884786 0.0173848365 0.0214678105 -0.0332964249 -0.0521812998 -0.0473242775 0.0283132587 0.0003914377 -0.0081897173 -0.0046241055 0.0204312354 -0.0612955950 -0.0002484173 0.0057078432 0.0272332951 -0.0148280272 0.0203247219 -0.0101872152 0.0208180994 0.0208557136 0.0335745327 -0.0008672603 0.0001170784 -0.0196726248 -0.0498428345 -0.0452915281 -0.0179933384 -0.0118780285 0.0491787866 0.0338948444 0.0188226402 0.0513163023 -0.0048370431 0.0237035453 -0.0335765146 -0.0275439713 -0.0539314114 0.0171427764 -0.0561186746 -0.0436912626 -0.0348340087 -0.0418740287 -0.0504096523 0.0111478660 0.0002403334 0.0174063612 -0.0364472046 -0.0152750956 -0.0733824149 -0.0736680105 -0.0584001988 -0.0514919460 -0.0078295376 -0.0459946916 -0.0251216013 0.0431998260 -0.0010873583 0.0429349840 0.0298626553 -0.0449088924 -0.0622128956 0.0231997818 -0.0186035745 -0.0423744470 0.0059330775 0.0147378920 0.0197104011 -0.0114404419 0.0273962896 0.0169711672 -0.0223952252
-0.3951026499 -0.7101407051 -0.6315233111 -0.1929861754 -0.3406391144 0.4048900008 0.2963166535 -0.1100832969 -0.2533605993 -0.3106799722 0.2338091731 -0.2021906078 -0.2512774169 -0.5685054064 -0.8120403886 -0.4939498901 0.0689578280 0.6772738695 -0.1484604180 0.1371460557 0.3721479475 -0.7349683642 -0.7776913047 0.0172424912 0.5082198381 0.5785264969 0.0489633083 -0.3838341534 -0.4901521802 0.3317860067 -0.5631664991 -0.3151794672 -0.2320625037 -0.3980370462 -1.6857409477 -0.0322787315 -0.1510525197 -0.6830018759 0.1370212138 -1.2510069609 -0.8829324245 -0.0548249483 0.1289416999 -0.7090227008 -0.2112554461 -0.3863972425 0.8906459808 -1.0278220177 0.0072850324 -0.3721382022 -0.6552019715 -0.1881332397 -0.2202032655 0.3454194963 -0.1626348644 -0.7940471768 0.0466574728 0.1655515879 1.0243206024 0.2326930761 -0.7862580419 -0.7731555104 -0.6655227542 0.0583263189 -0.1790619045 0.3120351136 1.2770363092 0.8085556626 0.8138226867 -0.5773743987 0.0268379729 0.0251258239 0.7860063314 1.3612335920 -0.2574259043 -0.1692043692 -0.6670060754 0.1565282047 -0.5558775663 -0.6142898202 0.6610047817 -0.1119730696 -0.0228209645 -0.0378553569 -0.6558524370 -0.2965997458 0.0375523642 0.0507770181 -0.1790678501 0.4887401760 0.2962017357 0.2617617249 -0.1362553835 0.4121744037 -0.2836846709 -1.0035215616 0.7927151918 -0.2435555309 -0.0227229223 0.8738083243 -0.5511166453 0.1640179902 -0.7192801237 0.0881111696 -0.7067199349 0.2155312598 -0.4375828803 -0.9911277890 0.2811097205 0.5513417125 -0.5118882656 -0.5948240161 -0.7112380266 -0.1805041283 -0.0020444684 -0.6562919021 0.1811940074 -0.3662307858 -0.0107263336 -0.4111027420 0.8351114392 0.6564859152 -0.1432458311 -0.3751989305 -0.4072190821 -0.7231946588 -0.8448937535 0.4546444416 -1.4428553581 0.1731004119 -0.5538308620 0.0295407381 1.0151789188 -0.6826524138 0.6104312539 -0.2843507826 0.0018292665 0.8621696830 0.8620193005 -0.0405921787 -0.0321324393 0.1956733614 -1.2232840061 0.9021655917 -0.1471973658 0.0988630503 -0.4795568287 0.4731727839 -0.1682019085 0.6949009895 -0.6916841269 0.5153345466 -0.1456864327 -0.4239130318 0.9397411942 0.4774592519 0.7728988528 1.5765943527 0.1768467277 0.4618484676 -0.3442295194 -1.5533777475 0.0571511909 -1.0601422787 -1.0279018879 -0.6612234116 -0.3298642337 0.3509567976 0.0156048406 0.1017359868 0.4780143797 0.6387704611 -0.0618247539 -0.2935574055 0.4844869673 0.0374849811 -0.7186841369 0.3036179543 0.7158702612 0.2618310750 -1.2011091709 -0.5243176222 -0.2431065291 -0.0589203909 -0.4686764479 -0.0755454078 0.1938347518 -0.5026797652 0.1023941711 -0.2808692157 1.0004502535 -0.3788078129 0.2640002072 1.0152528286 0.3699739575 -0.0666720942 -0.5062205195 0.4540265799 0.5319790244 -0.0318299234 0.2963020802 -0.0507873259 -0.3029589355 -0.3041721880 0.5159855485 0.0177958291 0.2559105754 0.0022967032 -0.5108816028 0.9002524614 -1.0422915220 0.2556714118 0.2474982589 0.1267137825 -0.1398237199 -0.0835059956 -0.1473370492 -1.3321905136 0.3045701981 0.5550823212 -0.2182963341 -0.1123544946 -0.5296595693 -0.2448862493 -0.2456527799 -0.4657379389 -0.3015603721 0.0003980398 -0.8169621825 -0.1393907964 -1.3760989904 -0.4990147054 0.0025809268 -0.4943670332 -0.6667231321 0.0461178869 0.0566146821 -0.5961716175 -0.2428365350 -1.0260604620 -0.1674792171 0.4529816806 -0.0225689486 -0.3061320186 -0.6459415555 -0.2487487197 0.2605968118 0.4101547003 0.0009661689 -0.1698248088 0.7334535122 1.5919687748 -0.3350653946 0.5753020048 0.1243170723 -0.1220189705
0.0202547386 0.0309209172 -0.0495011508 -0.0034557856 -0.0461137034 -0.0195591953 -0.0178438853 0.0066986685 0.0345593169 0.0237797406 0.0194376986 0.0041207680 0.0395990387 -0.0207333378 -0.0611076206 0.0467239320 -0.0122524863 0.0364794880 0.0565582067 -0.0498019382 -0.0090470593 -0.0142568573 0.0123081207 0.0482503921 -0.0507460572 0.0395318642 -0.0569078252 -0.0398994684 -0.0358922035 0.0230385140 -0.0523718558 -0.0748000070 -0.0421921909 -0.0062850500 0.0251562577 -0.0373756737 -0.0545232035 -0.0881201252 -0.0339854807 -0.0477295443 0.0181362480 0.0507176444 0.0048933444 -0.0629770458 -0.0340059809 -0.1014351621 -0.0021273205 -0.0415157117 0.0146835307 -0.0160234608 -0.0535098389 -0.0524111949 0.0261594802 0.0193310529 -0.0514572561 0.0013295487 0.0076931813 0.0378229916 0.0211206395 0.0075982432 -0.0710817575 -0.0706008896 0.0554959625 0.0023552328 -0.0020052707 -0.0468044020 0.0225105677 -0.0264488589 0.0182288215 0.0276516750 0.0412311554 -0.0429328978 -0.0728183985 -0.0697773620 -0.0703057945 -0.0073382505 0.0137291150 0.0008082288 -0.0344441012 -0.0169460699 0.0527210273 -0.0048750341 0.0456750095 0.0140303746 0.0539673530 0.0030980781 -0.0168985799 -0.0606700853 0.0286126975 -0.0216153320 0.0690386966 -0.0519511886 -0.0810577571 -0.0029950652 0.0247879773 -0.0164038744 -0.0109018870 -0.0488110259 -0.0472296998 0.0199668910 -0.0558664054 -0.0512241945 -0.0033975493 0.0433315821 0.0030288605 -0.0414811112 0.0028202271 -0.0267609525 -0.0262010228 -0.0640097409 0.0681701303 -0.0217682794 0.0105580986 0.0275403373 -0.0363634042 -0.0604034699 0.0178485122 -0.1028984785 0.0131575372 0.0097103119 -0.0657698661 0.0424667113 -0.0285365433 -0.0384415425 -0.0428428799 -0.0270507559 -0.0708158389 -0.0307734497 -0.0244740527 -0.0210098326 -0.0081673069 -0.0602683276 -0.0459659100 -0.0494464599 -0.0252422728 0.0051849475 -0.0282139555 -0.0022442224 -0.0564035922 -0.0621685088 0.0038255826 -0.0054555372 -0.0001636465 0.0587390400 0.0154641876 -0.0503860600 -0.0626447126 -0.0358248539 -0.0630351081 0.0132063972 0.0131492233 -0.0448840559 -0.0561495908 0.0092140920 0.0073983399 -0.0108525474 0.0535035916 0.0385141298 0.0355669223 -0.0045569520 0.0063245688 -0.0636982471 -0.0571231321 -0.0449838340 0.0083847027 -0.0591168553 0.0065947119 -0.0542854816 -0.0506087542 -0.0016951323 0.0194525924 -0.0168030113 0.0447063744 -0.0388785601 -0.0331057496 -0.0524746105 -0.0284755956 -0.0602391064 -0.0024928004 0.0166628622 -0.0080249980 0.0008993484 -0.0547312982 -0.0408059619 -0.0582124814 0.0407360829 0.0383764282 0.0439309590 0.0135732256 -0.0461230017 -0.0270789620 0.0030404192 -0.0425412580 -0.0086106863 0.0688132420 -0.0467988700 -0.0255166087 -0.0532577485 -0.0523181111 0.0251285508 -0.0405159742 0.0126242843 0.0187576413 -0.0273710359 0.0086243814 0.0381341130 0.0032491405 -0.0154459402 -0.0480596907 -0.0545082353 0.0010577978 -0.0427276902 -0.0240514502 -0.0486272946 -0.0480907559 0.0346071571 -0.0394924060 -0.0227003582 -0.0390287861 0.0344478078 0.0404776335 -0.0321220607 -0.0144531485 0.0268125609 -0.0176276620 -0.0596382469 0.0109455958 0.0617175028 -0.0255219471 -0.0534278154 -0.0292168166 0.0341157913 0.0109259849 0.0097885327 0.0063418509 -0.0014339089 0.0222085416 -0.0025506238 -0.0247768369 -0.0495444909 -0.0000193051 -0.0983323604 0.0181516334 -0.0861338377 -0.0833391920 -0.0590896308 -0.0084237773 -0.0371573158 -0.0176908374 0.0540635139 0.0189072192 -0.0743599311 -0.0456121676 0.0500013232 0.0649308264 -0.0570375249
0.3208072186 -1.5532507896 -0.1660320908 0.3347932398 -1.9474174976 -1.1221899986 -0.8835790157 -1.3199447393 -0.5783477426 0.4748228788 0.2360189408 0.3282447159 0.6195051074 0.4600022435 -0.0955886319 0.1829680055 -1.2121444941 -0.0258022472 0.3549122214 -0.9816161394 -0.6925193667 -0.4748675525 -1.1980817318 -0.0616408065 0.8356484175 -0.1690992266 -0.8308357596 -0.0677117556 0.5120708346 -0.0833721459 -0.2032971978 0.4390073717 -0.9054009914 -0.8692550063 -1.0939313173 0.0093198940 0.2987846136 0.1777683645 -0.9453039169 -0.7494742274 -1.0238349438 0.0218744241 -2.0229363441 -0.7782770395 0.2413205653 0.1073546782 0.1601639837 0.0625116080 -0.2435967475 0.7949099541 -0.5836136937 0.2362022251 0.0541227832 -0.0896989703 -0.2581622601 -0.4985949099 0.8192834258 -0.0506444722 -0.3598587811 0.3536019623 0.0023646301 -0.8985276222 -0.0255636945 -0.0028791167 -1.4558814764 -0.0699589327 -0.1486935318 -0.7142920494 -0.0916245654 0.0409177020 0.5331544280 -0.0481402054 -0.1188579798 0.0641712099 0.0923894420 -0.7759408951 -0.0607992373 0.0586450286 -1.1248530149 0.4427456260 -0.8388986588 -2.6670396328 0.0326761156 0.0180368349 -0.8255383372 -0.2647539973 0.1407728046 -0.0020070076 0.3234243095 -1.1812140942 0.2848536968 -0.1484627426 0.0925757289 0.5967872143 -0.0552846417 -0.5407856107 0.0328551047 0.3072790205 0.0084614456 -0.6009476185 0.8824877739 0.2641677558 -0.9126702547 -0.5167929530 -0.4323166907 0.2005505115 -0.3864138722 -0.6029155254 0.5217989683 -1.9720548391 -1.4124804735 -0.4082863331 0.0149778631 -0.3693818152 -1.1789700985 0.3335891068 -1.3858494759 -1.4024024010 -0.1617241353 -0.0478501767 -0.1859307438 -1.3704450130 0.0401887074 -0.4441614449 -0.2159084082 0.0297382548 -0.9723833203 -1.3081290722 0.2936976552 -0.1765257418 0.2997599840 -0.6794430017 -0.0324562863 -0.7523841262 -1.1988586187 0.4229814708 -0.0017809868 0.3547739089 0.6325686574 -0.0126927868 0.0618576333 -1.3475555182 0.2677706182 -0.3439157307 0.0116950134 -1.8302371502 0.1193777472 0.7328417301 -0.6440542340 0.3530823886 -0.5374478102 -0.2153760046 -1.9960519075 0.0096191252 0.0492523350 -0.7434098125 -0.5532960296 -0.0631916076 -1.5402548313 -0.5157974362 -0.5876818299 -0.0258770771 0.2797127068 0.2365932316 -0.1393609941 -0.0399033502 -0.0193239842 0.0263023823 0.0904406011 0.2059876025 -1.4728043079 -0.3256356120 0.0303028896 0.0628291294 -0.3353200257 0.0126278028 -0.6952445507 0.6399151683 -0.3772356212 0.5818039775 -0.8457075357 -1.4903588295 -0.2330427617 -0.0147282006 -0.7893968225 -1.9250049591 -1.2290407419 -0.2231586426 -0.3257203996 -0.4282392263 -0.5485172868 0.0308104176 0.6127372384 -0.6934983134 -2.1319942474 -0.2857468128 -0.7431694865 0.7084667683 -0.2303444892 0.0422670916 -0.3609202206 0.7375463247 -1.4337271452 -0.3567677140 -0.1242394149 -0.1785328984 -0.9413208365 0.0304559246 -0.9059250951 -0.4572421908 -0.6103840470 0.0093374420 -0.2731208801 0.1997009069 -0.1738952100 -0.9260556102 -0.3528635502 -0.6692262292 -0.0540692396 0.1877977848 -0.1640683413 0.0014829513 0.2770531476 -0.5474648476 -0.0478476547 -0.6950342655 -0.0497502312 0.0093950704 -0.1513004303 -0.7711108923 -1.1548687220 -0.1525065154 -0.0205841735 -0.1697108001 -1.1578786373 -0.3527473509 0.0136655197 -0.7390432954 0.4513283074 0.0702136904 -0.0587226897 -0.0613548048 0.0316166803 -1.0974650383 0.2165809572 -0.9327449203 -0.0132550420 -0.6400415301 -0.0273767337 -0.7552418709 0.5201436281 0.0037778537 -0.1794239432 -0.0463782996 -0.6137735844 -0.1249698550
0.0051766308 0.6892545223 -0.6047666669 -0.1619063914 0.2692072392 -0.5051708221 -0.0784742162 1.1834032536 0.2695384920 -0.2142235190 0.3006019890 -0.5384840965 -0.4555017352 -0.1455473453 0.0208951719 -0.2509512901 0.2089585066 0.0472854413 -0.2234847993 0.1788166165 -0.0428600609 -0.4559268355 -0.2702311873 -0.0495505929 -1.6357198954 0.5582671165 -1.0667344332 -0.4457904398 0.5860821605 0.7355997562 0.2844833136 -0.1691245586 -0.4870935678 0.2590620220 -0.7051401734 0.0223940760 -0.7989057899 -0.6687552929 -0.3398997486 -0.0416603014 -0.3946676254 0.0408529490 0.3653438687 -0.0405916348 -0.4116159678 -1.2340642214 0.5472480059 0.6739110351 0.4759592414 1.2069869041 0.6457799077 -0.2274481803 -0.0332378522 -0.0811084732 -0.5866256952 -0.1907743216 -0.4690524638 0.1298826039 0.2789570093 -0.1569219828 -1.0371036530 -0.6084832549 -0.1361059844 0.0352868065 0.2692439258 -1.2329471111 -0.1673628390 -0.9245784283 -0.9962965846 -0.2151851654 -0.0375263952 -0.0451522321 -0.6595517993 -0.5991605520 -0.7902107239 -0.5898787975 -0.1641784161 -0.0193459038 -0.3630914390 -0.3488523364 -0.1680306345 -0.6030022502 0.0566741526 0.0205362067 0.3959012628 -0.2566443384 -0.3937462568 0.1916420609 0.2095918208 -0.2529889345 -1.0431845188 0.1800656021 -0.2480387390 -0.6276462674 -0.1550894231 0.2394008785 -0.4304926693 -0.8387574553 -0.0179464146 -0.1498235911 -1.4103835821 -1.0991325378 -0.7557449937 0.1352548301 -0.6634620428 0.4014281332 -0.2884874344 0.0959050357 0.2623152733 -0.4753169119 -1.1728701591 -0.6786946058 -0.1770886481 0.6277475953 0.5076521039 0.1134054586 -0.7151538134 0.3696157932 0.0519686714 -0.0277955756 -1.5064381361 0.3315353394 -0.0686835200 -1.7570258379 -0.6941810250 -0.1025250629 -1.4442597628 -0.2432446629 -0.7264200449 0.0528821126 -0.1618930101 -0.7783904672 0.3075546920 -1.2215285301 -0.7741206288 -0.7915545702 -0.0182102397 -2.8928842545 -0.2056351006 -0.0276846886 0.0586785451 -0.3525345623 -0.6208135486 -0.1949502677 0.2498438060 -0.2583816350 -1.1538859606 -0.0039696991 0.3020784557 0.2476141453 -0.2215550393 0.0481803194 -0.4382161796 -0.6687418818 0.5933842063 -0.1631631553 -0.5490624905 0.6179645061 0.2932564616 -0.0369912721 -0.9492914081 -0.4532950521 -0.3075000644 0.0339108333 1.0162137747 0.0300913732 -0.0818218887 0.4305157363 -0.5029682517 -0.5548864603 0.4724092185 0.2717430592 0.0429090336 0.2181822807 -0.6943516731 0.0485250205 -1.0059159994 -0.6176679134 -0.1572415680 -0.2573031187 -0.2722099125 -0.8681265712 -0.0272205174 0.4855856895 0.2588584125 0.3888302445 -0.3118236065 0.3842726946 0.3428888023 0.3417901099 -0.3187675476 -0.4439553320 0.4287909865 0.0167422537 -0.9734976888 -0.7170513868 -0.0098542804 -0.0317291804 0.2710552812 -0.0552080870 0.3549089134 -0.4634797871 -0.5831464529 0.5587184429 -0.9794826508 0.1170105562 0.2203956693 -0.2083664834 0.0099110166 -0.6695130467 -0.6466768384 -0.1965733320 -0.3415350914 -0.2675558329 0.3345797956 -0.0467974804 -0.3872774243 0.1997570246 0.4430012405 0.2321623117 0.2254292667 0.0442194119 -0.1927632689 -0.3099970818 -0.1774543077 -0.1177989319 0.2422009259 -0.0139848143 -1.3206571341 0.0305967461 0.2644022405 0.4802331626 -0.0702465102 -0.0743089914 -0.2173022777 -0.7157034874 -0.0323724523 0.1572279036 -0.8041232228 -0.2221164852 -0.0113302991 -0.0879782885 -0.0631095842 -0.0743415952 0.5499120951 0.0017445429 -0.0970634446 -0.3893714249 -0.0456876978 0.3330525458 -0.3216763139 -0.0262290202 -0.5016820431 0.0120873470 -0.4716316164 -0.1321727633
0.2264906615 -1.0481222868 -0.9486199617 -0.4044576585 -0.1822298914 -1.3836673498 -1.1328673363 -0.4188467264 -0.7202959061 0.6233042479 0.7444123626 -0.1697265953 -0.7668066621 -0.6669625044 0.1802771538 -1.1477767229 -0.8208730817 -0.0807127804 -0.3046931326 -0.1813763380 -0.0663156807 -0.4799537957 -0.0092909401 0.0522048771 -0.8270515203 0.0368858427 -0.6296324134 -1.5200089216 -0.1701181084 -1.5035945177 -0.0510921925 -0.2010708153 -0.7148869038 -1.4403247833 -0.3174290061 0.0752041116 -1.0125464201 -0.4580692947 0.9057898521 -0.7001217604 -2.3965625763 0.0013132244 -0.6495454907 -0.9409461617 -0.8848000169 -0.3810756505 0.4896471202 -1.0639724731 -0.5372270346 1.1682196856 0.9912583828 0.0701671690 -0.0482225604 0.0020770796 -0.5671185255 0.0352856256 -0.0493903011 -0.0458170064 -0.9194265008 -0.7767913938 0.2315457016 -0.0047289487 0.2126802653 -0.0377805978 -0.6516130567 -0.1316076368 -0.8158317804 -0.2793904245 -0.7773020864 -0.3771209121 -0.5048975348 -0.0138112903 -0.9869490862 -0.5546950698 -0.0441415571 -0.6766679287 -1.7595015764 -1.7635663748 -1.0542228222 0.8600886464 0.3578652740 -1.2219165564 -0.0362690240 0.0212386772 -0.9001611471 0.0331577063 1.1417925358 -0.8527634740 0.4474743605 -0.0360504724 -1.9982068539 0.0454491526 -0.0332738794 -0.7444113493 -0.0452972353 0.3139266670 -0.1218238547 -0.1285441965 0.0107629150 0.2177669108 0.6015603542 -0.2528129220 0.0200758483 0.2220462859 -1.5831252337 -0.3106001019 -0.9301308990 0.1925906837 -0.4371886253 -0.0916987211 0.0117212757 -1.1094132662 -0.7115675807 0.2492421865 -0.2411863506 -0.7387117147 -0.8762897253 -1.0913250446 -0.4433438182 -0.0577024892 -1.6304932833 -0.2616713345 -0.6910233498 -0.1479828954 -0.3576555252 -0.6094160080 -2.4564707279 -0.1260278225 -0.2032195181 -0.9251321554 0.4916900694 0.1386072636 -0.3635603487 -0.0356091820 -0.1287767738 0.6678999066 -0.0151055381 1.1782995462 -0.2090501636 0.0361695290 -0.0403516069 0.5764666200 -2.7204265594 0.3056325614 0.9959348440 -0.6786516905 0.5449733734 -0.3476293981 -0.4754067957 -0.3311697543 -0.5909551978 0.7768888474 -0.0043920819 -0.5171840191 -1.1451913118 -0.8998654485 -0.9273235798 -0.7691537142 0.0935691744 -1.0837334394 -0.1960359514 0.7905431986 -0.3658259809 -1.0456209183 1.2434293032 -0.0383061208 -0.2845447361 -0.0266664159 -0.8047242761 -0.5678838491 0.6426160932 -0.5300840735 0.0029510781 -1.1583493948 -0.1166293398 0.0454753190 1.4022389650 -0.7302850485 0.6505659223 -0.0163804702 -0.3733057976 -0.5296797752 -0.2028525770 -1.2598900795 -0.6121196747 0.7525506020 -0.5281998515 -0.0710009709 0.7899045944 -1.6587103605 0.1650254577 -0.3216181099 0.2183150649 -0.8515763283 -0.9869593978 -0.5212541223 -0.4350583851 -1.1941276789 0.1184786931 0.0307733715 -0.5653423667 -1.8883856535 -2.9737098217 0.9144027233 0.6904721260 0.8384757042 -1.2674627304 -0.0373798534 -1.4361720085 -0.2413792759 -0.8521826863 -0.7770172358 -1.1339700222 -0.0249600317 -0.4386210740 0.1280566901 -0.9951146841 -0.2008588463 0.4469471872 -0.2380144596 -0.0189663451 -0.0024518403 -0.5478217006 -0.9355363250 0.1809415370 -0.4225001633 0.0733615384 0.0467408970 -0.8549225926 -0.4215617180 -1.2531073093 0.0137370573 -1.5328565836 -1.4061542749 -0.3662570715 -0.8143541813 -0.0199776739 -0.9072723985 -0.1458592713 -0.2843883038 0.9105640054 0.0750703216 -0.0884355605 -0.1913844943 0.2595824599 -0.1311654299 -0.0390124694 0.6473497748 -0.0293330178 0.0889138281 -1.5401840210 -0.5894120932 -0.2505032718 0.2132170498 0.3241352737 1.3019802570
-0.6256934404 0.2146841586 0.0430511944 -0.0671219900 -1.1168580055 -0.0783425719 -0.1343323737 0.2200217843 -2.1687679291 0.2536222339 0.0831605867 0.2474052459 0.2992783189 -0.2960771024 -0.3474806845 0.8980837464 0.5153878331 0.1314690858 0.3402671814 -0.8944445252 -0.1444575042 -0.5670739412 0.5161210299 -0.0455255434 -0.6533480883 -0.4267201424 -2.6846909523 -0.4376068413 0.8328818679 -0.3534523249 0.1584402025 0.0818088651 -0.2569259703 -0.5563348532 0.3172335923 -0.4290349185 -1.4436835051 0.2313668728 0.4560707510 -0.1442110389 -2.5049118996 0.0468808450 0.3897976577 0.0192134026 -1.8625512123 -1.0206266642 0.6539918780 0.3717617691 0.0098724188 -0.0464353673 0.2275883555 -0.1563057005 -0.1567832828 -0.1403688937 0.5153439641 -0.2626213729 0.5996530652 0.1281948239 0.7474089265 -0.1142900586 -0.3774758279 -2.1299347878 0.4926283658 -0.0011287337 0.1044586897 -0.3893166184 0.7145678997 -0.2589381039 -1.3996793032 -0.5050809383 0.1211476251 0.0244302899 0.3191334605 -0.8591101170 0.2202837765 -1.6213184595 0.2465848923 0.0977124423 -0.6599784493 -0.0439827591 -0.0747079104 -0.4100217521 -0.0534772351 -0.0301083922 -0.2389792800 -0.4698400795 -0.4892558157 0.3216665089 0.3193771839 -0.8299795389 -0.1899065673 -0.5878076553 -0.2574640512 0.3775582314 -0.4141709208 -0.5386319757 -0.2000447214 0.4448281229 0.0345715135 0.0925103649 0.6697409749 -0.2108208239 -0.3200110197 -0.0581490621 -0.9046633244 -0.3330910802 0.3063683212 -0.6799373627 0.2230329663 0.0342278257 -2.2045679092 0.2623127699 -1.0947240591 -0.4840734899 -0.6729100943 0.0219100602 -0.7965352535 -0.2192005664 0.4056093693 -0.0467478894 -0.9016708136 0.0980810523 0.3675390482 -0.1105076075 0.1538359970 -0.2311081886 -2.1317675114 -0.0391560458 0.5309849381 -0.2936840653 -1.8951195478 0.5255610347 0.0356219150 0.4699802697 -1.6037660837 0.6323227882 0.0247284025 0.0237051658 1.5348354578 -0.0413043424 -0.0388013050 -0.1204705685 0.8118481636 0.6195601821 -0.2360463291 -0.8725947738 0.0009755052 -0.1396449357 0.3284388483 -0.2853461802 0.4613137841 -0.0594459958 -0.3834533989 0.7268542051 0.9482453465 -0.2712505460 0.3749555051 -0.3101009130 0.3780377507 0.6123916507 0.6148626208 0.1465913802 -0.0996523276 0.1124417409 -0.2010541707 0.9421907067 -0.0039263177 -1.1117534637 -0.0561985113 1.1506823301 -0.2790674269 0.1037449762 -0.0350845754 -0.0943275839 -0.2172230035 0.0008560047 -0.1097802147 0.3674055338 -0.2247596979 0.3834915161 0.2630070746 -0.7646104693 -0.2068356723 0.3638525605 -0.1820363849 0.3702299893 0.7235217690 -0.6247128844 0.3148715198 0.4362536669 0.2260610610 0.4003477693 -0.1084470376 -0.9253220558 -0.3360809982 0.5424897671 -0.2315212190 -0.1403449923 -1.0433295965 -0.0619571060 -0.5346958637 0.4040182829 -1.1204384565 0.2511114776 -0.2718690932 0.2979478240 -1.3763309717 0.7048219442 0.2607234716 0.0496617518 0.2883646488 -0.4362540841 -0.0165487062 0.0998832360 0.7300962806 0.0433677882 0.4316131473 -0.4017282724 -0.6322251558 -1.1420646906 -0.1551619917 -0.3029524386 0.7733120918 0.0846723840 0.2053699493 0.0502169803 -0.0582789369 -0.0366542190 0.3042677343 0.6740047336 -1.7908740044 0.0061084433 -0.4473341405 -0.0759238899 0.4760174155 -0.2915014029 0.0051929057 -1.5847543478 0.6696608663 0.3495798707 -0.0400357135 -1.3392945528 -0.0665561110 -0.2102544904 0.1625379622 -0.7377035618 1.1241407394 0.5086644888 -0.0372567028 1.0612813234 0.0379229486 0.2726694047 0.0155388219 0.0207592361 0.2139784396 0.4044954479
0.0280513763 0.0258586779 -0.0338466838 -0.0153116714 -0.0668050945 0.0148978978 0.0122752897 -0.0182779878 0.0358500741 0.0344835445 0.0026839408 -0.0125169503 0.0191530231 0.0142544135 0.0146946637 -0.0011263283 -0.0129335215 0.0136675891 -0.0125039797 0.0189525485 0.0531763285 -0.0388723128 -0.0337767377 0.0346010551 -0.0175172705 -0.0632607490 -0.0313797109 0.0143943345 0.0438112319 0.0091070905 -0.0083873570 -0.0301005617 -0.0120901875 0.0189833827 -0.0539579950 -0.0113509670 -0.0174464826 -0.0417277552 -0.0341716371 0.0408346355 -0.0608388744 -0.0153816566 -0.0418705903 -0.0947999582 -0.0097322743 -0.0058650821 -0.0068344548 -0.0690123513 0.0055403612 -0.0299271606 -0.0503193438 0.0347708091 -0.0438954532 0.0551400259 -0.0725887492 0.0155834779 -0.0056915632 0.0319407731 -0.0611820854 -0.0142403515 -0.0343414359 -0.0190514568 0.0034946399 -0.0035185143 0.0361931212 -0.0196542833 -0.0496560857 0.0197625235 0.0330291502 -0.0462391749 -0.0708687827 -0.0477212071 -0.0445852317 -0.0076713101 -0.0566844940 -0.0051605520 0.0048370017 0.0319796614 -0.0662855431 0.0059465775 -0.0233315062 -0.0780360848 -0.0074328184 -0.0217344835 -0.0564792342 0.0273377895 0.0094116703 0.0049337624 -0.0455572195 -0.0162421074 -0.0271769892 0.0060998774 -0.0582295880 0.0237916913 0.0093654841 -0.0540904067 -0.0676698089 0.0353613868 -0.0110361353 0.0229720101 0.0401302911 -0.0064960835 0.0051647294 -0.0001205448 -0.0607890636 -0.0019112788 0.0097460002 -0.0440150760 0.0124629969 -0.0226255208 -0.0280977096 -0.0380300023 -0.0305048861 -0.0736578032 0.0095242253 -0.0546835735 -0.0339672454 -0.0236393455 -0.0202473477 0.0026671290 -0.0371225886 0.0446042009 -0.0440687425 0.0432701483 0.0444841310 -0.0154618118 0.0382496715 -0.0476319455 -0.0473585352 0.0052965214 -0.0236794539 -0.0470711105 0.0524522588 -0.0735116899 -0.0678268671 -0.0716634616 -0.0196729824 -0.0762437508 -0.0201140195 -0.0056090653 -0.0599298179 -0.0401701704 -0.0460211523 0.0351516306 0.0215438530 -0.0017693103 0.0605733655 -0.0428341888 -0.0162036363 0.0253694952 -0.0169149581 -0.0563901961 -0.0592051074 0.0405920669 -0.0667709038 0.0112943416 -0.0213415809 0.0001702005 0.0020787132 -0.0005402078 -0.0618818924 -0.0789784268 -0.0027212983 0.0210120548 -0.0408734083 0.0098322928 0.0323429070 0.0424433574 0.0442304164 -0.0093976073 -0.0691643655 -0.0392420813 -0.0101821125 0.0329236127 0.0152867856 -0.0285560638 0.0180219803 -0.0092370017 -0.0124157630 -0.0348460712 0.0591882542 -0.0591144413 0.0053981692 -0.0629252568 -0.0468362197 -0.0411429964 -0.0148988096 -0.0808542222 -0.0761461407 0.0176232532 0.0177729763 -0.0225927774 0.0191933699 0.0028094084 -0.0340500809 0.0049020541 -0.0518129580 0.0253532790 0.0256912485 0.0372070745 -0.0664305687 0.0157855283 -0.0397802480 0.0293778460 0.0099947220 -0.0682662502 -0.0047103539 0.0361902192 0.0344744995 0.0333198793 0.0132551426 -0.0229353979 0.0539785624 -0.0204250123 -0.0564538315 0.0104102073 -0.0029496297 -0.0513956062 0.0033495724 0.0294035096 -0.0788392350 -0.0711299479 0.0455451347 -0.0642514750 -0.0709949285 0.0167900249 -0.0489699468 0.0496824160 -0.0500661209 -0.0337446555 0.0123355445 0.0286836065 -0.0320049413 -0.0078176633 0.0252741650 0.0044086832 -0.0401203856 -0.0392473638 0.0198930930 -0.0411686599 -0.0263340082 -0.0713084489 0.0393310487 0.0391193256 0.0223837122 -0.0312925726 -0.0290250555 0.0332549959 0.0360309482 -0.0031292508 -0.0299757440 -0.0055755270 -0.0423349664 -0.0132516893 0.0072028381 0.0533296391
0.0704273954 0.1400454789 0.3526395857 -0.4104807675 -1.2322684526 -1.3866962194 0.0468181595 -0.6036229730 -0.4289969206 -0.9415754080 0.0365089364 0.2570545673 -0.6197845340 0.9027051330 0.2096662223 0.4946747124 -0.5184939504 -0.0595986173 -0.4892328680 -0.6100862622 -0.4791141152 -0.8024014831 -0.0040614186 0.0190749168 0.9289265871 0.5253068209 -0.9131764174 0.5529651046 0.4434719086 -0.1643946469 -0.1488760263 -0.4012612998 -0.6122827530 0.5943260789 -0.9714204073 -0.0558227375 -0.8144714832 -0.6912660003 -1.3157751560 -0.1496943384 0.4127223790 -0.0162931662 -0.0771658197 -0.3012332618 -0.0557647459 -0.2568916380 -0.4636281729 0.5999635458 -0.2097619772 -0.2280925810 0.0585692376 -0.6037441492 -0.3046300113 -0.0923692584 0.6780888438 -0.0612358898 0.2741249502 -0.0109300492 0.0539278127 -0.0024630679 -0.7341648340 -1.0338844061 0.1104369238 -0.0081898104 0.7224982381 -0.1823642850 0.7056881189 -0.0291269496 -1.0595488548 0.0176754426 -0.2001104057 -0.0576170981 -0.4015158415 0.7019141316 0.1722161919 -0.5105939507 0.1167649925 -0.9404385686 -0.5878306031 0.4178087413 -0.3358390033 -0.3113904893 -0.0281782821 -0.0191459805 -1.0002363920 -0.3839252293 -0.1489072740 -0.1672436148 -0.2558216453 0.0092184385 0.1912570447 -0.3883100152 -0.2320718169 0.2894434631 -0.0453040451 0.0393677726 0.5544400215 0.1089785174 -0.0200667232 -0.1679753959 0.1830682456 0.1728592366 -0.5466713309 -0.6948765516 0.5167551637 0.0257426910 -0.8738027215 -0.3486356139 0.5719905496 0.7976289988 -1.1610825062 -0.4796029925 -1.7553786039 -0.9894990325 -0.0913411453 -0.9067540765 -0.5704447031 -1.0195024014 -1.4475964308 0.0395622328 -1.1406565905 0.7971320152 -0.3766738176 -0.1784647107 -0.4337956011 -0.3269497454 -0.9028533697 -0.6726128459 -0.3549646437 0.2526100874 -0.4598415792 -1.2020010948 -0.2471536100 -0.5226103663 0.2582022250 -0.6184058785 0.0258785337 0.2032706141 0.1279235929 0.0221910104 -0.0621078908 0.2567287385 0.3750401735 0.2361769676 -0.1399135590 -0.4645909071 -0.3983799517 0.8431852460 0.2447783351 0.5506128073 -0.4826301038 -0.1842278093 -0.9955473542 0.0914517716 0.2056410164 0.2658961117 0.3391548395 0.7426666617 -0.3693202734 0.9364777207 -0.5545793176 -0.5717467666 -0.1234524176 0.0589465946 0.4377281964 0.1940503269 -0.0949723423 -0.0480016768 0.0409189612 -0.1655413955 0.2370752394 -0.3673067987 0.0233959928 -0.0626821592 0.2240508795 -0.0429033935 -0.3828364611 0.2945282459 -0.3013722599 -0.0695625171 -0.0324670486 -1.0279067755 -0.1277932972 -0.0389185809 1.0150686502 -0.4242012799 -0.8749256730 0.2105739266 0.0870260298 0.1365644336 0.1670201570 -0.0416139141 -0.0307545532 0.0895605609 -0.1683762670 0.1849950701 -0.3939914107 -0.0948971584 -0.4028514624 -0.0145246014 -0.2225156128 -0.0465175286 -0.2017318159 0.2464641929 0.5125407577 -0.0650719628 -0.8660674095 0.0859254599 -0.0854015425 -0.0503533445 -0.2215792835 0.5116617084 0.0063723819 0.2305421233 -0.1638963521 -0.3487375975 -1.2876050472 -0.7565069199 -0.1121307686 -0.4020746350 -0.4722768962 0.4383579791 -0.2219016701 0.3474277556 -0.0652345642 -2.2201352119 0.0002280101 0.0254570991 -0.2012114376 0.0305813048 1.1888684034 -0.0614162982 -0.6011544466 -0.4127485454 -1.8498867750 0.0746900365 0.0370528772 -0.1707319319 0.0261376202 0.8557131886 0.0084494278 -0.3197071552 0.0044831587 -0.5285409093 -0.2636885345 -1.3130081892 -0.0531918667 0.2315109670 -0.0588062778 -0.8085623980 -0.1368245929 -0.3078693151 -1.4343847036 0.0394584686 -1.3583819866 -0.7499045134
-0.0721536055 0.0203851927 -0.0240689218 -0.0414158218 -0.0399053954 -0.0265363902 -0.0227297787 0.0127193658 -0.0402459763 -0.0607672855 0.0325152464 0.0009403266 0.0327967145 0.0029611320 -0.0638583302 0.0338176303 -0.0267925318 -0.0041420297 0.0428787544 0.0211865790 -0.0417156518 -0.0015506310 -0.0114142904 0.0328885913 0.0446451269 -0.0473027006 0.0003956726 -0.0412255637 -0.1080704257 -0.0406261608 -0.0494378991 -0.0254372768 0.0129936393 -0.0492768995 0.0257206224 -0.0131470188 -0.0482860133 -0.0607563779 0.0329994671 0.0001611298 -0.0141060492 0.0016890913 0.0352067687 -0.0075747403 -0.0625671595 -0.0152068315 -0.0175282303 0.0388314538 -0.0372968689 -0.0459973179 0.0259885732 0.0372680388 -0.0241954699 0.0073654009 -0.0450150408 0.0382964239 0.0470142774 -0.0615725070 0.0467797332 -0.0096373083 -0.0251486488 -0.0696119890 0.0181120951 -0.0186739415 -0.0503989272 -0.0245103352 0.0071612229 -0.0671826005 -0.0530998148 0.0384704843 -0.0626394600 0.0082006976 -0.0415248312 -0.0172932167 -0.0730416924 -0.0256587323 -0.0390404835 -0.0530051924 -0.0491332859 -0.0432787016 -0.0489181839 -0.0317213759 0.0231808200 0.0523721501 -0.0586191788 -0.0376252383 0.0083329035 0.0082101207 -0.0575951934 -0.0572809875 0.0152276708 0.0310797691 0.0394254848 -0.0579663627 -0.0339211226 0.0259419568 0.0234397035 0.0352301896 0.0495034307 0.0379128903 -0.0330986716 0.0048064124 0.0337635092 -0.0433773473 -0.0626870394 -0.0473081619 -0.0712646767 0.0002245597 0.0248383563 0.0104398197 -0.0065593305 -0.0485433079 0.0244236384 0.0142805800 -0.0368305556 -0.0782551989 -0.0829963088 0.0007450760 0.0251153037 0.0259528384 -0.0585856624 -0.0510887988 -0.0285815988 -0.0482397452 -0.0530465059 -0.0322818272 -0.0645898655 -0.0500777476 -0.0196856931 -0.0755388364 -0.0439856686 -0.0263516400 -0.0411907285 -0.0441560969 0.0027858475 0.0101280399 0.0078584030 0.0322767347 -0.0159085393 -0.0602712259 0.0346316546 -0.0647808984 0.0151449414 0.0455145463 0.0033685332 0.0395848639 -0.0512485020 -0.0081091821 -0.0171313975 -0.0613916777 -0.0003132711 0.0029026903 -0.0454878211 -0.0311794747 -0.0602249652 0.0172286611 -0.0256268922 0.0015714243 -0.0816602260 -0.0074169836 -0.0635141134 -0.0815327987 0.0194374677 0.0026666471 -0.0277317613 -0.0264715776 -0.0598873906 0.0661936104 -0.0184313096 0.0316379815 -0.0451505892 0.0205371361 0.0289905518 -0.0009359178 -0.0157458130 0.0205957294 -0.0055542248 0.0178261418 -0.0511803925 -0.0085516851 0.0365736261 -0.0004786102 -0.0426096059 -0.0089829648 -0.0915768743 -0.0592136011 -0.0065452163 -0.0515989140 -0.0698785558 0.0201836955 -0.0107958084 0.0151311234 -0.0523121357 -0.0369605310 0.0492150821 -0.0717761666 -0.0020720772 -0.0574126393 0.0024401129 0.0027099475 0.0151772108 -0.0289519262 -0.0224138964 -0.0300310832 -0.0064647673 -0.0848336294 0.0023135690 -0.0393015370 -0.0631096587 0.0237934291 -0.0023763347 -0.0486132391 0.0253082830 -0.0433015786 0.0259968713 -0.0524340272 -0.0571688674 -0.0720747560 -0.0086280089 -0.0256269053 0.0191202667 0.0107235406 0.0304507259 0.0360544361 0.0319868214 0.0503491014 -0.0466805138 0.0329610407 -0.0590935722 -0.0123492880 -0.0383882821 -0.0007325896 -0.0670533851 -0.0877564847 0.0304468945 -0.0016842157 0.0405985638 -0.0580249615 -0.0337798446 0.0369780660 0.0092232255 -0.0900616199 -0.0326273516 0.0200158544 -0.0606125519 0.0376000591 0.0410930142 -0.0449318551 -0.0538755953 -0.0811998844 0.0226133801 0.0311587788 0.0397428833 -0.0419973359 -0.0039926972 0.0374475941
-0.3163591027 -0.1149272323 0.0526502319 0.3500735760 0.0590958260 -0.3710101843 -0.7981036901 -0.6699472070 -0.2994502485 -0.4032034874 -0.8243315220 0.8364956975 0.0313279144 -0.6934769750 -0.4358351529 0.6906452179 -0.0935189798 -0.0336027220 0.0378641300 -0.3884185553 -1.7131890059 -0.7273351550 -0.0881292373 0.0623685643 -0.2622151971 -0.2469591945 0.1499279588 0.1489165127 -0.7913141847 -0.1278264523 -0.4143535197 -0.3530546129 -0.0168758631 -0.9751712084 -1.1999245882 0.0447561741 -0.2603215277 0.4193231761 -0.1823621541 0.3343238533 -1.8866169453 0.0000918309 -0.6662650704 -0.7223411202 -1.0621526241 0.2338047475 -0.3265208006 -0.9000433087 -0.0377777666 -0.2452401072 -0.0012295991 -0.4152058065 -0.0561292805 1.5441048145 0.8659910560 -0.0477789380 -0.2408897281 0.0544722602 0.2146750093 -0.0569018610 -0.4507055581 -0.1075082272 1.0370959044 -0.0603115521 0.1646389514 0.0921304598 0.2697380483 0.0572453775 0.0505178273 0.0351909623 0.1348359585 0.0608277544 0.1559393108 0.9401471019 -0.9681144953 -0.0114345988 -0.7670416832 -0.0404881313 -0.4460131228 -1.2617194653 0.7185682654 -0.2549477518 0.0458659455 -0.0469693989 -0.2257841676 -0.2677583694 -0.6770095229 -0.0235594213 0.3476403356 0.0717916638 0.5975273848 -0.7780441046 -0.2785574496 0.5638048053 -0.0001100004 -0.1992265880 0.9888777733 0.5725240111 0.0279060528 -0.1319640130 -0.3037472069 0.0506969914 -0.3976174295 -1.4400076866 -0.2280985862 -0.5054791570 -0.5955377817 -0.8804108500 -0.0204472188 0.2561977804 -0.1768477261 -0.6262460351 -0.0863707885 -0.7053013444 -1.9623733759 0.0328925699 -0.1450100094 -0.0920295194 -0.0651099831 -0.0453385264 -0.0230671428 -0.2108515203 0.1340287328 -0.0402772948 0.1680888683 -0.0922084153 0.0613111407 -0.0284332447 -0.4079956412 -0.1017962769 0.2675186694 0.3136991262 -0.0702242181 0.0561565161 0.0561628379 0.0158291273 0.0130980387 -1.5597524643 -0.2481824309 -0.0382116362 0.0185209364 -0.6618479490 0.0983560830 0.6161724925 -0.2994663417 -0.9187898040 -0.4697338045 -0.4696843326 -1.1639196873 0.8930571079 -0.9508307576 -0.1358261853 0.3403216004 0.3044101894 -0.3877873123 0.4658451378 0.2955304384 -0.6164590120 0.3257487714 -1.2174838781 0.0756263658 -0.6531838179 -0.2451594770 -0.1060819179 -0.8460972905 0.0383123159 -0.9098457098 0.0219671652 -0.0162845924 0.1345474869 -0.4193813801 0.0500160269 -0.0028007403 -0.5446438193 -0.2983102798 -0.0318590403 -0.0701906979 0.1840093285 -0.0879476219 -1.1466488838 -0.1209372878 -0.1676455885 0.7961235642 -0.3566268981 -0.0949359313 -0.7353401184 0.0311858412 0.1801621318 -0.5865287781 0.1922155321 0.0495100096 -1.1508876085 -0.7368563414 -0.6712166667 -0.2477103025 -0.0791968703 0.1246854812 0.1313706338 -0.7104604840 0.0200065151 -0.2008602172 0.3890057206 0.0633909926 -1.2509344816 -0.7822499871 -0.0087913983 0.0503559262 -0.0425161608 -0.0082883267 -1.1239905357 0.3936143219 0.1268475354 0.1800142974 0.0889206827 -0.3241186142 -0.1207277030 0.0535878614 -0.3587294817 -0.0383411720 -0.1415319890 -1.1653802395 -1.7005383968 0.4531083107 0.5141770840 -1.8988288641 -0.9988949895 -0.0696174502 0.0124565586 -1.0123920441 0.0038569057 -0.0597257055 -1.9564543962 -0.5799793601 0.1934121549 -1.4709125757 -0.0804347470 -0.0596931875 -0.1318723261 0.1721184701 -0.3573608696 -1.0464240313 -1.7387315035 -0.0367332697 -0.9267242551 -0.5241881013 0.4957493842 -0.0583894029 -1.0004997253 0.0138278529 0.1029569954 0.2720865011 -0.5644135475 -0.0998558775 -0.0165794790 -0.3310306370 -0.1628544778
-0.4192945361 -1.6679617167 -0.2085566819 -0.7295008898 -0.1214806587 -0.4526182711 0.5386458635 0.1749798954 -0.2968208194 0.2448168099 -0.6923244596 0.3726496100 0.5158126354 0.7394360900 -0.0253524296 -1.8122589588 -1.1089948416 -0.0689261705 -0.2499750704 -1.2938833237 -0.0567956455 0.4252351820 -1.5280107260 -0.0146022961 -1.0271918774 -1.0338050127 0.0988469869 -0.6122171283 -0.3178921044 -0.7368176579 0.3415000439 0.4098291695 -0.9473344088 -1.0116562843 -0.3562393785 0.2156996131 -1.1469644308 -0.5098981857 -0.1652296633 0.1455643922 1.6707494259 -0.0238503516 -0.2841169834 -0.9246217608 -0.3699640632 -0.0803911239 0.0608533882 0.2609720826 0.1749331355 0.7126755118 0.2975630164 -0.1354394555 -1.3334833384 -1.0537272692 -1.8293988705 0.0740482211 -0.5865346193 0.2279004306 0.0404752567 0.0296291411 1.0216114521 -1.5311115980 -0.3850514591 -0.0228795465 -0.2053349316 -0.1630659252 -0.6408377290 0.0363908224 1.1150871515 0.2100756019 0.5058072209 -0.0555773452 0.3887667060 0.1274505556 -1.4436206818 -0.8748065829 -0.3597756922 -0.0391558334 -1.3654420376 0.0809670761 0.6474947929 0.0559130497 0.0207362100 -0.0125380680 1.2210564613 0.5393512845 1.5814183950 -1.0988007784 0.5173285007 -0.7455206513 -0.7207598686 0.6402497292 -0.2521932423 -0.0318116769 0.0938106403 -0.3243496418 -0.8745407462 -0.5194007158 0.0540118590 -0.2003065050 0.2034931928 0.2528380454 -0.8406997919 0.2589766979 0.3540709913 -0.3936758339 0.2144864202 -0.3227871358 0.4944192767 0.8815065026 -1.1481724977 -0.3176333606 0.4835029542 0.5584608912 -1.3370107412 -0.5822641850 -0.9404334426 -0.9646186233 0.2544094026 0.4600958526 -1.1848089695 -0.8756176233 0.8629563451 0.4581993520 -0.8506709337 0.3388431370 -0.5057226419 -0.6288630962 -1.7428414822 -0.2259345502 -0.0459359735 -0.6814444065 0.0785730556 0.5844427943 -1.2783365250 -0.6714760065 -0.0251690671 -0.6611371040 -0.3679376543 0.0226512328 0.0322313979 -0.2448952049 -0.6455649137 -0.7655796409 -0.2367929816 0.6660588980 0.4326613545 1.0879849195 -1.8634248972 -1.2418251038 -0.1163792461 -0.5809735060 0.3218130171 0.2490288913 -0.0611116514 0.8537813425 0.1166212112 -0.0706551671 0.6595174670 -0.5547788143 0.2811394632 0.6010639668 1.3229731321 -0.7592018247 -0.8098316789 0.5853067040 0.0456265546 -0.1537492275 -1.0733792782 1.0758023262 -1.2541089058 -0.2356795073 0.0370162949 0.8320606351 -1.4282478094 -0.0295633972 0.3530000150 0.8613934517 -0.7805917263 -0.3819948435 -2.8968377113 -0.2997869253 -0.4254128337 -0.5521435142 -0.6993992329 0.3887217939 0.5219572783 0.8798622489 -1.1869620085 -0.7326608300 -0.9848526716 -0.4411649108 0.6963750720 0.0251583587 1.3356252909 -1.2022435665 -1.1270396709 0.1422674209 -0.0903192535 -0.0001335815 -0.4509598017 -0.2256414145 -0.2415304929 0.4883872271 -0.4140270650 0.7843062878 -0.5589869022 -0.1803160906 0.9677430391 -1.1735445261 -1.1665256023 -1.2096078396 -0.3133040965 0.1559526771 -0.5368611217 -0.5742239952 -0.0772864968 0.1114037335 0.0814376250 -0.6729067564 0.6517519355 -0.1587612033 -1.1539006233 0.3147442341 -0.2071866095 -0.5296777487 0.1249360666 0.0203810483 0.4769600332 0.1101274565 -0.5491524339 -0.9013609886 -0.9902837873 -0.7396376133 -1.3576163054 -1.2905843258 -0.0152949244 -1.1206997633 0.3673377037 0.3423976004 0.3359026611 -0.3061889708 -0.0223246571 0.1040659398 -0.2043572962 0.2551068068 -0.0248797759 -0.3208661377 0.0518949181 0.8436270356 0.8375622034 -1.5177416801 1.1963270903 1.0911186934 -0.9708863497 -0.2386564165
-0.1104860008 0.0542215481 0.0354551673 -0.0254257601 -0.2795275450 -0.0147413006 -0.0841766447 0.0360477641 0.0271642730 0.0791845694 0.0094382148 -0.0577475987 -0.0899652764 0.0268198047 -0.2032059431 -0.0695929453 -0.0900631547 0.0087460279 0.0177571028 -0.0252361409 0.0478824861 -0.2807309628 -0.1821178049 -0.0184692368 -0.3319809139 0.0227549076 -0.1362636238 -0.0803406164 -0.1962046325 0.0020984635 -0.3085348606 -0.0108894780 -0.0311101303 -0.2926329374 0.1172482595 0.0232482925 -0.0011876374 -0.2465540618 -0.0209120680 -0.0286341831 -0.0085567534 0.0097314008 -0.1051650792 -0.2492855191 -0.0208906326 -0.0804965869 -0.2349338979 -0.2207113653 -0.0086375708 -0.3034582734 -0.0530249849 -0.0072183590 0.0374112353 0.0340965465 0.0262304507 -0.0047241151 -0.0226502474 -0.0139599293 -0.0864642560 -0.0477995090 0.0743537769 -0.3379829228 0.0028478503 0.0154045997 -0.1246407777 -0.0017585460 -0.0126123941 -0.0438553691 0.0122953132 -0.0296424329 -0.0253212266 -0.0372788310 -0.0219414029 0.0305771381 0.0334449820 -0.1214175746 -0.1227973476 -0.0196786970 -0.0781602263 0.0168206804 0.0358239859 0.0319129378 0.0261289999 -0.0465602800 0.0473260768 0.0225783512 -0.0556794703 0.0008903667 -0.0826374665 -0.0452092886 0.0361678787 0.0154011343 -0.1785480082 -0.0557566248 -0.0372894108 -0.1979896426 0.0262932815 0.0506179631 -0.0394073352 -0.1352670342 -0.1070203111 -0.0762564763 0.0426277407 -0.0241054259 -0.1893870384 -0.0518428534 -0.2451856285 0.0165839512 -0.2451426834 0.0411843732 -0.2912051678 -0.0062748808 -0.2226061076 0.0257587284 0.1908526421 -0.0355287641 -0.2127546370 -0.0786223263 -0.0691332445 -0.0540833697 -0.3848852515 -0.2903077304 0.0180483311 0.1140104011 -0.0705488250 -0.0556225479 -0.3120344281 0.0463922508 0.0671017766 -0.0134421289 0.0017927550 0.2092392743 -0.0509661362 0.0690092817 0.0538479276 -0.0225523226 -0.0584233180 -0.0002033089 0.1285666227 -0.0156312287 -0.0568993017 0.0759495720 -0.2803147137 -0.1933135539 0.0190661438 0.0532764904 0.0067340583 0.0442082770 -0.0504110269 -0.0127172964 -0.1557195038 0.0584703311 0.0480722785 -0.0918109417 0.0158990044 0.0205005836 -0.0595002472 0.0406487621 -0.0725722536 -0.2438832670 -0.0038036893 -0.0261603035 -0.0730276927 0.0054807095 -0.0295180511 -0.0233620256 -0.0322319008 0.0553583726 0.0051127970 -0.0591564476 -0.0150391003 -0.0199012607 -0.0525670126 0.2038625479 0.0345923901 0.0024453104 -0.3830875158 -0.0982432142 -0.0435838774 -0.0266510341 -0.0659561828 -0.3208895028 -0.2520379722 -0.0966884345 -0.2731868327 -0.0053981780 0.0016310201 -0.1313405633 -0.2462576479 -0.0523194596 -0.2523650527 -0.0255173165 -0.1525893956 -0.1378268301 -0.0863787681 -0.3411647379 -0.1100118980 -0.4822659194 -0.0777519941 0.0396358222 -0.1834321916 -0.0105552934 -0.0032421495 0.0779924989 -0.0841939449 0.0165982321 -0.3029340804 -0.0364539772 0.0052179024 -0.0021253210 -0.1329884082 -0.0782880485 0.0142799988 0.0482904725 0.0495803580 -0.0158644989 -0.0408765152 -0.0559044704 -0.0066750720 -0.1757689267 -0.1883424968 -0.2730784118 0.0618189685 0.0364718027 0.0440421700 0.0621654019 0.0349545777 0.0035875365 0.0217073057 0.0297358483 -0.1359619200 -0.2458528876 -0.1350249499 -0.1906744540 -0.1248726919 -0.0112214684 0.0398583189 0.0027583765 0.0296221543 0.0221886337 0.0112616094 -0.0672917366 0.0083902106 0.0398039259 -0.1446976811 -0.3567659855 0.0532473773 0.0351690650 0.0347620025 0.0482164882 0.1172725111 -0.0377028584 -0.1810543090 0.0515278205 -0.0343921855 -0.2335538119
-0.0142366942 0.0305316970 0.0575835109 0.0551472157 -0.1202642694 0.0293652061 -0.0821271688 0.0160479210 -0.0406704284 -0.1118616164 -0.2905282080 -0.0781855136 -0.1477247626 0.0337257944 -0.1184695438 -0.2191801816 -0.0862565115 -0.0390350446 -0.1337898374 -0.0358070582 -0.0528654605 -0.0172529817 0.0263238661 -0.0393088385 0.0525991097 0.0416036993 -0.0724123344 0.0215145238 -0.0310391691 -0.2318695337 -0.0882884488 -0.0870894343 -0.0301780514 -0.0582490824 -0.2371113747 0.0574763268 -0.0934536010 0.0869002268 -0.0964062437 0.0756682158 -0.0103773214 -0.0562054068 -0.0309426710 -0.0247163512 -0.0185056794 0.0378836505 -0.0210170522 -0.0081783189 -0.0034171708 -0.0054513039 -0.0209759437 -0.0053452090 0.0569506213 -0.0400992855 -0.2894298434 0.0358543321 -0.0591864437 0.0483468324 -0.0085916528 -0.0515500084 -0.0888081938 -0.1576243043 -0.0592130572 0.0195360258 -0.0027813488 -0.0663183182 -0.1146890372 -0.2840088606 -0.1543403566 0.0256107524 -0.0971307978 0.0403154641 0.0342181101 -0.3174021244 -0.0295406748 -0.1594654918 -0.1070459634 -0.0377092920 -0.0903411284 -0.1799825728 -0.0632853135 -0.0794619098 -0.0154327229 -0.0236612856 -0.0169199686 0.1500518918 -0.0503147691 0.0579880029 0.0133358017 -0.1568310857 -0.0407508202 0.0903743804 0.1220363900 -0.0324482322 -0.0061132237 0.0385688618 0.0155932065 -0.1930184215 0.0293330252 -0.1807408929 -0.3991317451 -0.2644738257 -0.1618355215 -0.0447754711 0.0461852290 -0.0567654707 -0.1013516188 -0.0624460280 -0.0981946066 -0.1019962206 -0.0542971604 -0.0150832701 -0.0184829812 -0.0164742284 -0.0491044074 -0.0876439512 -0.1911336184 0.0418666042 0.1532290280 -0.0040225536 -0.0003176015 0.0048229233 -0.0711569786 -0.2442042530 -0.3582085073 -0.1884406209 -0.2809804082 0.0004502391 -0.1842953563 -0.0285167992 0.0680098534 -0.1319849789 -0.0417716950 -0.0563846007 -0.0150319897 -0.1416366845 0.0032677725 -0.2306364179 -0.0418994986 0.0262095109 0.0330792293 0.0664553642 0.0423608460 -0.3172396421 -0.1591117829 -0.2153833658 -0.1556886733 -0.0425167195 -0.0019637675 -0.0925661847 -0.0945586488 0.0602339506 -0.1319604665 0.0464063995 -0.1822135299 -0.0635636225 -0.0840882808 0.0219045226 -0.0155563504 -0.0869906098 -0.0254586451 -0.2308570445 -0.1256909817 -0.1128466055 0.0968398675 -0.0134117827 0.1327347755 0.0427146256 0.0524873510 -0.0330777988 -0.0402749591 -0.0084715448 -0.0557470396 -0.0630450845 0.0217937212 0.0368950069 -0.2400855720 -0.2495259792 -0.0343803689 -0.0178764760 0.0067849504 -0.1926173270 0.0180305950 -0.0861854181 -0.0918472782 -0.1438631862 0.0061586932 0.0135780554 -0.1266079098 -0.0638102069 -0.0345852897 0.0296274871 -0.1440468878 -0.0447478853 -0.1259938776 -0.1577807218 -0.0348649845 -0.0250025839 -0.1829570383 -0.0300074667 -0.1363080293 -0.0973963886 -0.1354928017 -0.1291164160 -0.1779917181 0.0479870997 -0.0253770705 0.0448000133 -0.0848072097 -0.1590977162 -0.1341792941 0.0071362574 -0.0274421424 -0.0130751356 -0.0015228757 0.0839033201 -0.2388411313 -0.0213003699 -0.0137881264 -0.1002926975 -0.0086538345 -0.0864519849 -0.0747227296 -0.0405119844 -0.0822245106 -0.1148094758 0.0103427544 -0.0594300106 0.0394991003 -0.0110194385 -0.0277741961 -0.1350848079 -0.1341505051 0.1043621004 -0.0265170895 0.0366791859 0.0263356939 -0.0193277597 -0.0636259392 -0.0395467989 -0.2632210553 -0.0028344498 0.0464535207 -0.1920403391 -0.0646249428 0.0967249498 0.0525639802 0.0829314068 -0.0621474311 0.1094286665 -0.0515333191 -0.1288628727 -0.2440698296 -0.0580706745 0.0149048762 -0.0261416193
-0.3330024779 0.4680681229 0.0131285274 0.3723079562 -0.1703518927 -0.4205770791 -0.2451226413 -0.9099724889 1.1734097004 -0.0944220349 -0.5037841201 -0.2107368261 0.6545938849 1.0148251057 -1.3077343702 -2.7893745899 -1.1604264975 -0.3445082307 0.0425220430 -0.2898249626 0.4827149510 -0.5123625994 0.2692480087 0.0335681811 0.8246961236 0.0090549029 -0.2300920784 -0.5031377077 0.3890024126 -0.0349879935 0.0646229088 -1.1461302042 0.4606587887 1.0006997585 -0.4509589076 0.0311359037 -1.5266250372 -1.4339822531 0.4793318510 -1.1576446295 0.1909577847 -0.0463143885 -0.5368276238 0.3289637566 0.3338015079 0.7837206125 -0.7047344446 -1.4865195751 0.6285618544 0.3195306063 0.3076747060 0.0921752974 0.2844654322 -0.9894322157 1.3349835873 -0.3844668865 1.3758459091 -0.2941920459 0.4346323907 0.2697578371 -0.1016486064 0.9108564854 -0.5131369829 0.0495735854 0.6641287208 -1.2910088301 -0.8440612555 -1.3349052668 0.0679193586 0.0604087710 -0.1838113517 -0.0252830833 -0.4554480612 -0.9140449762 -0.0077211377 -0.1730816811 -0.0201471504 0.3755329251 0.4989701211 -0.1249125153 -0.0380309112 -1.0417001247 0.0308075994 -0.0468412936 -0.2403582335 1.1740705967 0.3779612184 0.6268534064 -0.3224693835 -1.1832232475 0.4483002424 -0.5975270867 -0.5933116674 0.7087805867 -0.3054440916 0.3756380975 0.8113846779 0.1511885375 0.0302784815 -0.4235783219 0.9001861811 -0.4596809745 0.2279260904 -0.0054170876 -1.3903764486 -0.2723337710 -1.9687772989 -1.2524424791 -1.7655922174 0.5670124888 -0.5845599174 0.3561825156 -0.4158450961 0.0528023057 -0.4596268237 0.5207834840 -0.1404801160 -2.2524075508 0.6272286177 -1.6792500019 0.7818575501 0.2120165080 0.4604109228 -0.1099354997 -0.2647069693 -0.1026943102 0.6366500258 -0.9330451488 -1.1129589081 -0.2865017653 0.0506375469 -0.7014660835 0.5408971906 -0.3675964177 -0.2148799449 0.1878886372 0.0376952812 0.1262359321 -1.0223284960 0.0013989845 -0.0226102620 -0.1757319272 -0.2302952111 -0.5135353208 -0.2921678722 -1.9165678024 -0.2410535216 -0.8021371365 0.3106826544 -0.2037039548 0.0931770951 0.5054140091 0.4035539031 -0.6394051313 0.9467146993 -0.5990874171 0.2716861665 0.0083495248 0.5820796490 0.2233703285 -1.6676014662 0.1623830348 -0.0515079275 -0.0147543401 -0.7402932048 0.0596317165 0.1408042014 1.2748627663 0.6179867387 -0.3144540787 0.5039826632 -0.7545917034 -0.0200505704 0.0892436951 0.2562076747 0.0584969819 -1.0905081034 0.3410784900 0.4928166270 -1.1552692652 -1.0481569767 0.2132721394 -0.2816423774 0.1497429013 -0.9194142818 1.5646984577 -0.5825665593 0.3940863013 0.2934263349 0.0647908896 -0.0210490953 0.5062121153 -0.2378361523 -1.0911189318 0.7027971148 0.9790263176 0.6959622502 -1.3270969391 -0.3778932393 0.0342290699 0.0879675001 -0.1122310013 0.7273209691 0.2846576273 0.6224705577 0.4229224622 -1.1029149294 -0.2517686188 0.0488587804 1.5523991585 0.4329538345 -0.4176244438 -0.3679245114 0.0490984544 -0.2455170304 -0.0477723703 0.0680451393 -0.7481143475 -1.1848886013 -0.3981249928 0.1013989896 -0.3430109620 -1.2371360064 0.5731504560 0.2394908667 -0.0143320765 -0.1246597469 0.0482016653 -0.9773107171 -0.6679021120 -0.7091702819 0.1170107871 -0.1301663816 -0.5700737238 0.5913146138 0.4063681960 -0.0430303961 0.2487176210 0.2364363670 -0.1291887611 -0.0092537021 -0.2620685101 0.0200429428 -0.1643673629 -0.7622975707 -0.1906594932 0.2305004746 0.6245988607 -0.0299591348 0.5848360658 -0.6580839753 -0.7084347606 -0.1260925382 -0.8365756869 0.0992493555 -0.0952546224
-0.5857157707 -0.7108289599 -0.0135163441 -0.4170216620 -0.3037319183 -0.5939401388 -0.1716121137 -0.1356249750 0.3320138156 -0.0386451185 -0.0133717600 -1.1247060299 -0.6137285829 0.2255371064 -0.1119713485 -1.2458719015 -0.3568040431 -0.0556616038 -0.3549855053 0.0307056755 -0.0284801088 0.5553850532 0.5323799253 0.0287989900 -1.8057909012 0.2074145377 -1.3157638311 -1.1239655018 -1.1965427399 -0.1551690996 -0.9441102743 0.2144761086 -1.0366132259 -0.7574776411 -1.4061859846 -0.0170527324 -0.0353600197 -0.0859514922 -0.2300669402 -0.4311574697 -1.7376604080 0.0199126936 -0.6705769300 -0.0634438619 -1.1642841101 -0.7872697115 -1.6726233959 -0.0296406113 -0.2491540313 -1.7004339695 -1.0727572441 1.0309319496 0.0571520030 -0.0737397224 -1.4171934128 -0.0315103456 0.4825488031 0.0500161871 -0.0999926403 -0.5883126259 -0.4409093559 -0.8011077046 -0.5903345942 -0.0474700890 -0.6209818125 -1.0693876743 -0.3889869153 -0.5393986702 -0.4200021625 0.0363203213 -0.9290403724 -0.0615396574 -0.5119922161 -0.2800670862 -0.0605416670 -0.4898242354 -0.3369125724 -0.1085616648 -0.8299965262 -0.9221715331 -0.3887299001 -0.4194777608 0.0348626897 0.0080565587 -0.5325936675 -0.1663943976 -0.3195070326 -0.0208445117 0.1171401292 -0.6083491445 -0.7866421938 -0.1705276519 -0.2360018939 0.2214205861 0.0278941467 -0.9954118729 -0.7220228910 -0.9211941361 0.0030076653 -0.6267086864 0.3366595209 -1.0851935148 -0.0021302742 0.0400163792 0.0044264481 -0.8230953217 0.2002715170 0.4582304955 0.0466513634 -0.3153027594 -0.2031529099 -0.9174072146 -0.1392063200 -0.3953826725 -0.1982190013 -0.3835283518 -1.9052075148 -0.5411074162 -0.2220849246 -0.0382332131 -0.1166785061 -0.2030790448 -0.6408057809 0.0039486210 -0.0094186952 -0.2590001523 -0.1029808223 -0.2851968408 0.3570946753 0.0290065110 0.2479182929 0.3464976251 0.0255964249 -0.4780093729 -0.7272783518 -0.9636259675 0.0237816945 -3.5900220871 0.2746020257 -0.0378207341 0.0181402937 0.0501774848 -0.6999704242 -0.5680592656 -0.4477658570 -0.2477476895 -0.0128448466 0.3544397950 -1.0061779022 -1.1726975441 0.3618168533 -0.0412760377 0.0855344310 -0.3137732446 -0.4780335426 -1.0936845541 -0.5567197204 -0.2854034603 -1.0095868111 -0.1744554937 -0.9277502894 0.0887427852 -0.0206788667 -0.6679058075 -0.5327085257 0.0519561917 0.4135577381 -0.0079070246 0.0301564932 -0.6089991927 -0.6649220586 -0.0655610636 -0.0484602600 -0.4256475866 -0.7228583097 0.0207210556 0.1801260859 -0.8535398841 -0.0270437598 -0.9634210467 -0.2148957253 -0.2345633507 -0.0016522980 0.2145509720 -1.2496733665 -0.0667860806 -0.1287759244 -1.0114148855 -1.2785885334 -1.0590044260 -0.7783458233 -0.0081978180 0.2509993315 -0.0916834846 -0.3709796071 -0.2185555845 0.1799786389 0.0241276547 -0.5497643948 -0.0574814454 -0.5361005664 -0.6862317324 -0.6203703880 0.3631019890 -1.5030239820 -0.5421171784 -0.0337045379 -0.0399728715 0.3972110748 0.1641622633 0.3339170814 -0.4044665694 0.0241728798 -0.6723080873 -0.6494274139 -0.0309088510 -0.6690247059 -0.2078305930 0.0098058116 -1.2630596161 -0.2911416888 -0.8773900270 -2.0862369537 0.1159954220 -0.4632561803 0.3592269421 -0.0047071278 -0.0602959320 -0.8879130483 0.0451952219 -0.1254481524 -0.0850286782 -0.0118141286 -0.0669437051 0.0722737461 -0.0458328873 0.0278654024 -0.3973055184 -0.7596113682 0.6053576469 -0.5520484447 -0.8313506246 -0.0280747861 -0.5770825744 -0.6477059126 0.1155554727 -0.0162119493 -0.4503316283 -0.0321201459 0.0807840005 -0.1362886876 -0.9403519630 -0.6496869922 -0.0142445862 -0.0505287498 0.0777247250
-0.3086922765 -0.8174481392 0.1958500296 -0.0096672419 -0.3979865611 -0.1615649611 0.2034127414 0.6239346266 0.0933829173 0.1540491879 0.1316540241 -0.5095124245 -0.6072039008 -0.1862939149 -0.3084517121 -0.2899540067 -0.0342558473 -0.4511498809 -0.9069460630 0.6952849030 0.3282552958 -0.3684175313 -0.7864335179 0.0566351265 -0.6537468433 0.7185376287 -0.6025350094 1.0432884693 -1.9302201271 -0.2138627321 0.3412362039 -0.6577063203 -0.5144982338 0.3654045165 0.1263604462 -0.3153510690 -0.8494204283 -0.4231845438 0.5698501468 0.5322691202 0.7890866399 -0.0520176999 -0.3006169796 -0.5429712534 -0.1297554821 0.0568265617 0.3095555305 0.1191935018 -0.4840023220 -0.3876806498 -0.2924203575 0.8810263276 -0.0328901708 0.8893306255 -1.5678091049 0.2776547372 0.1553375274 -0.0775182024 -0.0091605661 0.0785823613 -0.6274047494 -1.2925125360 0.1523689181 0.0574127771 0.6491963267 0.1188467443 -0.4859986305 0.1405616552 -0.0576818548 0.0931994393 0.1599406898 0.0416133255 -0.2525797486 -0.2736779451 -0.5722595453 -1.1003726721 -0.8220280409 -0.4159483314 0.5564770103 -0.0941552371 0.6866407990 -0.7444797158 -0.0287195072 -0.0298017561 0.4389409721 -0.3382679522 -0.2930899858 0.2366479784 -0.9841806293 0.5259534717 0.1679867804 -0.1927527040 -0.0824638158 0.2071061432 0.0358712114 -0.5400486588 -0.3056630492 -0.0424122848 0.0228426009 0.3741697371 -0.0306016617 -0.1204178482 0.7571212649 -0.5259767175 1.2707070112 -0.1403919160 0.6462516189 0.4807130992 0.1398413181 -0.2058969438 -0.1588146389 0.8135063648 -0.3149456084 0.8245403171 -0.0085325185 0.4082261026 0.6146965027 0.4112708867 -0.1988472342 0.0668043047 -0.5403695703 -1.7109435797 -0.6605485082 -1.2108545303 -0.2278025746 0.0031159401 -1.0234426260 -1.0457818508 0.4911447167 0.4237014949 0.1665442884 1.2998659611 -0.3545143604 0.4519597888 -0.7687367201 -0.4896129966 -0.0177676231 -0.2027569711 -0.2720063031 0.0137453070 -0.0016344637 1.0776569843 0.2084368169 0.8039802313 0.1166843548 0.2207700163 -0.4885422587 -0.2229216844 0.4934049249 0.4123148322 -0.5226195455 0.0707921907 -1.1659257412 0.8456907868 -0.5324493647 -0.7473537922 0.2997181416 -0.5867118239 -0.0970126167 -0.2118331045 -0.0153654246 -0.2417633235 -0.4757023454 0.3223173916 1.2776679993 -0.0930008069 -0.4399484396 -0.6618762016 -0.1553902328 0.7202402949 -1.3283450603 0.4777682126 0.0390813276 0.3182568252 -0.5748980641 0.0122346431 -0.3027012944 0.0700698644 -0.0758841112 0.2002425045 0.0305130538 -1.8908745050 -0.9682167172 -0.4865006208 -0.4868851304 -0.7283414602 -0.2265842557 -0.0937350914 0.7349072695 1.0888166428 0.2863609493 -0.8956606388 0.4229572117 0.0508783981 -0.1093745083 -0.4308006465 0.0580159649 1.4790514708 -0.3289127946 0.0304429010 1.1050850153 -1.8787884712 -0.5086792707 0.2007451802 0.1771603674 -0.5588434935 -1.1634783745 -1.4291924238 -0.3325627148 0.8520556688 -0.4814222157 0.6501933336 0.2457009852 -0.0068654213 0.4463031590 0.5482673645 0.2900922894 -0.1964565814 -0.2867471576 -0.2718993723 0.3263795972 0.0284792744 -1.7765023708 0.9468660355 -0.1600769013 -0.5808374286 -0.4014066756 -0.0617823675 -0.0077690128 0.4245137274 -0.3368401825 -0.1210993752 0.7794104815 0.1359201670 0.2692135274 -0.0300552137 0.0532030612 0.4972766638 -1.3703386784 -1.2399011850 -0.2229200900 0.1135990024 -0.3114666641 0.1348862499 0.7810630798 -1.9705808163 -0.4483529329 0.4409890473 -0.0202130675 -0.2604237497 -0.0016344669 -0.2198884636 -0.3875764906 0.2465620488 -0.1549303532 1.2073698044
-0.0808017775 -0.0159986410 -0.0288943574 -0.0074245338 -0.0148184979 0.0043069711 -0.0168547221 -0.0282890685 0.0462619178 -0.0509058014 0.0162870977 0.0008178974 -0.0365583301 -0.0163826626 0.0297724251 0.0121295825 -0.0395640768 0.0595622510 -0.0653284639 0.0005315542 -0.0203833245 -0.0698194876 0.0253260583 -0.0233221278 -0.0476186164 -0.0116263498 -0.0212688502 -0.0268337671 0.0087578576 0.0301652066 -0.0089048985 -0.0811383426 -0.0321149826 -0.0443491302 0.0242605172 0.0501952022 -0.0062389383 0.0370781422 -0.0025324076 -0.0410868488 -0.0412243940 0.0561279356 -0.0153282853 0.0060824058 0.0499508269 -0.0264040101 -0.0555702411 -0.0001374364 0.0389310420 0.0354771502 0.0438374430 -0.0490632020 -0.0141826496 -0.0656652078 -0.0085560996 0.0548317507 -0.0568645522 -0.0350748673 0.0449359678 -0.0961295739 -0.0883746222 -0.0235947985 -0.0426577106 0.0262605734 -0.0376418009 -0.0377270170 -0.0453011058 -0.0371914655 0.0087599829 0.0047779381 -0.0968680903 0.0235979035 0.0353258811 0.0108352397 -0.0481567308 -0.0424494259 -0.0058114594 -0.0143091595 -0.0909669623 0.0450865142 0.0296166297 -0.0144793587 0.0091122389 0.0328437686 0.0347818770 -0.0429246649 0.0141742975 -0.0578705445 0.0065657683 0.0365951173 -0.0248094518 -0.0449965559 -0.0577141047 -0.0418533944 -0.0485820621 -0.0545565784 -0.0315143764 0.0401883423 -0.0156627521 0.0338424966 -0.0633712560 -0.0044945991 0.0344093516 0.0204535350 -0.0188564435 -0.0341558829 0.0352175236 -0.0381816663 -0.0156390201 -0.0565715171 0.0467453115 0.0516878031 0.0382476859 -0.0614561439 -0.0185581688 -0.0443731062 0.0117481425 -0.0088848406 0.0114718303 -0.0084462389 -0.0366159193 -0.0721675828 0.0127421180 -0.0304186177 -0.0065206736 -0.0539562143 0.0256417692 -0.0455322415 0.0165223107 0.0494977497 -0.0658111125 -0.0365203768 0.0393702835 -0.0525419489 -0.0160166472 -0.0049633509 -0.0104503036 0.0451897308 0.0176531784 0.0119709745 0.0473338068 -0.0449245982 -0.0829390958 -0.0164332818 0.0153316921 -0.0595463477 0.0457257889 0.0050539034 -0.0018160953 -0.0248987116 -0.0195623655 -0.0098135769 0.0059733307 0.0313735008 0.0367098711 0.0462615341 0.0316466391 -0.0061040679 -0.0003002609 -0.0519867800 -0.0348639190 0.0247994326 0.0023384152 0.0177937336 0.0329787545 -0.0176897049 -0.0065148352 -0.0468831956 -0.0317803212 0.0229481123 -0.0727240816 -0.0157513991 0.0575900227 -0.0017006276 -0.0796271637 -0.0303880572 -0.0265118144 -0.0560490638 -0.0167831648 -0.0087036714 0.0446745008 -0.0363577642 0.0477311611 -0.0400835723 -0.0511416942 0.0181795843 -0.0307858177 0.0147580793 0.0024909135 -0.0434364080 -0.0092354938 0.0162272211 -0.0016860323 0.0271920729 -0.0556629188 -0.0032762690 0.0145193534 -0.0411923937 -0.0329308473 0.0556092933 -0.0227366984 -0.0537228733 0.0085786022 -0.0410461575 -0.0409645438 0.0570317954 -0.0249619279 0.0499988720 0.0364671610 -0.0585456081 0.0296740774 0.0014678830 0.0041466802 -0.0074155736 -0.0497978516 0.0248838440 -0.0277137887 -0.0325966105 -0.0511951298 -0.0747515410 -0.0624445267 -0.0401627421 -0.0579000190 0.0161753166 -0.0153064830 -0.0031463206 -0.0034799576 -0.0521756485 -0.0660801977 -0.0268013775 0.0321002975 -0.0199117903 -0.0471916161 -0.0682938397 -0.0115411021 -0.0187913999 0.0546936244 0.0249742307 -0.0204638280 0.0156990718 0.0113508608 -0.0454409942 -0.0318704098 -0.0642541125 -0.0390046351 -0.0412542894 -0.0610210001 -0.0421989225 -0.0079555288 -0.0227482244 -0.0157542024 -0.0257425401 0.0298903398 0.0338753909 0.0148266405 0.0294094253
-0.0368974432 -1.0255565643 -0.5901103020 0.7992010713 -0.2984049022 -0.8030299544 -0.1911163330 0.4197244942 -3.2152767181 -0.9042900205 -0.4136009812 0.1025313064 -0.0993551761 0.5168579221 -0.6334785223 1.0942758322 -0.2449743897 0.3110044599 0.0026727912 -0.9081407785 0.6100496054 -0.3259723186 -0.3932759762 -0.0239327550 0.1419481337 -0.6580002904 -0.2316294014 0.6597519517 -0.2411276102 0.2248083055 -0.1520594656 0.3965328336 -1.4842222929 -1.0413421392 -0.4754846394 -0.1794282943 -1.5406394005 0.1629881710 -0.0376536660 -1.1424185038 -0.8774945736 0.0462169424 -0.0879721344 0.2412489355 1.3919394016 -1.6367123127 -0.2162318081 0.5461329818 -0.2601748407 0.1920117736 0.3114979267 -0.1241780147 0.3035596013 -0.2418014109 -0.1968870461 -0.9290298223 -0.2912173271 0.0720780194 1.3654386997 0.1333679408 0.2467842251 -1.9203962088 -0.1073236391 -0.0372125804 0.2568112910 -0.6614165902 -0.9953728914 -1.4333126545 -0.1027702391 -0.7592281699 0.5906733871 -0.0336291641 -1.4477167130 0.2711739242 -0.2356031835 -0.6502302289 0.1179942191 0.1695551276 -2.3623631001 0.0386805013 -0.1268064976 -0.8308036923 -0.0149289444 0.0529288612 -0.8796896338 -0.0265182387 -0.7548221946 0.5346584916 0.4617955387 0.3522767723 -0.1794112176 1.0714218616 0.4223875999 -0.0190128069 -0.3766230345 0.3999476433 0.0316324383 0.4960086942 0.0458746776 -0.6726528406 0.9490038753 0.2519232035 0.7165265679 0.1931158602 -0.4868930280 -1.9160294533 -1.0584580898 -0.3604128361 -0.4789577127 -0.6757548451 -1.3749437332 -0.0326541513 0.1082989946 -0.6859136224 -0.4564439952 -0.5590853095 -1.6721351147 -0.7822044492 0.9601919651 -0.0247949567 -0.4678954184 0.4734250307 0.9711188674 0.8535405397 -0.5283079743 -1.4633171558 -1.8485616446 -0.1041907370 0.6169526577 1.1421504021 -0.3933346868 -1.1159905195 -0.5353154540 1.3311161995 0.0674059242 0.2109169364 -0.0431801453 -0.6503166556 -0.4217023253 0.0221632849 0.0292542130 -0.5604578853 -0.6464676261 0.7439642549 -0.0581458881 -1.3959785700 0.4020845592 -0.2139471024 -0.0451740511 0.4712896049 -0.2760433853 -0.1904584318 -0.6272488236 0.0914427564 0.4152294993 -0.9009564519 -0.4847001433 0.5615192056 0.7637727857 0.2676690817 -0.8553124666 -0.1694687754 -0.3967085481 0.7442271709 -1.4292068481 -0.4073214233 1.1545879841 1.7113913298 0.7877300382 -0.8199989796 0.0103134504 0.5146670341 -0.0280047506 0.4366740286 -0.1832542717 0.0564911515 -0.5141367912 -0.1209289581 -0.3774439394 0.6233099103 -0.9263736010 -0.7728715539 -0.9482073784 0.8621873260 0.3588092625 0.8192507625 -0.1886337101 0.3071382940 0.1432616413 0.3166566193 0.5456218123 0.3632127345 -0.7878535390 0.5419446230 -0.4073780179 0.6874794364 -0.1347849518 -0.0208460093 0.2847031653 0.0543191954 -0.1896896064 0.1236198917 -0.5425794721 0.4357319176 -0.8238084316 -0.6079814434 -1.1425858736 0.3529694676 -0.1772834212 0.6481992602 -0.4002047479 -0.3519742489 2.1307637691 0.5006209016 -0.6954947114 -0.1067861989 -0.4593171179 -3.1497907639 0.3586957157 -0.9632219672 0.0819792524 -0.1687914431 0.0057324916 0.3051409125 0.2282938957 -0.5761903524 -0.0271076560 -0.0214581192 -3.3231697083 -0.2294921875 -2.0175647736 -0.3370165229 0.1869260669 -0.1773742288 -0.8720412254 0.3784560561 0.0460091084 -0.1971475482 0.3096807599 0.3989176452 -0.2246093601 -0.7950414419 0.0528311208 0.2644470632 -0.4027324319 -0.1734555066 -0.1044250801 -0.3163522780 0.0066393837 -1.9256055355 -0.1183270589 -1.8114726543 -0.7217867374 0.1065943688 0.1281515658 0.6324947476
-0.6621658206 2.5434670448 -0.1724445671 -0.2223164141 0.5959528089 -1.4628781080 -0.5717601180 0.4116623998 -0.0585004464 0.5844074488 0.3694196045 -0.6504032612 -0.0378568619 -0.9860572815 -0.9893347025 -0.3884365261 -0.9423109889 -0.2259671986 0.3390958607 -0.6705023646 -0.6345718503 -1.4688022137 -0.0406199098 -0.0544906557 1.1745425463 -0.9463274479 0.0973656401 1.0289981365 0.5894371867 1.0962009430 0.2439108491 0.1008867249 -0.5336022973 0.3326845169 0.2314593494 0.0303731188 -0.2731571496 -1.1714664698 -0.5617224574 0.7786288857 -0.8316769004 0.0172479823 1.2854663134 0.4402138293 -0.3493116498 0.4054380357 0.2875171006 0.5418365598 0.8010730147 0.3993515670 -0.4079544842 -1.6977826357 0.1404937655 -1.9144901037 -0.2803830802 0.6326189041 -0.9509599209 -1.7667598724 -0.3433064222 -0.2034259439 -1.4953495264 0.7738431096 -1.4414697886 -0.0310801528 0.3848438263 -0.8782069683 0.1868335903 -0.8680799603 0.2136848420 0.3779710233 -0.5723505616 -0.0349459201 -1.0649539232 0.3518082201 0.4159582853 0.0932935700 -0.5967257023 -0.1907423437 0.3728162646 0.3072054088 0.4882700145 1.0444583893 0.0169564113 0.0033791140 0.2609068453 -0.4796054065 -0.4500662982 0.0434349515 0.2539036572 -0.1029137000 -0.5870051980 0.2987770438 -0.2762170434 0.4464448094 -1.2826920748 -0.4444316626 -0.3804074526 -0.1899620444 0.0060045049 -0.0643982068 -0.5523370504 -0.1258359104 -1.2062170506 0.4349845350 -0.4617960751 -2.0716195107 -0.6195669770 0.5978148580 -0.4804487526 -0.0677839443 0.2597919405 0.7147769332 -0.1865132898 -0.3151634932 -1.2439627647 -0.9967859983 0.0454492792 -0.8818800449 -1.3528864384 0.4802404642 -0.8244614005 0.7722728848 0.0364978053 -0.4951350987 0.2851077020 0.8593299985 0.8171347380 0.4321127832 -0.0378488265 0.4189115763 0.9792633057 -0.4287470579 0.6915487647 0.6506747603 0.3018862307 0.2526908517 0.0240471065 0.1725374311 -0.4001293182 -0.0617158711 -0.0065645501 -1.2287940979 -0.3315482140 -0.1592055559 0.3007003963 0.3972221017 -0.2844030261 -0.4638477862 0.1957827210 -0.4881973565 -0.1818955988 0.5639658570 -0.5549014211 -1.9784156084 0.6877174377 0.1626094878 -0.1590828001 -0.9176102877 0.4208609164 0.0085080890 -2.3662009239 -1.7178773880 0.6035916805 -0.8179476857 0.5202491879 -0.4626311064 0.7420054674 -0.0581268258 -0.2858816683 0.0217229351 0.0934503451 -0.5712657571 -0.0339888632 -0.0890026167 -0.2519802749 0.0380553901 -0.2702591419 0.3000060916 -0.5279850364 0.6485801935 -1.2011265755 1.1645023823 -0.6051814556 -0.8898881674 0.2494729012 0.7814580202 -0.1241602823 -0.0970610753 -0.3376053572 0.3015031219 -1.4794408083 0.1772625297 -0.5162271261 -0.0705991611 0.6145566702 -0.8181343675 -0.4821063280 -1.8867235184 -1.2962385416 0.0151598006 0.6553177834 -0.8114901185 0.2831540704 -0.5517185926 0.8897840977 0.0337895937 -0.0611723401 -2.3388674259 0.6200138927 -0.9726588130 0.6804713607 -0.6777567863 0.3909688592 -0.0396740772 1.0993614197 -0.7097604275 -0.5161485672 0.4541863203 -1.0748720169 0.1439523548 -1.0374805927 -1.0548127890 0.4852279425 0.1027187407 -1.2717030048 0.1717879176 0.7278584838 0.0577584729 -0.3417350948 0.3981013894 -0.5835909843 -0.0152194267 -0.4098086953 0.0236539301 0.3433222175 0.2897675633 0.0553473681 -0.0891998559 -0.1208906323 -0.3274659514 0.2240709662 -1.5532286167 0.0003114434 0.9541916251 -0.3561576605 0.2806306779 -0.5640810728 -1.3470433950 0.0093737543 1.0197824240 -1.5306158066 0.0980575755 1.0508265495 0.6080004573 -0.2156919688 -0.8455666304
0.3537286520 -0.7308443785 0.2600757778 0.7050712109 -0.7229729295 -0.6673251987 -1.1592990160 0.2475266606 -0.3334970176 -0.1067550853 2.1761658192 0.6198445559 0.5200477839 -0.0344878025 -0.2910954356 -0.4898585379 -1.9189661741 -0.2426395863 0.2421526760 -1.8445795774 0.0138660073 -0.1630584896 0.2402258962 -0.0577936694 0.4888451397 0.3047986627 -0.9347242713 -0.7063065767 -0.2604995370 -0.9069361091 -0.0530258119 -0.7732610106 -1.0094918013 -1.9031517506 -0.8941543102 0.2703101337 0.1490858048 -0.2609729171 -0.2743101120 -0.1609914303 1.5590631962 -0.0561283901 -0.2484476268 -0.0048365984 0.1529898196 0.3727515042 -0.0280737635 -0.3509184420 -0.7510564923 0.5902197957 -0.0085530719 0.0159751847 0.6703405976 -0.6405348182 -0.0557709299 0.7634378076 0.9218118191 -0.1950067282 -1.7677314281 1.1261122227 0.3223286867 -0.9501267076 -0.2715022564 0.0324531794 -0.0622586384 -0.2034118325 -0.9784870148 0.7821719050 0.7288349271 0.1311159134 0.9092310071 -0.0338734165 -0.3212465644 0.7617092133 -0.4274021089 -1.4966326952 0.5859029889 0.7828097939 -1.6307561398 -0.8765125871 1.1472027302 -0.9849901795 0.0285198018 0.0115164518 -0.3822162449 0.1165919825 -0.0747767761 0.1336458325 -0.0450449660 0.3912143409 1.2213835716 0.5265362263 -1.1144659519 0.7743512392 -0.0755762309 0.1041515246 0.4372866154 0.8942081928 -0.0269119889 -0.7680343390 0.5555934310 0.1807251871 -0.0938755348 0.7626603842 -1.1010793447 -0.2316202521 -1.1081905365 0.9756984711 -0.9928700924 -0.8770155311 -0.6193083525 -0.0680802539 -0.6261781454 -0.6961704493 -1.4213615656 1.0459499359 0.1207486093 -3.1384608746 0.4805156291 -0.0314240754 0.2523653209 -1.3163834810 -1.8470216990 0.7965032458 0.7020440102 0.4474521279 -0.5816535354 -1.1004427671 -0.8158470392 0.1872512847 -1.7429610491 0.1165901646 -0.7728369236 0.4801059663 -0.6822685003 0.5166419148 0.0109453276 1.5189291239 0.3729541302 0.0153180584 -0.0471111462 -0.5523989201 -1.5263741016 0.7016744018 0.4052591920 -0.0825251490 0.8532385230 0.2935530543 -1.2270889282 0.3311495185 -1.4529691935 -0.6866405010 -1.2857037783 -1.1508922577 -0.8439705968 -1.1336592436 -1.0233000517 0.4744757712 -1.9231333733 -1.7045490742 -0.3394018114 0.5949708819 1.7620474100 -0.2000613362 0.8974234462 -0.0370078422 -0.7366909385 -0.1883667409 0.8233006597 -1.6092853546 -1.2066484690 0.4023140073 -0.0352372304 -0.1494239122 -0.5628219247 0.0175528750 0.0733017847 -0.3071320951 0.0602006316 -0.5462362766 -2.0072131157 -0.5623013973 -0.0810765475 -0.3589259386 -0.8114022613 -0.9601647854 -0.7291222215 0.3298466206 0.6075797081 -0.7806164622 -0.8496035337 -0.7460319996 -0.3403101861 -0.0768737346 -1.1072572470 0.1821371019 -1.2643160820 -0.0951381326 0.0047161803 0.0138976425 0.3159025908 -0.7096976638 -1.2844406366 0.0944822952 -0.0761741251 -0.1287854463 0.1367903501 -0.3353587091 -1.1708908081 -1.2745211124 0.4267103672 -0.5767813325 -0.1656284928 -0.0000815507 1.2928525209 -0.7727577090 0.0784108415 0.0095876353 -0.2573228478 0.0739302114 1.0531028509 -0.0301686749 0.1231507063 1.0274634361 -0.6543186903 -0.3775878549 -0.0335718505 -0.0313007385 0.8037465215 0.5564272404 -0.0438906513 -0.7464031577 0.0019170232 0.3414973617 -0.2204990685 -0.5974454284 0.0115977600 -0.2529058754 -0.3224876821 -0.2421827763 0.8985419869 -0.3942811489 0.0397738628 0.4290335476 0.0897044241 -0.2684389055 -0.7678833604 -0.5650930405 -0.0295185298 0.9164685607 0.0348758996 -0.0730569810 -0.3878691196 0.4612844884 -0.4071356356 -0.9210381508
0.2579282820 -0.4940823019 0.0209664404 -0.3358955681 -0.4828872681 -0.2950377762 0.0655197427 -0.1103632003 0.0844308957 -0.0126439212 -0.4053471684 0.1190548316 -0.3654070795 -0.0013888199 0.3491064310 -0.7107481360 -0.0651873872 -0.0318843201 -0.0490483232 0.0180245358 -0.5654212236 0.0229253583 0.0937495604 -0.0137680694 -0.1789171845 0.2440046370 0.1674246192 -0.1137854084 -0.1450096369 0.0563293695 -0.0896982253 0.0029639888 -0.4775395393 -0.1206606179 -0.1084020585 0.0546165109 0.1841788441 0.1795535535 -0.4026378095 0.0010862267 -0.1005628556 -0.0052761412 -0.7444375753 0.0056886873 0.1413480639 0.1328125298 -0.0284347814 -0.1183774546 0.1426416934 -0.2570599318 -0.0252423733 -0.2242281735 -0.0291749090 0.0845310986 -0.4782562852 -0.0563124344 -0.1860664487 -0.0318203866 -0.0557869934 -0.3447457850 0.1046852469 -0.3706736267 -0.0040072352 0.0587474853 0.0472074226 -0.2498163432 -1.0303598642 -0.0348946974 0.0258101374 0.0369326100 -0.0487505235 0.0598165765 -0.1806177348 -1.4285665751 -0.6257025599 -0.5132254362 -0.1300706118 -0.2085241079 -0.4768622816 -0.5988615751 -0.7824464440 0.1042907685 0.0238438994 0.0012058243 -0.2997908890 0.0118314698 -0.1453948915 -0.0364913717 0.0012714339 -0.1804794967 -0.4426385760 -0.1179124638 -0.0253461394 -0.2807526290 0.0267166942 -0.2500171661 -0.7431443930 -0.3628964424 0.0412557051 -0.2081128955 0.1802608818 -0.2933317423 0.0756992474 -0.6147912741 -0.1472434998 0.0056770565 -0.2645978928 -0.0138190538 0.0743134543 -0.2424876243 -0.8396605849 -0.2227720171 -0.2022513151 -0.1770326793 -0.0382653028 0.0173194110 -0.0467551947 -0.1924375445 0.0524329357 -0.0480404422 -0.8140950203 -0.1225515455 -0.2855038941 -0.0922683254 0.1689489335 0.0564621724 -0.6367430091 -0.2213663757 -0.0568010993 -0.0047123060 -0.0423813686 0.1455735564 0.0264208615 0.2829155028 0.0461089015 0.0940409079 -0.0413357466 -0.1838226169 0.0514138304 0.0213459954 0.0322607681 -0.4854480326 -0.1190846488 -0.2013893127 0.0572906099 -0.2513158023 0.0533560626 0.2477820516 -0.0380553938 -0.7603270411 -0.2232033610 0.0271035284 0.0898692310 0.0462132283 -0.1153654382 -0.9837014079 -0.2055548877 -0.3514981866 -0.0405394174 -0.1027774438 -0.0520445965 -0.0492884368 0.0420649685 -0.3088532090 -0.0790591538 0.0176823512 0.1719536483 0.0382682905 0.0487903655 -0.2408147603 -0.4448388815 0.0453699455 -0.0276766494 0.1148935631 -0.3258098662 0.0475647524 -0.0046713818 -0.8522430658 -0.0169279203 -0.0463128537 -0.1468437612 -0.7866268158 -0.0137079488 -0.1359539032 -0.4634822011 -0.2975705862 0.0175611470 0.3391714692 -0.3644585609 -0.0613221675 -0.2631609440 -0.4272671342 0.1464850754 -0.2517020106 0.0274267495 -0.0009635281 0.0707347542 -0.0835615396 -0.0817961022 0.0465178192 0.4162216485 -0.0194972008 -0.5510839224 -0.2325762957 -0.9634386301 -0.0614339709 -0.4005405903 -0.0472098216 0.0085714459 0.1073440909 -0.0980101824 -0.6798563600 0.0120267058 0.1069500297 0.0494531393 0.0469569787 -0.0360579193 -0.0150012560 0.0316322222 -0.0240510292 -0.1347780675 -0.7618798614 -0.7549163699 0.0550060272 -0.6121383905 0.1361160576 0.0331157818 0.0336711407 -0.0329421312 0.0522786900 0.0541710295 -0.2718445957 -0.3283103108 -0.0185729750 -0.3656917512 -0.0226706415 0.0550577119 -0.1377752721 -0.4648454487 0.2563242614 -0.6939306259 -0.4378593862 0.0064402968 -0.3859463632 0.0977226049 -0.4601710737 -0.0398469791 -0.1705320179 -0.0306536630 -0.1483466625 0.0825063363 -0.2378428429 -0.0647566170 -0.0208872706 0.2071135342 0.0689389408
-0.1092989072 -0.0299531464 0.0141486153 -0.1037528813 0.0250877477 -0.0076642586 -0.0499969721 -0.0339917280 0.0244086571 -0.0284085143 -0.0699904338 -0.0101635391 -0.0955942869 0.0358446389 0.0887078121 0.0022901311 -0.0327995494 -0.0112212896 -0.0390135907 -0.0272150207 -0.0757493749 0.0111091053 0.0097603546 -0.0124114528 -0.0000630332 -0.0981295332 -0.0249742419 -0.1270133853 0.0151566714 -0.0016235858 -0.0640994906 -0.0886743367 -0.0499733239 0.0133498507 -0.0165737215 0.0536694527 -0.0716136992 -0.0417878553 -0.0376400352 -0.0400657915 -0.0121862339 0.0079195201 -0.0901657045 0.0366771258 0.0106904497 -0.0184526742 -0.0277320743 0.0712279081 -0.0944874808 -0.0115600349 0.0593135059 -0.1023292020 0.0442913100 -0.0553546213 -0.0604298711 -0.0493050441 -0.1193718165 0.0090816095 -0.0145311123 -0.1076288670 0.0282647200 -0.0370124504 -0.0920484737 0.0074157268 -0.0173502080 -0.0420835353 -0.1023761481 -0.0449217483 0.0379952937 -0.0422908291 -0.0746860802 0.0617727339 0.0145010939 -0.0122775063 -0.0014647609 -0.0145271569 -0.0158632472 -0.0362359956 -0.0789634734 -0.0369149745 -0.0068401909 -0.0698007867 -0.0296633840 0.0150058120 -0.0599412918 0.0308697149 0.0204820186 0.0203834996 -0.0680803731 -0.0132076703 -0.0869549662 -0.0460948385 0.0184934884 -0.0608102903 -0.0401280001 -0.0169694982 -0.0472619347 -0.0672270060 -0.0226619020 0.0106786313 -0.0786244571 0.0329860635 -0.0484925136 -0.0407370478 -0.0193196926 0.0000319719 -0.0144151403 -0.0250749625 -0.0122749628 -0.0043525686 -0.0639974773 -0.0394165516 -0.1035718769 0.0087471027 -0.0516647287 -0.0486050136 0.0715479851 0.0071226652 0.0163648948 0.0074364319 -0.0809714198 -0.0225942079 -0.1240795478 -0.1222175807 -0.0333215334 0.0032878246 -0.0745761096 -0.0213680808 -0.0178874955 -0.0007717237 -0.0798995867 -0.0443260707 -0.0499332920 0.0110483253 0.0072824694 0.0165486615 0.0162677988 -0.0833832771 0.0422208942 0.0416071266 -0.0422514006 -0.0907669738 -0.0196060520 -0.0349031463 -0.0490400605 0.0556256771 -0.0759038180 0.0466347560 -0.0384342037 -0.0006627035 -0.0300588161 -0.0411759242 -0.0043176170 -0.0657767653 -0.0465037301 -0.0438041613 -0.0286742896 -0.0692468956 0.0285319146 -0.0706688613 0.0105563486 0.0240644757 0.0111186933 -0.0379769057 0.0002406286 -0.0612433925 -0.0661590993 -0.0045447275 0.0495705158 -0.0118259266 0.0513263419 0.0385816917 -0.0558184013 0.0593859106 0.0241747685 0.0512350276 0.0237627700 -0.0921706930 0.0258421153 -0.0684632510 0.0230207555 -0.0448168628 -0.0942674652 -0.0798981935 -0.0753444135 0.0155339940 0.0293162018 -0.0937531292 0.0220376216 -0.0616802387 -0.0039826459 0.0383284241 -0.0187336113 -0.0094440011 -0.0138336653 0.0224908721 -0.0459002219 -0.0499873608 -0.0080770794 -0.0386695638 0.0043588756 -0.0538883880 0.0118861655 -0.0487871915 -0.0558929183 0.0173377320 0.0212407596 -0.0313156843 0.0438669473 -0.0567890257 -0.0436220020 -0.0475792028 -0.0306763723 -0.0430718586 -0.0831691250 0.0086863041 0.0054998323 -0.0508526415 0.0408169180 0.0165146533 -0.0211092420 -0.0352843031 -0.0542214066 0.0175310560 -0.0590223782 0.0455622710 -0.0480243117 -0.0524164960 -0.0252929293 -0.0433579683 -0.0431190915 0.0273088943 -0.0164876133 -0.1023835540 0.0160440076 0.0198465213 -0.0617507473 0.0297936276 -0.0844016373 -0.0300840791 -0.0752867386 -0.0360394046 0.0554346740 -0.0860809907 0.0282494593 0.0318330787 0.0586885363 -0.0526168235 0.0471204445 -0.0231520813 -0.0261111576 -0.0667383075 0.0144017180 0.0037516728 0.0121896379 -0.0372069590
0.0402694717 -0.0512859672 0.0590983555 0.0429802425 -0.0403987505 -0.0735435486 0.0127706081 -0.0021057948 0.0161625408 -0.0557106212 -0.0132265566 -0.0405507274 0.0348185971 -0.0186991785 -0.0508828200 -0.0358334109 -0.0253531560 0.0432022288 -0.0254216958 -0.0614636764 -0.0677253082 -0.0043291193 -0.0458018519 -0.0546224192 0.0263458248 0.0010086908 0.0050490871 -0.0090801865 0.0322414115 -0.0302909687 0.0170659572 -0.0221343562 0.0314420871 0.0445657261 -0.0204488654 -0.0051067173 0.0138289304 0.0362413712 0.0246065874 0.0055903816 -0.0212069638 0.0488671660 -0.0234307088 -0.0432092063 0.0279101618 -0.0779059827 -0.0494846702 0.0509882979 -0.0424702130 -0.0135414749 -0.0030395612 0.0270811282 0.0017812699 -0.0631000996 -0.0304820910 0.0342928842 -0.0372356959 0.0049741417 -0.0064491821 0.0290396493 0.0506222472 0.0085969744 -0.0546919815 -0.0049627796 -0.0022673691 0.0359109417 0.0119233215 0.0383257121 -0.0523828864 -0.0566622317 -0.0535994135 -0.0062072426 -0.0022436481 0.0555746928 -0.0271627661 -0.0239683613 0.0048906519 0.0174833126 -0.0628379211 0.0219246950 -0.0321044326 0.0373880304 -0.0146298856 0.0304178447 -0.0480251387 -0.0542576686 -0.0574940220 0.0146408826 -0.0493319444 -0.0268306918 -0.0645208061 -0.0232743248 0.0401737839 0.0465792157 0.0266796350 -0.0303496644 -0.0573212542 -0.0017073376 -0.0212738514 -0.0335384123 -0.0253852792 -0.0415455326 0.0438024327 0.0199204162 -0.0223871935 0.0329015702 0.0081495391 0.0264021084 0.0074213399 -0.0343441106 -0.0271515362 -0.0804499611 0.0002165362 0.0286641121 -0.0251820441 0.0391582102 -0.0455292761 0.0068511083 -0.0332697779 0.0349351838 0.0202447623 0.0554855764 -0.0067250188 -0.0679672733 0.0509858802 -0.0334740169 0.0295204036 0.0144290030 0.0053044562 0.0306053609 -0.0097528929 -0.0011935937 -0.0064497590 -0.0755794048 0.0510071553 -0.0696984679 0.0376959890 -0.0321586020 -0.0023356706 0.0036629066 -0.0400387123 0.0519243181 -0.0710110962 0.0321309417 -0.0308293067 -0.0153965103 0.0442568399 0.0029780855 0.0069149588 -0.0455620773 -0.0159004554 -0.0395146385 0.0241346918 -0.0689140186 0.0236412510 0.0188138857 0.0210530460 0.0569658615 -0.0104660485 0.0170557573 -0.0241261218 0.0403434820 -0.0770720318 -0.0204523709 0.0487867892 0.0125025958 -0.0580144711 -0.0502484143 0.0108042136 -0.0533892810 -0.0134259127 0.0347572565 0.0297016501 -0.0334833115 -0.0153448442 -0.0226767808 -0.0535134561 0.0389567763 0.0558614358 0.0428115427 -0.0433542654 -0.0727916360 0.0321200714 -0.0256099440 0.0192402303 0.0528274849 0.0451642796 -0.0530222058 -0.0105577949 -0.0680021271 0.0050618201 -0.0388934873 -0.0599149950 -0.0621740893 0.0461660139 -0.0267056450 -0.0364689641 -0.0173595771 -0.0168586262 -0.0198605433 -0.0272643790 -0.0468806438 -0.0096199857 0.0088252556 0.0403273851 -0.0379491560 -0.0317590907 -0.0610133931 0.0095438082 0.0517418422 -0.0769627988 -0.0214039572 -0.0569440797 -0.0383692831 0.0006176011 -0.0261904970 -0.0087475851 0.0185398981 -0.0345114097 0.0058259834 -0.0017590482 -0.0558525957 -0.0490102768 -0.0593837462 -0.0409267619 -0.0170475766 0.0444815457 -0.0284661874 0.0182066839 -0.0508488789 -0.0167726297 -0.0613918938 -0.0025461167 -0.0197841804 -0.0127519211 0.0191413760 -0.0063424930 0.0509614646 0.0102208769 -0.0131214969 -0.0067668417 -0.0189167820 0.0138871670 -0.0375253670 -0.0559671745 -0.0544369332 0.0217705667 -0.0537813231 -0.0344038308 -0.0629126281 0.0365706161 0.0071102944 -0.0793502629 0.0230104774 -0.0034903614 -0.0183143429
-1.2056980133 1.2060497999 -0.4844436347 0.0475436784 0.0385702625 -0.8563226461 -0.5705932379 -0.3190523088 -0.3943580389 -0.4254518449 -0.8334321380 0.2565585673 -0.7143711448 -0.0737621933 1.0989632607 -0.0169063285 -0.1615865082 -0.0219083112 -0.8639373779 0.1607758850 0.3023832142 -1.2581306696 0.8202760220 0.0452174991 0.5531607270 -0.1117256805 0.0638927743 0.5429462194 -0.5300891399 0.0320929922 -0.7838917971 0.2870099545 0.0843616500 -1.8367047310 -0.3746991158 -0.1952843517 0.5702863932 0.1945027560 0.2921266258 -0.7181883454 -0.6952720284 0.0119326264 -0.7066568136 -0.3164390624 0.4150384068 0.6739733219 -0.4540421069 -0.4513491988 0.1665652692 -0.2661463320 -0.2099336088 -0.3333902359 0.1441225559 0.2770718634 -0.1769437045 -0.1875806004 2.0558898449 -0.1153673306 -0.1182517260 -0.6051352024 -1.2491942644 0.0452686250 0.1773293614 -0.0415307581 -1.0319190025 0.2303761244 -0.0897028372 0.1321191341 0.4160082340 0.0072765662 -0.4095905125 -0.0264903158 -0.5928078294 0.0902776495 -0.1172373891 -1.1873401403 -2.1139776707 -0.1017521396 -0.3912866414 0.2162037045 -0.6366805434 0.2201207727 0.0408477858 -0.0260788128 0.3956834376 0.2273536026 -0.8112275004 -0.4179522395 0.9526613951 -0.6869608164 -0.3873338997 -0.8023868799 0.2463555634 -0.2915768623 -0.6305536628 -0.7115332484 0.0020639631 -0.6127085090 0.0446554348 -0.5052685142 -0.3434705138 0.0330214091 -0.2799465358 0.1599157155 -0.5843587518 -0.2388086319 -0.3187953532 -0.5947670937 -0.8699819446 -0.0819896683 0.3995067477 0.6202814579 -0.2038999051 0.2251560688 -0.0183699876 -0.0719458163 -0.7298536301 0.3379900753 0.4988062382 0.4541104734 0.1177323386 -0.1814794838 -0.2348274142 -0.4916339219 -0.6026046276 -0.8538513184 -0.0875366703 0.0752390623 -0.4205704331 0.1514047980 0.3851023018 -0.4256479442 -0.1402297765 -0.0918850154 0.0846819282 0.6626829505 0.0292739421 -0.0877771601 0.2265900224 -0.0325236842 -0.0587328449 -0.0531257242 0.2565823197 -0.0756947175 -0.5993226171 -0.7700879574 -1.2011077404 -0.1009638235 -0.0772230402 -0.1987672448 0.3544927239 0.2698666751 -0.1633286923 -0.3302125335 0.4889323413 -0.0866003111 -0.0434716344 -0.1369840950 -2.2921738625 -0.2681919336 -2.7749536037 -1.2234653234 0.0548729971 0.2306611985 -0.2027716041 -0.2151699066 -0.4568646550 0.1481146067 -0.0186646227 -0.0869843885 -0.2510312498 0.1258827150 -0.0403901786 0.4226403832 0.0072893999 -0.0333790779 0.0127825784 -0.1635028124 0.2299107611 0.3473172784 0.7202941179 -0.3372094333 -0.2281256765 0.3874309361 -0.4602702558 -0.1607449055 -0.0468683615 0.4650824964 -1.0158530474 -0.2562487721 0.8337640762 -1.7416894436 0.4514773786 -0.0086390413 0.1568301767 0.3209302127 -1.3411946297 -1.2726281881 -3.9034211636 -0.0528925955 -0.7564455867 -0.7764775753 -0.1301800311 -1.0532150269 -0.7325351834 0.4631353319 0.3673813641 0.1867130399 -0.0341029391 -0.2217163742 -0.6793966889 0.3770924807 0.1834223121 -0.0677415505 0.6314615607 0.3173743784 0.0412705243 -0.0455153137 -0.5866039991 0.4978614748 -1.4969329834 0.8903383017 0.3869953454 -0.3013639450 -1.0492128134 0.2562474310 0.7240569592 0.0578240007 -1.0254726410 0.1006644890 -0.2945980132 -0.2419600934 -0.7297927141 -0.5433558226 -0.2551847994 0.0943076834 0.0004383177 0.4181424975 -0.2599409819 -0.1733082235 0.0563686490 -0.4527325928 0.1008718163 -0.2963185906 1.1177452803 -0.2851830423 0.1414294243 0.4500508010 0.0121433605 -0.0155925276 0.0000025647 -0.4059684873 0.3393970430 0.5056815743 0.3586747944 0.2037338018
-0.0056082867 0.1223473772 0.4473935664 0.2846713662 0.5844835043 -0.2768030763 -2.1598265171 -1.7100886106 -1.1128509045 0.1555202007 -0.0477895848 0.0868749768 -0.0667565316 1.0485186577 -0.0783881545 0.2606739998 -1.2972186804 -0.2333773226 0.1029771119 -0.2977682054 1.1775357723 -0.3075535297 0.2021854967 -0.0213367864 1.5777157545 -0.9272086620 -0.2244142890 -1.5028359890 0.5123240352 -0.3462036252 0.3742318749 -0.0851496607 -0.6017268300 -0.8229429126 0.4240519106 -0.1078670248 -0.0198529959 -1.0401546955 0.7044391632 0.5896304846 -0.4843355119 0.0453526489 -0.3029297590 -0.1933524609 0.9938312173 -0.4408670962 -1.0878994465 -1.0380069017 1.0439989567 -0.1170757562 0.4469289482 0.3055485487 -0.1496814042 -0.5505187511 0.0631203949 -0.3971883357 -0.1461487710 -0.3811640143 0.7394125462 0.4401919842 0.1388961524 1.5800648928 0.0804392919 0.0942965150 -3.8011355400 0.0022168371 0.3611747622 -1.2132102251 0.1497392505 -0.2025953382 -0.0619970895 0.0311115086 -0.0339902714 -0.1006326899 -1.2279647589 -2.3460757732 -0.9284210801 -0.0661207885 -0.5107412934 0.4103204608 -1.2216446400 0.7577114701 0.0218838081 -0.0545795411 0.0835184380 -0.1679202616 -0.4722602665 -0.3481092453 0.6716555953 0.0412200429 0.0325459614 0.1928546578 -0.2903395295 -0.4831089675 0.1090253592 -1.6107014418 0.8552519083 0.0819156244 -0.0223738328 -0.5265757442 0.5347171426 0.0226371381 -1.4836412668 0.9958685040 -0.1865882277 -0.3962424994 -1.3433734179 0.1566450298 0.2263512164 -0.0728309453 -2.5155971050 -0.4122067094 -2.2068998814 -0.6286132932 -0.4411191344 -0.2059529573 0.5137693286 -1.0433888435 0.4425817728 0.1427382082 -1.3474016190 -0.1595537812 -0.2001846582 -0.1993636638 0.1893818080 -0.3660481572 -2.1776051521 -0.9469295144 1.2398670912 -0.0281393416 -0.3289517760 -0.6268795729 -0.5693059564 -0.0438541174 0.8548283577 -0.2657348812 -0.0560787991 -0.2704938948 1.0287966728 -0.0014788359 0.0115049183 0.4392648041 0.2232102156 -1.7641967535 0.3297003508 -0.4846943617 0.2211146504 -0.0055092387 -0.0693528727 -0.3845873177 0.4658870101 -0.8480424881 -0.5683186650 -0.2964925766 -0.6293392181 -0.1490032226 0.8689386249 -0.8600773811 -0.2708651125 -0.1989508271 -0.3207866251 0.5318431258 0.5113826990 1.1186107397 -0.5336030722 -0.1426037997 0.0105827358 -0.0189858489 0.2914480865 0.1974048018 -0.5178247690 -0.0447486304 -0.0151917338 -0.2320282757 -0.5448654890 -0.0495156497 -0.1658089459 0.1296761185 0.1592879742 -0.2365355641 0.1686043143 0.0947007388 -0.6374970675 1.8380025625 -1.1939095259 0.6484206319 0.3937549889 -0.3439729214 -0.5389883518 0.0203345791 0.5250350237 0.9143661261 0.7512373924 -0.8371572495 -0.3245086372 0.3124970496 0.2899550796 -0.9120869040 -1.0581001043 0.0315588042 1.1897161007 0.6307047009 -2.4298300743 -0.1813770682 0.1658688486 -0.0437071472 -0.7485815287 -0.4745179713 1.0573221445 -0.0601657704 -2.2593328953 -0.2443837672 -0.6802394986 0.2353153527 0.2026270926 0.9436825514 0.4110467732 -0.9428609014 -0.3061527312 -1.1534708738 0.5329226851 -0.0205184575 -0.4575433731 -0.8753532767 -0.5707484484 -0.1564749032 -0.0526360199 0.0614320859 0.0075816992 0.3524256349 -0.0378644466 -2.1899724007 -0.8068158627 -0.2935179770 -0.0113911694 -0.1702786088 0.0353281274 -1.0930712223 0.6045386195 -0.6128825545 -0.0602336898 -0.2056182027 -0.0733117461 0.2114463598 0.1529882252 -0.6691489816 0.7086591721 -0.2577721775 -0.0314598829 1.0087553263 -0.6981983781 -0.0234349594 0.0359207168 0.3383901119 -0.5327092409 -0.2066678107
1.3227877617 -0.3564907014 -0.0811766386 -0.4143247902 -0.6607921124 -0.3846137524 -1.4945564270 -0.2911919653 -0.8955830336 -0.8690245152 -0.0038625798 1.5184463263 -0.0321190767 0.3330096602 -1.8842034340 -0.5349168181 -0.7865767479 -0.1929218620 1.2418475151 -0.0615811124 0.3438819349 0.0844272897 0.2711158097 0.0479620546 -0.1689368486 -0.0007195026 -1.0571261644 -0.5483393073 -0.7782259583 0.4995567501 0.7969012856 -1.5113096237 -0.3540906906 -0.4172557890 -1.8479683399 0.2058151960 -0.1240696460 0.2107999176 -0.8308793306 -2.2475588322 -1.4007116556 0.0336081758 -0.4660751820 0.5576645136 0.3490305245 -0.1739242524 0.3311594725 0.6490843892 0.1749378592 0.9198840261 -0.1487284154 0.0382953919 -0.5545259714 0.1634771228 -0.1500792503 -0.0538886860 0.0154011641 0.1425740123 -0.3710825145 -0.3605588078 -0.7927836180 -1.0028995275 -0.3080181181 -0.0067293397 -2.1734869480 -0.2005378008 -0.1120544896 -0.6776214838 -0.2248584479 0.0607974380 1.6918262243 -0.0478893295 0.5280989408 1.3098812103 0.0019548042 0.2903812826 1.1022236347 0.5258197784 -0.1376107633 -1.7055165768 0.4796277881 -1.4737060070 0.0025393292 0.0486087874 0.8382571340 0.0023873111 0.8784435987 -0.3548226655 -0.0322916210 -0.2155166268 0.8182341456 -0.8303021789 -0.3730043769 0.4665585756 0.1692652255 -0.2244334817 0.0883402228 -0.1170780510 -0.0261298120 -0.6101971269 0.9825534225 0.2454098016 -0.4130827487 0.2973043025 0.3352740705 -1.3647470474 -0.0108362725 0.2757228613 0.3921678066 -0.2915858030 -0.9092877507 -0.9996693134 0.1141723990 -0.3627596796 -2.5546083450 0.8540196419 -0.3031879067 -0.4222105145 -0.0727421343 0.1713153720 -1.0385038853 -0.1971447170 1.5051283836 -0.8723366857 0.0647373050 0.5860023499 -0.3969610631 0.2135575712 -0.0989406407 0.3772507608 -0.0071893861 -0.5258752704 -0.3063368797 -0.3697545528 0.3814555705 -0.1523868740 0.0319315270 -1.1805539131 -0.0792719871 0.0345531553 0.0108367205 0.4950405657 -1.7289210558 0.7416328192 -0.0122385640 -0.6382131577 -2.3301396370 -0.3223145604 -0.7221034169 0.1113604084 0.3075365722 -0.1712832600 0.3408834636 -0.7887784243 -0.1493665278 0.4775624275 0.7064335346 -0.7424649000 -0.3468244970 0.0022066783 -0.1322634816 -0.0834034607 0.8229306340 0.0220315866 -2.2896106243 0.0411677696 -0.5124070048 0.4771468639 -0.1141476333 0.6646363139 -1.5756593943 -0.0080159968 0.0135539994 -0.8162696362 -2.0942909718 -0.0071297809 0.3880363405 0.8551187515 -0.1034435928 0.8760429621 -0.7460369468 -0.2472996712 -0.3255600035 -1.1329380274 0.6979491711 -0.2841478288 0.1797661930 -0.2222238034 -0.2581913471 -1.3621484041 0.0143013261 -0.8271206617 -0.2704856992 0.4364484847 -0.3412785530 0.1660244167 -0.2535592020 -0.4969589710 -0.2269832790 -0.0535150617 -0.4420997798 -0.3961428702 -1.0108962059 0.3343028426 -0.3408803344 0.3268585801 0.1887406111 -0.0566210225 -1.0523415804 -0.7712920904 -0.9914202094 -0.0553984232 0.3215799630 0.0492691696 -0.2989876866 -0.0261356570 0.3312024772 -0.2246940285 0.1238807514 -0.5697718263 -0.8519968390 -0.8338274360 0.3143039644 -1.2967635393 -0.8213043809 0.1074099988 0.0498319045 0.0081518963 -0.8716177940 0.5298218727 -0.1312223375 0.0048494963 -0.5595579743 -0.0085174311 -0.0189962108 -0.0040139249 0.0282337964 -0.7154827714 -0.1327381581 -0.1510744840 0.1483157575 -0.4872272611 0.0071271709 -0.2709647715 -0.7385354042 -0.2170126289 0.3545655608 -0.2459512204 -0.0425731018 -0.2340064049 0.4777985215 -1.1717989445 -0.6575922966 0.4334833026 -0.3609312475 0.6917508245
-0.5320336819 0.4105287492 0.0613484904 0.5899599791 -0.1919225305 -0.5414700508 -1.3235201836 -0.4921918213 -0.4166697860 -0.2262395024 -0.4184321165 0.3426794708 0.4329138696 -0.6509401202 -2.1759715080 -0.5047577620 -0.5542811751 0.0554335341 0.6324979067 -0.4192298055 -0.1907882839 -0.7877997756 -0.0543130636 -0.0234894603 -1.1191478968 -0.1930656582 -0.7495172024 0.1238082796 -1.1393243074 0.2773796320 -0.9634873867 -1.1190575361 0.2712294757 -0.3016622663 0.1825965792 -0.0210072473 -0.8202436566 0.1024215221 -0.1210152060 -0.0161694810 -0.0882851556 0.0717763901 -1.9674074650 -0.2460048795 -0.1288258880 -0.4854626954 -1.4699041843 0.1688163131 -0.8045157194 -0.5863359571 -0.2299780846 0.0360153131 -0.0563604832 -0.1654209495 0.1415530443 -0.0404322892 -0.5240817070 0.0370073840 -0.2883894145 -0.4102091491 0.3728519678 -1.2677984238 -0.0603496358 -0.0629969314 -0.3027961850 0.0969272703 -1.0200910568 0.0540998466 -0.3751259148 0.0250502154 0.2125920951 0.0158053860 0.2899786830 0.0949678272 0.1369148791 -1.1969256401 -0.0178149901 0.1685144305 -0.1807530671 -0.8455308676 0.4130571485 -0.4299171269 0.0139660016 -0.0246303082 0.2418356687 -0.2920503914 -0.7754380703 -0.0423326865 -0.4806131423 0.2641047239 -0.1848081201 -0.0865854323 -0.3240302503 0.3786234856 -0.0027985573 -1.5749152899 -0.0455660708 0.0801606402 0.0342913792 -0.0168622267 -0.0766618326 -0.0513888672 0.0663768277 -1.0590671301 0.3799365759 0.0315276533 -1.0917093754 -0.1116629988 0.1194878966 -0.0881008357 -1.3260006905 0.0534375273 -1.0197023153 -0.3016301095 -0.2611713409 -0.4938056469 -1.2871127129 -0.1410319209 -0.4682135284 0.0250256509 -0.3189953864 -1.6704452038 -0.5206488967 0.2870444655 0.2765395045 -0.0302174296 -0.9699327946 0.0219032057 0.1135044172 0.0182508677 0.1332548708 0.3495711386 -0.0482378826 -0.3989746869 0.1222296432 -0.1284588277 -0.0443938375 -0.4280525744 0.3127795756 -0.0482795462 -0.0620389730 -0.4250528812 0.1406697780 0.2942450941 0.2692298889 -1.0098977089 -0.0912880972 -0.3663017452 -0.4705558121 -0.4174045026 -1.2744367123 -0.0529441983 0.4458029568 -0.1192931980 -0.6365818381 0.1374942660 -0.4980952144 -0.1390462518 -0.3228532374 -2.0091457367 0.1801045090 -0.0122225331 0.4336242080 0.7279955745 0.3604760170 -0.0466990992 -0.2705309689 0.0595508441 -0.0237238035 -0.0428701155 -0.3109041154 -0.1066729575 0.0498910323 -0.9964538813 0.0323064178 0.0058490783 -1.0007325411 -0.4014355540 0.0527491197 -0.0872028321 -0.3858223259 -0.5231540203 -0.5757232308 0.4132436216 -0.9709149599 -1.5569455624 -0.2708949745 -0.7616241574 -1.0755563974 0.0613002256 -0.0888078287 -0.8096163869 -0.7479181290 -0.4681235254 0.6219680309 -0.3795848489 0.0181800220 -0.0030929127 -0.6638715863 0.0560998693 -1.0372296572 0.5484197736 -0.9589180946 -0.0468636826 -0.6517072916 0.1841225028 -0.9024379849 0.0465612635 -0.2259088308 -0.9969289303 -0.4594112933 -0.0064913295 -0.0207348485 -0.1248425916 0.0585605875 0.0060117021 0.2437396795 -0.5319587588 0.0256120414 -1.0815224648 -0.6466229558 -0.0424250215 -0.0671490058 -0.1782198250 -0.0511698164 -0.0172620509 0.0527366027 -0.0348901525 0.3030247390 0.0580266118 0.0396040156 -0.3349862695 -0.8865993619 0.0510655008 0.7806065679 -0.0312252790 -0.0616038367 -0.0160056241 -0.4646739662 0.0127444705 0.3304871619 -0.3021103144 0.0580203012 -0.5543487072 -0.0198494680 -0.1037252843 0.0345007554 -0.1687105894 -0.0565648153 0.8829021454 -0.5002926588 0.4203399122 0.5119748712 -0.0137655959 -0.5343994498 0.0655583888
-0.7683664560 -0.1791336834 0.3767377138 0.0163002983 -0.3877750337 -0.4855469763 0.0772317201 0.2392194271 -0.1311255544 -0.0854225159 -0.1187706888 0.7455778718 -0.0143606486 -0.2417512834 -0.0194658693 -0.1626047641 0.7363995910 0.5268675685 -0.3431367874 0.2464608997 0.1712284833 -1.3521147966 0.2363513857 0.0439196602 -0.2151458114 0.7224485874 0.1743165851 -0.5165468454 0.1295941919 0.2833477259 0.1504749507 -0.0807530731 -0.3812391460 -0.4497455955 0.2601082027 -0.1729502976 -0.5127382278 -0.0755484849 0.6506460309 0.2349871993 -0.2208381891 -0.0437345430 0.0142259570 0.4984684885 0.0910355747 -0.5068947077 0.2252614349 -0.0557715520 -0.6095247865 0.0586801693 -0.2166662663 0.3361021876 -0.2281908989 0.7568809390 0.0550750978 0.2383519560 -0.2953313291 -0.1346059144 0.2245527357 -0.5192063451 0.1570649445 -0.1553186029 -0.0811460167 0.0315529183 0.1596349478 -1.9539179802 -0.2162009329 0.1156020835 -0.2242148817 0.3785743713 -0.3359925449 -0.0572054908 -0.2791850269 -0.0187804755 -0.3344520032 0.2201907784 -0.2463136017 0.3136475384 -1.5824170113 -0.3849682510 -0.0863943025 0.1312249303 0.0265944153 0.0254231021 -0.8063576221 -0.1243931875 0.6531224251 0.0178534333 -0.4278688133 0.1694804132 -0.4806641638 0.0955082551 -1.0407435894 0.1915996224 0.1331498921 -0.0310072210 -0.4567292929 0.7883095741 0.0368168727 -0.0597546250 0.1668251753 -0.8486364484 -0.7254720926 -0.1963025331 -0.0201314967 -0.5648140311 -0.0121620269 0.2974154651 0.1738424301 0.4309235513 0.3800322413 -1.1610019207 0.1038616523 -0.0297174864 0.3693099320 0.2516693175 0.3057317138 -0.3681094646 -0.6535482407 -0.3712805808 0.1256869733 0.2077560872 0.0323874839 0.0211589988 -0.0110532083 1.4938842058 0.0723020658 0.0007348231 0.0953456014 -0.1472459286 -0.2836686373 0.0955372825 -0.3206131160 -0.6171542406 -0.5227914453 0.2200573832 0.0020236596 -0.2372705042 -0.0961294845 0.0228901953 0.0148312300 0.2342701256 -0.0119081074 -0.1922734529 -0.0036746007 -0.6631299257 0.5647749305 0.2443784475 -0.3637454808 0.0642158315 -0.1993030757 0.1441709250 -0.0595301203 0.3758491874 -0.4431217313 0.0326076373 -0.1194617227 -0.5476056337 0.1050113365 -0.3808590770 -0.1839056760 0.1102041602 0.9841820598 0.1868656129 -0.8268704414 0.1299596727 0.0193760917 0.6074269414 -0.4139113426 -0.0429704599 -0.0373411775 0.2913898826 0.0278885067 0.3421179056 0.6588163972 -0.0543030053 -0.1754885018 -0.0789800957 0.0595863163 -0.8561577201 -0.1280160844 0.0014494736 0.0613881461 0.0273484103 -0.1973015815 1.1164809465 0.1329742223 -0.6149672866 0.2033351064 0.1356106102 -0.0787482187 0.1418041140 0.1517058611 -1.2020418644 0.1612938493 0.1357276440 -0.7050290704 -0.0682859570 0.0213298518 -0.0389136374 0.0836675838 -0.3402583599 0.1309080422 -0.6013445258 -0.1235033348 -0.3338607848 -0.0966634303 -1.0724598169 0.0011906242 -0.1269607842 0.3617453575 0.0377069190 0.1985822767 -0.0502178743 0.5391244888 -1.1113923788 -0.0424672775 -0.0005716323 0.2046458125 0.1173720881 -0.0698199868 0.2123564333 1.1463432312 -0.1765921563 -0.1648398638 -0.0136931725 0.0250022709 0.0044253096 -0.1246103868 -0.0986554027 -0.1507062763 0.1456474662 0.0549338162 -0.2159198076 0.3974299729 -0.2866194844 -0.0308365598 -0.0080158757 0.1701639891 -0.0282185115 -1.4824694395 0.0339254849 0.9136790633 -1.8615502119 -0.4265859723 -0.0358144604 0.3927249908 0.5814324021 -0.0196711272 -0.2968060076 -0.1684985757 -0.1587871760 -0.0693673417 0.0163830761 -0.7746182084 -0.0205174033
-0.7766779065 -0.7822716236 -0.0403785929 -0.2555582821 -0.1961648166 -0.4005224109 0.2342116088 0.0018440494 -0.4443819821 -0.1217115223 -0.0901447609 -2.1728672981 -0.5057229400 -0.0673814863 -0.1278279275 -0.1496059895 -0.1214765236 -0.0312643200 -1.0487529039 -0.5472201109 -0.2566863894 -0.0975877196 0.3316252232 0.0330502018 0.4989135861 -0.6080220938 0.0652281195 0.0749751925 -0.1473616809 -0.0571112484 -1.3352451324 -0.5564107895 -0.1523304582 -0.2087410092 -0.9822542071 0.0428640917 -0.4323412180 0.1044361591 -1.1943926811 -0.8677638769 -1.0734528303 -0.0417772979 -0.0782324597 0.3487320840 -0.5467584133 -0.0413147919 -0.1582556367 0.3706245124 -0.0889446810 -0.3118169010 -0.1227791384 -0.1878167391 0.0588911846 0.1544916779 -0.0664457679 0.0297954828 -0.6819965839 0.0114349052 -0.2391815931 -0.2274781168 0.2189632356 -0.1001977697 0.1421024501 -0.0059423894 -0.1684799045 -0.1059321091 -0.0690089837 -0.5302683115 -0.7034378648 0.0247220695 0.1067658588 0.0405122042 -0.1803604811 -0.2491640598 -0.6001854539 0.1356622577 0.1309937835 -0.3944759369 -0.1173146889 -0.0783993602 -0.2113535255 -0.4133579731 0.0581846684 0.0048312172 0.0052410993 -0.1314658970 -0.3252697289 0.0105659291 0.0624356531 -0.2197654992 -0.1235552430 -0.2636160254 -0.0230780132 -0.1628682315 -0.0503108427 -0.2186480910 -0.3404543400 -0.4240209460 -0.0131510422 0.0268965028 -0.3100128472 -0.4288575947 -0.1064601615 -0.0094197094 -0.1548161060 -0.6084072590 -0.2028897107 -0.8336593509 0.2704141736 -0.1323406547 -0.1908105165 -0.7176550031 -0.0052959016 -0.2117509246 -1.2041298151 -0.4182820916 -0.0188609101 -0.3868584037 -0.6393629909 0.0455685705 -0.2040953785 -0.0406558514 -0.0546216220 -0.1701542139 -0.1764603406 -1.3844906092 -0.4748670757 -0.3864084482 -0.3279305696 0.0133704543 -0.1130539551 -0.0951659530 0.0363963395 -0.4661203623 -0.8317558765 -0.2174975872 0.0584329963 -0.1917863190 0.0074880612 -0.0143615231 -0.0572455376 -0.2554680407 -0.9030346274 -0.4268084466 -0.8504676223 -0.0782976449 -0.8710232377 -0.1077570543 -0.1089935824 -0.1887007505 -0.1809071749 -0.0584682301 -0.2042133957 0.0141656762 -0.2732484639 -0.2062858045 -0.0789544806 -0.2581478059 -0.4131002426 -0.0874183029 -0.0893472284 -0.7272701859 0.1008656844 -1.5064024925 -0.9531382918 -0.0338152274 0.0961482376 -0.0162283406 -0.0193340331 0.0207118038 0.0841068253 -0.0339576900 -0.0046750605 -0.3576189280 -0.2263292819 -0.0587641373 -0.5467934012 -0.1816429496 0.0230264738 -0.3973680735 -1.1642744541 -0.6309570670 0.2765693069 -0.4753191471 0.0260761417 0.0194851588 0.0319924131 -0.0464163385 -0.1127625480 -0.1960688084 -1.5427159071 -0.4258925915 -0.6896061897 0.2729225159 -0.0609897077 0.2303330600 -0.4650637805 -0.6554807425 0.0642144904 0.0448851660 -0.0070256777 -0.4777024090 -0.0410331823 -0.9043393135 0.4497739077 -0.2825436294 -0.7607437372 -0.0291965306 0.0271413084 -0.0325706825 0.2057328224 -0.6129779816 -0.0694751367 -0.0409430712 -1.8408944607 0.0120518431 -0.1012726426 0.0116493311 0.0580548123 -0.2089878917 -0.3117612898 0.1341618150 0.0428533368 -0.1168189794 -0.1290371120 0.1265182346 0.0098711178 -0.0009518042 -0.8497089148 0.0370410979 -0.4704526961 0.2130762935 -0.2519390285 -0.3053544760 -0.2508175671 -0.0471978262 0.0212525502 -0.5160505772 -0.0966104344 0.0218168572 -0.4252520502 -0.0141537106 0.0480395854 -0.3313525915 -0.5326327085 0.0649696812 0.0610931590 -0.3171450198 -0.0409119353 0.1170906499 0.0104579600 -0.0972919762 0.4277042449 -0.0498700440 -0.3120502532 0.0342980064
0.0297660362 0.0358158834 0.0156693384 -0.0000939677 0.0065028789 -0.0578008108 -0.0700868368 -0.0367523991 -0.0969485566 -0.0264717434 -0.0826765522 -0.0580457188 -0.0756637231 -0.0609995611 0.0185640343 0.0149549758 0.0012022515 0.0554184690 0.0242939126 -0.0195786227 -0.0191955864 0.0496621877 0.0204205196 -0.0480621308 0.0321699269 -0.0809536055 -0.0001676620 -0.0143292444 0.0350749455 -0.0185593795 0.0226580203 -0.0383677818 -0.0167909712 0.0316754915 -0.0633958280 0.0093953088 -0.0788048133 -0.0705549940 -0.0617764741 0.0218253937 -0.0326158069 -0.0302378610 -0.0132603301 0.0371609032 0.0109564606 0.0195819680 -0.0272686612 -0.0542727932 -0.0175850019 -0.0397021919 0.0583095215 -0.0572488047 -0.0561593771 -0.0719616339 -0.0332661159 0.0272572935 -0.0760746822 -0.0120083541 0.0162702147 -0.0004475180 0.0287940782 -0.0548262633 0.0412326455 0.0105886459 -0.0539957471 -0.0634614155 -0.0421737395 -0.0222569313 -0.0300854612 -0.0177403018 -0.0570047498 0.0093019754 0.0188032500 -0.0505298637 -0.0268529076 0.0050254152 -0.0741241947 -0.0266059767 -0.0314763933 -0.0311826747 -0.0492492840 -0.0661419034 0.0201290399 0.0215988755 0.0653490126 0.0297352355 -0.0139074894 -0.0222999975 0.0039398358 0.0131545477 -0.0580687970 -0.0126072783 0.0286049303 -0.0455917194 -0.0130641535 -0.0059516663 0.0124371592 -0.0350462906 0.0378193483 -0.0375963002 -0.0435985662 -0.0430935062 -0.0329532623 0.0468138680 -0.0514911003 0.0458045267 0.0280199870 -0.0451033600 0.0384351313 -0.0000976742 -0.0836216807 0.0108107878 -0.0125759374 0.0326930843 -0.0372715667 -0.0270120297 0.0481143333 -0.0382381789 -0.0250075199 -0.0207009017 0.0146175297 -0.0518855713 -0.0879597291 -0.0913720578 0.0302769113 -0.0742418766 0.0315794274 -0.0426847897 0.0443657413 0.0063967332 -0.0118704410 -0.0118430769 -0.0348780602 -0.0232495908 -0.0833839551 -0.0657294318 0.0452213362 -0.0718244165 -0.0490996689 -0.0303459391 0.0543930829 0.0171621647 0.0273921043 0.0112878373 -0.0352445208 0.0461205617 -0.0599018298 0.0055757477 -0.0380742252 0.0252515916 -0.0207179654 0.0385395437 0.0219900627 0.0412586220 -0.0570049919 -0.0681380704 -0.0793919265 -0.0225557871 -0.0072248150 0.0303945113 0.0132514592 -0.0695305690 -0.0455676578 -0.0253040213 0.0353622623 -0.0096280426 0.0623831823 0.0072145313 0.0452602059 -0.0717073902 -0.0047358410 -0.0584115870 0.0562717989 -0.0561030917 0.0310514886 -0.0450248718 -0.0698472932 -0.0363350399 -0.0615463331 -0.0494800434 0.0226944536 -0.0312358476 0.0172012318 0.0368516445 -0.0083433064 -0.0148741761 0.0005586384 -0.0098395161 0.0380164646 -0.0466155931 -0.0129664000 0.0304115266 -0.0301835723 -0.0262533054 -0.0688189343 -0.0384351462 0.0094777895 0.0137141086 0.0423947051 -0.0176975876 0.0153460493 -0.0413646735 -0.0499439314 -0.0754595175 -0.0226355679 0.0149870776 -0.0843780339 0.0153600276 0.0248589870 0.0225766972 -0.0370041318 0.0158378463 0.0417682528 0.0238787606 0.0286581162 -0.0735684559 0.0262328368 -0.0284531638 -0.0547793433 -0.0386653468 -0.0535744876 0.0122756530 0.0217111483 0.0009014268 -0.0297338124 0.0385602526 -0.0078334268 0.0461284369 -0.0889116004 0.0462945551 -0.0327194184 0.0257620998 -0.0431936979 -0.0766311437 -0.0247479398 0.0359320790 -0.0465343818 -0.0798140541 -0.0448146872 -0.0095995944 -0.0317947417 -0.0959495381 -0.0241368487 0.0333938152 -0.0477914289 0.0009838881 -0.0033619851 0.0467656478 0.0417837203 -0.0125465039 -0.0161162652 -0.0359492451 -0.0413645580 -0.0070431614 0.0324424803 -0.0595656522
0.1943808347 0.6400626302 0.8223444819 -0.5605586767 -0.5957855582 -0.7152414322 -0.2955545485 -0.1079072133 -0.3802198768 0.7965874076 0.0703754202 -0.7097962499 -1.2752323151 0.1738158762 -0.3631860018 -0.6179589629 0.2245210856 -0.2664914131 -0.4380992651 0.2929262817 -0.1810925901 -0.2444814742 1.0007525682 -0.0347341672 0.4852891862 0.2325449884 0.1483601481 -0.0349520408 0.1429115385 1.0192655325 -0.1412788630 -0.7028502822 0.5210062265 -1.2702910900 0.4773571491 -0.7509248853 0.2997860610 0.3205017745 0.5191643834 -0.8615450263 -0.7477583289 0.0436001122 -0.1487568319 -0.4203220606 -0.1092842072 -0.5404862165 -0.2027846128 -0.7637321353 0.2367214561 -0.0142215835 -0.8974992633 0.0524283499 0.0644004494 -0.3052811921 0.6734845042 -0.0048422967 -0.1918499023 -0.2663281560 -0.9643616080 -0.1419762522 -1.1819190979 -0.7157451510 -0.8630844355 0.0955192968 -2.5176787376 -0.3024372458 0.1654693484 -0.5053614974 0.6514198780 0.2640059590 0.3715980947 -0.0600176230 -0.5774860978 0.1775766164 -0.2718261778 -0.6108025312 -1.0356638432 -0.2970651686 -0.8976621628 -0.1669109464 0.2498304993 0.2348231673 0.0133018419 -0.0045561641 -0.8767081499 -0.3453797400 -0.2223351151 -0.2508206964 -0.1280076206 0.4779551327 0.1379069537 0.1322379112 -0.0851583034 0.0340070613 -1.2123416662 0.3220106661 0.3807825744 0.1015573442 0.0217060968 -0.1497403383 -0.7006507516 0.1950263679 -0.4103873372 -0.6254402995 -0.0952762216 -0.1558264643 0.3911335468 0.5121536255 -0.7483218312 0.1611177176 -0.7520328760 0.1114067584 0.0998590961 0.1401637048 -0.4414547384 -0.3419698179 -1.7797292471 -0.0599198416 0.2450491339 -0.3265803158 -0.2601729035 -0.0422451124 -0.1917979866 -0.0433578156 -0.7180538774 -0.0145731485 -1.6562751532 0.1660965383 -1.1194212437 0.2065203637 0.5730956793 -0.5587744713 0.2711182237 -0.2135378718 0.1776358187 -0.0015267266 -0.0279424191 0.0946457461 0.3050251603 0.0339951217 -0.0214652345 -0.1176521331 0.0778469220 0.7669256926 0.6807993650 0.4380120933 -0.4572323561 -0.0293286946 -0.0650324523 0.2534115314 0.5238177180 0.4748454690 -0.5317521095 0.9219155312 0.7793704867 -0.6414481997 -0.0353941359 0.3658903837 -0.5079080462 -0.0527534373 0.5880987048 0.0307040066 -0.3466708660 -0.9762481451 -0.9191772342 -0.6194375157 -0.0142118661 0.1129897311 0.2818803787 0.2190487981 0.3489093184 0.1289881319 -0.0273497775 -0.7304214835 -0.2344868332 0.0207640901 -0.2848644555 -0.3226449788 0.3264366984 0.5872012377 0.3936344385 -1.7149810791 -0.4172993898 0.6991499066 -1.2151894569 -0.8570403457 -0.0140180476 -0.0801878273 -0.4685230851 0.7819406390 0.1702389866 0.7209172845 0.0821799487 -0.7737784386 0.5188533068 -0.5434145331 0.6411587000 -2.0411894321 -0.1743846536 0.0486844331 -0.8514269590 -0.7147393823 -0.6163876057 0.1810073555 0.9181163311 0.2553881109 -0.7185652256 -0.5979197025 0.3672427535 -0.1901189685 -1.5843222141 -0.1288406402 0.0467114449 0.2394565642 -0.3708068430 -0.9998020530 0.2462422997 -0.0458798967 0.4705074131 -0.5630786419 -0.8659425974 0.2596483529 0.3339530826 -0.2506428361 0.5230628252 -1.6936018467 -0.8705420494 0.0588855669 0.1742034405 0.6125048399 -2.3301489353 -0.1692246497 -0.2200482488 0.3247883022 -0.1123134866 -0.3114484251 -0.0415567830 -0.0952421948 -0.1219627708 0.6544259787 0.0549462363 0.0651490614 -0.2401936352 0.2231283784 0.1766805202 -0.3879460394 -0.0884304345 0.4176314771 -0.0511033982 0.1424618065 -0.1911679804 -0.4397026002 -1.3673743010 -0.6019179225 -0.5186984539 -0.3914557993
-0.4972810447 0.1504274756 -0.1678233147 -0.7893901467 0.4760154784 -0.1477479488 -0.8670329452 -0.1192482784 -1.2760910988 0.0995716825 -1.0357389450 -1.5014998913 -0.4139621258 -0.7916354537 -1.8981213570 -0.9468786120 -0.9779826999 0.3930233419 -0.0854108185 0.6846580505 0.1402205229 -1.0387687683 0.6860246062 -0.0121754706 -0.0845458955 0.3240838349 -0.0119475033 0.2248387486 -0.1033388749 0.1262204349 -1.1983869076 0.1446431130 0.5671734214 -0.2285540402 0.0730450898 -0.1536262631 -0.3498237133 0.1468857527 0.6262458563 -0.5254945159 -0.0531323366 -0.0196563005 0.1860605031 0.5708121061 -0.2662938833 0.0986899883 1.2784551382 -1.6313949823 0.7164711952 -0.7429198623 -0.1579455435 -0.7070984244 0.0274642296 0.3346441388 -0.0442988165 -0.2879781723 -0.7992609739 0.2133971602 0.5732578635 -0.9895457625 -1.3098208904 0.2449629754 -0.4533890784 -0.0348416306 -0.9702811837 -0.1444159746 0.3228919208 -0.1971229017 0.2654233277 0.3858654201 -0.0827341229 -0.0181384161 -0.3467179239 0.5477094650 -0.5207651258 -0.0314939953 -1.7478127480 -0.9468249679 0.4914004505 -0.3987390697 -1.0722476244 0.6336160302 0.0250816420 -0.0014794394 -0.0268222280 -0.0163469464 -0.0712518692 0.7962186933 -0.6057025194 -0.4016830325 -0.1452440172 -0.0566620789 0.2120413184 -0.0072717499 0.1426201612 0.5321522355 -0.6565091014 -0.7684667110 -0.0401289016 -0.9490330815 0.5646103621 -0.4673533142 -0.7092543244 0.2594129145 -0.2605209053 0.2886889577 -0.9529778957 1.3978725672 -0.2775504887 -0.2320115566 0.3595965803 0.1868226230 -1.4835525751 0.4969934523 0.1996253729 0.0767038390 0.1438454837 0.4547193348 -0.7316879630 -0.1024129838 0.1936129034 0.1983087361 0.1091745570 -0.2434958518 -0.8782182932 -1.1200927496 -0.1162342280 0.4226071537 0.2113066763 -0.1145456359 0.2523784637 0.4450316429 -0.2488860041 0.5048962235 -1.3118293285 0.3419665694 -0.0140226334 -0.0165091958 0.6140822172 0.0298462436 0.0538682193 0.6420779824 0.4643702805 -0.1556801200 -0.4421583414 -0.6486381292 -0.3593290746 -0.1449502259 -0.7938246131 -0.6708884239 -0.4915845394 0.2006420493 -0.3095397651 0.0058836439 2.4292147160 -0.8096579909 0.3593609333 -0.0280926656 0.5403035283 -0.1071550772 -0.4543464184 0.1325128973 -1.6467330456 -0.4274899960 -1.4529348612 0.0737596527 0.6131724715 0.3650324345 -0.0767536685 0.4691043198 -0.0804501995 0.3101931810 -0.0559645221 -0.9564147592 -0.2917056680 0.0009972975 0.5451127291 -0.4160589278 -0.0839034095 -0.0568810590 0.3345510364 -0.0382697880 -0.0425242782 -0.1782646775 0.3414705396 -0.7728089690 -0.2519760728 0.1627798378 0.9931724072 -0.1299221665 -0.3251130283 -1.2894760370 -0.2542267442 -0.0894364789 0.2098837495 0.7792184949 -0.9313552380 -0.5340926051 -0.5825567842 -0.0093462095 -0.0258129612 -0.7656548619 0.1262267381 -0.0440515243 0.2917663455 -0.3782067895 -0.4530681372 -0.1342156529 0.2640582025 -0.5748946667 0.0664990917 0.3101171255 0.4984313846 -0.2371022701 0.4189387858 -0.1005065292 0.6381368637 -0.0402471535 0.0672988445 -0.7705978751 0.9688800573 -0.8260684609 0.1961912066 -1.3180112839 -0.0415347591 0.0648057461 -0.2890411615 -0.0356939808 0.0888990313 0.0641605034 0.4788787961 0.2639391720 -1.9403699636 0.5482500196 -0.2015482336 -0.0903060734 -0.0449714437 -0.0947505459 -0.2900592089 -0.6011196375 -1.2887378931 0.0825524405 -0.2297171503 -0.3127549887 0.0777353123 0.0081975814 -0.1448195428 0.2295321375 -0.0334950760 0.4120900035 -0.0935231522 -0.6191936731 -1.2883865833 0.0850547254 0.0820824429 -0.2888284624
-0.0006198338 -0.0237143040 -0.0144168073 0.0301948301 -0.0062224539 0.0343410969 -0.0402999818 -0.0414648205 -0.0780410916 -0.0332144164 0.0320433788 -0.0431984849 -0.0042104851 -0.0353724323 -0.0035412412 0.0401155576 0.0367440134 0.0163968801 0.0123840505 -0.0629912540 -0.0256197490 0.0131023116 0.0168082528 0.0111437887 0.0117423451 -0.0506038070 0.0341768377 0.0162271056 -0.0585406981 0.0519369952 -0.0034352017 0.0086607151 -0.0008159718 0.0296834074 0.0403634273 0.0114088804 -0.0003028725 -0.0602006502 0.0414655060 0.0372748077 -0.0010932633 -0.0366954952 -0.0415884592 0.0437006652 -0.0097491434 0.0004042500 0.0042574112 -0.0313155875 -0.0421956219 -0.0587996654 -0.0430801138 -0.0164014511 -0.0376474559 -0.0440486483 0.0447932743 -0.0045325649 -0.0007584734 -0.0295158103 -0.0141487513 -0.0456962809 0.0162390918 -0.0560908355 0.0415027961 -0.0168220866 -0.0192114580 -0.0815205425 -0.0595823191 -0.0263051391 0.0519281328 -0.0305236578 -0.0101732425 -0.0091993660 -0.0329336971 0.0463355221 0.0006466253 -0.0639633238 0.0053111296 0.0042037591 -0.0793962255 -0.0051472718 -0.0193897989 -0.0591978580 0.0171434134 -0.0411002785 0.0434922054 -0.0236295089 0.0391218811 0.0538963936 -0.0175653193 0.0094758216 -0.0740519017 -0.0053104921 0.0429091193 -0.0660218969 0.0131371096 0.0275055934 -0.0596719608 -0.0268460773 0.0230931863 -0.0629633591 0.0290052276 -0.0182382744 -0.0139937857 -0.0053562317 -0.0264913999 -0.0259436388 0.0307299551 -0.0562223159 -0.0076084724 -0.0677201152 -0.0809858888 -0.0638327003 -0.0114645688 0.0045750500 -0.0455038175 0.0009900150 -0.0194151346 0.0053037289 -0.0132507635 0.0058877915 -0.0461958796 -0.0345017128 0.0444333777 -0.0015500170 -0.0668329448 0.0145883877 0.0283115339 -0.0425624624 -0.0103799514 -0.0135389175 -0.0346610732 -0.0342831276 -0.0355798714 0.0172552727 -0.0037040447 -0.0407193527 0.0288815424 -0.0596669205 -0.0090191802 0.0511570498 -0.0312531665 -0.0590193495 -0.0598624274 0.0247715600 -0.0387464240 0.0389697254 -0.0125200879 0.0034985510 -0.0179797262 0.0291391723 -0.0658852383 0.0042235283 -0.0228479914 -0.0169156045 -0.0183894187 0.0043466589 0.0252899826 0.0304609518 -0.0462646782 -0.0607026219 0.0248646848 0.0460390262 -0.0352224223 0.0231152270 -0.0213438645 0.0374454260 0.0235687550 0.0590040460 -0.0238763541 0.0263169315 -0.0320453048 -0.0072086998 0.0207966864 0.0423983186 0.0385780632 -0.0278107822 -0.0071176095 -0.0133496635 -0.0524875000 -0.0398663618 -0.0700931698 0.0263062175 -0.0466987453 -0.0034592026 0.0068732393 -0.0363287888 0.0383576378 -0.0182970278 -0.0084465723 -0.0223905090 -0.0310072880 0.0442192703 0.0312548429 -0.0223441478 0.0240934677 -0.0838649943 -0.0692836940 -0.0390940532 0.0298102815 0.0175832883 -0.0278122630 0.0470322594 0.0063308356 0.0271856729 -0.0478917286 0.0112677738 -0.0348134264 0.0495908931 0.0388791226 -0.0046487791 -0.0683228523 -0.0648718923 -0.0104172155 -0.0130023314 0.0393591337 -0.0609335005 -0.0515995435 -0.0509093963 0.0527045801 -0.0493467189 -0.0688283965 -0.0261276364 0.0167887099 0.0050960793 0.0033446946 0.0055916747 -0.0336659476 0.0510945842 0.0062831342 -0.0604336932 -0.0827905163 -0.0566299371 -0.0274668783 -0.0046855714 0.0109433923 0.0124316467 0.0218498558 -0.0240502059 0.0445470586 -0.0591145307 -0.0203681625 -0.0614079162 0.0253441688 -0.0127792517 -0.0059086671 -0.0488091372 0.0085209310 0.0199293494 0.0219594017 -0.0083910301 0.0248154458 0.0358892344 0.0329506584 0.0105257258 -0.0044469004 0.0246242359
-0.0622793846 -0.0626809597 -0.0243452862 -0.0348736644 0.0171108507 -0.0671475381 -0.0076965000 0.0449640192 0.0258218646 -0.0248018000 0.0244861208 -0.0478205420 -0.0434486158 -0.0578153804 -0.0494437031 0.0357437469 -0.0671319887 -0.0049378797 -0.0660201982 -0.0325758532 -0.0063656992 0.0020774622 0.0344299451 -0.0147557631 -0.0259773564 -0.0311789736 -0.0343109742 0.0354879387 -0.0640994236 0.0586553812 -0.0504701734 -0.0691391155 -0.0791869015 0.0115099056 -0.0340705067 -0.0060952678 -0.0382087603 0.0101821357 -0.0255191680 -0.0660175756 -0.0579028912 -0.0143474489 -0.0657295436 -0.0371549316 -0.0536413155 -0.0253102109 0.0223376956 -0.0077025141 -0.0087155262 -0.0045875837 -0.0055898195 -0.0369221829 -0.0444116965 0.0038408735 -0.0249916296 0.0607486516 -0.0757529959 0.0434005857 -0.0499183908 0.0104385475 -0.0779628754 -0.0570888557 0.0425725281 -0.0408229679 -0.0158578269 -0.0294054300 0.0553471781 -0.0441621840 -0.0186224729 0.0133496597 -0.0464894734 0.0140644014 -0.0086190775 0.0039320872 -0.0571238436 0.0194538217 -0.0222549327 -0.0479773208 -0.0589081272 -0.0547134280 -0.0045234291 -0.0662458241 0.0502456352 0.0182575062 -0.0110056242 -0.0306668505 0.0083737364 0.0091121793 -0.0574907064 0.0281105246 -0.0331399702 -0.0386445746 0.0482747816 -0.0583567210 -0.0389452577 -0.0191090591 -0.0666816011 -0.0750013143 -0.0420327410 0.0433824807 -0.0733524039 -0.0510324612 -0.0063049630 0.0019844649 -0.0551837198 0.0216184948 0.0509970374 -0.0009490025 -0.0192722306 0.0353844501 0.0217766874 0.0268897004 -0.0509562083 0.0004434520 -0.0867773667 -0.0357563198 -0.0328961834 -0.0518404357 -0.0970382467 0.0612955838 0.0190895926 -0.0745284334 -0.0532694347 0.0501789600 0.0485309772 -0.0351837873 -0.0448738895 -0.0021858073 0.0444038510 0.0409368426 0.0160458926 -0.0418751203 0.0012416914 -0.0794286504 -0.0192497876 0.0062609287 0.0118269473 0.0147298081 -0.0002124086 0.0447303653 -0.0443001166 -0.0281480867 -0.0703207701 -0.0031265495 -0.0001293274 -0.0339124091 -0.0563696697 -0.0480845124 0.0035514028 0.0015602886 -0.0206170529 0.0041582021 -0.0140851438 0.0111358268 -0.0390670225 -0.0598867983 -0.0607301667 -0.0283634029 -0.0778923407 -0.0058143386 0.0053412602 -0.0554576553 -0.0568460636 -0.0718561485 -0.0752209723 0.0195813477 -0.0133997062 0.0256561637 -0.0418064222 -0.0172633678 -0.0615279600 0.0348395631 0.0198689476 0.0100413738 -0.0028970339 0.0032603666 -0.0105154738 0.0293525402 -0.0443930551 -0.0775176957 -0.0177392159 -0.0072692493 -0.0593303703 -0.0643375590 -0.0464035906 -0.0200140718 0.0335974693 0.0135819186 0.0107603911 0.0179014094 0.0028373015 -0.0679844543 -0.0901366323 0.0261870902 0.0262846686 0.0177801494 0.0070458958 -0.0636232644 -0.0394934975 0.0574909151 -0.0193154663 -0.0732384473 0.0277078245 0.0007547252 -0.0761591643 -0.0360970311 -0.0527393110 0.0198954567 -0.0701428205 -0.0106281191 0.0425640009 -0.0104385177 -0.0061964164 0.0044833496 -0.0278671570 0.0253870785 0.0584312193 0.0279077981 0.0480805114 0.0186221544 -0.0417232327 -0.0192595590 0.0194461159 -0.0341489352 0.0013432769 0.0613436177 0.0598303229 -0.0105650276 -0.0780330151 -0.0232774634 -0.0677467436 -0.0031163839 0.0371104032 -0.0487954244 -0.0395517051 0.0431533903 -0.0266208425 0.0099898353 -0.0782952979 -0.0415838249 -0.0407591276 -0.0090194950 0.0324646235 -0.0223376229 0.0351366363 0.0447593927 0.0209484845 0.0318704024 -0.0338162109 -0.0440867543 -0.0541637726 0.0112349968 0.0260989107 0.0077115670 0.0324526727 -0.0120103853
-0.3719013631 0.0179467965 -0.0317256153 -0.9275483489 -0.1749929488 -0.7986752391 -0.1163678169 0.0032237715 -0.7055297494 -0.8462494016 0.0046150712 -0.4759941995 -0.7589585781 -0.4259391129 -0.4639893770 -0.0939039066 -0.2309908122 0.0139367431 -0.2031831741 0.0334163345 -0.1688902229 -1.3600677252 -0.2724667788 -0.0393607020 -0.5550318956 0.2137909681 -0.2544392645 0.0525491387 -0.7220010161 -0.1372328848 -0.4044818282 -0.0485864803 -1.4467403889 -0.7577546835 -1.2182694674 -0.0463884026 0.2444491535 -0.1860221475 -0.3391601145 0.0111870011 -0.7735109925 0.0008874536 0.1581885815 -0.6726427674 0.3356617093 -0.1465098411 -0.3661804199 -0.2722641826 -0.1239804775 -0.1470621824 -0.1087384969 -0.4777663946 -0.0519573390 0.0232063513 -0.3426657319 0.0570557714 -0.3571272492 -0.0445233956 0.1761536300 -0.8257454038 -0.4812090099 -0.5374826789 -0.0694589242 -0.0372153521 -1.0967314243 0.1230501384 -0.0617294423 -1.2388763428 0.0116046341 -0.0242290497 0.1176158264 -0.0520718619 -0.2357599884 -0.0717182830 -0.9727628827 -0.6992288828 -1.1148849726 -0.0130991368 -1.6879181862 0.0086123422 -0.0648880973 -0.8302538395 0.0545242429 -0.0611335263 0.1111960709 0.0708766654 0.0285198111 0.0515875518 0.1254593432 0.0567259341 -0.3088478446 0.2209139019 0.3222787082 -0.1874195486 0.0204363167 -0.7037298083 -0.0325344130 -0.2770679593 0.0113558397 -0.4901602566 -0.4790999591 -0.1243113875 -0.3624916971 -0.6235158443 -0.0829173997 -0.8476358652 -0.5144118667 -0.2515650392 -0.8405045271 0.4981880188 -0.1995107979 -0.1027104110 -0.0484531187 -0.0183251370 0.1021112427 -0.9989934564 -0.9482970834 -0.6736309528 -0.6120261550 -0.0475370660 0.0331033804 -0.6571010947 0.1535689980 -0.2171485126 -0.3011253774 -0.9214509130 -1.1857677698 0.1694146842 -0.2944307625 -0.0162016153 -0.2744738460 -0.2219293565 -0.0062174276 0.0119285872 0.6874557734 0.0037432928 -0.0043860376 0.3509890139 -0.5301120281 0.0521587133 -0.0584718660 0.0247475896 -0.2613148391 -0.2641217709 -1.0920121670 -0.1514797807 0.4787768722 -0.2862203717 -0.5047191978 -0.1085535735 -0.3576458395 0.0622961000 -0.2794212401 -0.4629231989 -0.8303473592 -0.1834180802 0.2797258794 0.0609747134 -0.5827369690 -0.3756748140 0.3746884167 -0.1677287668 -0.1892061383 -0.9103099704 -0.7025527954 0.0517630577 0.0836427659 0.0415767543 0.0350471362 -0.2016773820 0.0169138145 0.0067838281 0.0394337475 -1.3038526773 -0.1476734728 -0.0123479590 -0.6166584492 -0.0558730252 -0.0202849656 -0.7400897741 -0.0560828671 -0.8186694384 -0.4577755034 -0.1978716552 -0.1169710308 -0.4522596896 -0.4190493226 -0.7707487345 -0.4045587182 -0.5497795343 -0.2388474792 0.0443755277 0.0959420726 -0.2366226763 -0.1336046010 0.1009589061 0.0888300315 -0.5712659359 -0.9155219197 0.0253811255 0.3423139453 0.2997997403 -1.9063910246 0.0799704120 0.2518977821 0.0212053899 -0.2622473538 -0.0005662888 0.0532243215 0.0318244845 -0.4845568836 0.5859285593 -0.0434208289 0.1576776057 -0.3888730109 0.0149312466 -0.2143636793 0.1503174305 0.0489437953 -1.0122069120 -0.0523678772 -0.6223347783 -0.0903574973 -0.5143041015 -0.6247298121 -0.5084167123 -0.0593144745 -0.0400230661 -0.7609986663 0.0611837581 -0.3180998862 -0.7015768886 -1.1141153574 -0.1851649582 -0.5256626606 0.0206135884 0.0199300498 -1.1208447218 -0.1676511616 -0.2733047903 -0.4381698966 0.2053356916 -0.0608403832 -0.3749477267 0.2725735605 -0.7152470946 -0.0137513056 0.3791236579 -0.0291706920 -0.9013043046 -0.8145609498 -0.5236578584 -0.6764458418 -0.0114601105 -0.6829375029 -0.8142288327
-0.4116607010 0.2543373704 0.0451814383 0.0251978654 -0.6999604106 0.0692764446 -0.2130328864 -0.0534574911 -0.7124706507 -0.3429054022 0.2049603909 -0.0067032753 0.0441431627 0.2418941408 -0.1083017886 -0.0780090541 0.0125364531 0.0138271526 -0.1558558494 -0.1517049521 -0.2411037385 -0.9100662470 0.2458221316 -0.0372870564 0.1890089363 0.1845344752 0.1200729981 -0.0023545013 0.0273563992 0.0121343285 -0.0567248724 -1.1293951273 0.0324190110 -0.2826530635 -2.0241243839 0.0559158400 -0.2965560555 -0.0023095021 -0.1505954713 0.1566814780 -0.4869470000 0.0571889281 0.1281686276 0.1156771854 -1.6081540585 -0.1659919173 -0.1523197442 -0.5793702006 0.5035867095 0.0231977981 -0.0033163726 -0.1607229859 0.0239885375 0.0473280028 -0.2031252533 -0.0416609794 -0.2132588923 0.0317851678 0.1993135810 -0.3880579770 -0.1277957261 -0.2220180333 -0.7855828404 -0.0251735039 0.0321581997 -0.5290098190 0.4891393781 -0.0563200638 0.0561540350 -0.0243291929 -0.2526415884 0.0066770017 -0.0324763060 -0.1638004184 -0.2280718684 0.5049351454 -0.0930984542 0.0181541033 -0.4573086202 -0.5026614666 -0.0835732222 -0.0473838821 -0.0584753230 -0.0022189245 -0.0180322975 -0.0623491257 -0.5909662843 0.0495274663 -0.5859283209 0.1932249069 -0.1948207617 -0.1195887625 -0.1607951671 -0.1538179964 0.0188961700 -0.1068739071 -0.0294237118 -0.4971382618 0.0111377686 -0.0664994270 -0.1064894646 0.0891241953 0.0614764504 -0.0764373019 0.0277686492 -0.2678818703 -0.1073619500 -0.2033391744 -0.6051511168 0.2977977097 0.0062056710 -0.0460888259 0.1531548202 -0.0063756341 -1.4599136114 -0.2267504632 0.2307019830 -0.1418231279 -0.3727717698 -0.0372155681 0.0167036112 0.5439963937 -0.0762085095 -0.5125553012 0.1300192624 -0.0910459086 -0.1240297556 -0.0817706957 -0.4811324775 -0.0522075891 -0.3680752218 0.0404021032 -0.0144645944 -0.4629136324 -0.2555220723 -0.5027922392 0.0387132615 -0.1795229763 0.3266241252 0.0291811377 0.0429875478 0.4284686744 -0.3966062963 0.0926251858 -0.0060969112 0.1653053015 -0.5846998692 0.1599194258 -0.0218537245 -0.1819003671 -0.3384048343 -0.0251426548 0.2808339596 0.3224449456 0.1287066042 -0.4304648936 -0.0514528975 0.2310668081 -0.5531200171 0.1687040627 0.0640351921 -0.4538119137 -0.0626930371 0.1722627729 0.0268097501 -0.0433290303 -0.1068043932 0.0059682876 -0.0075332820 0.0059818588 -0.2765036225 0.0122969374 0.0196269751 0.2822726071 0.1062799990 -0.0542946011 -0.0711946487 0.0180308670 -0.0232092962 -0.1024673656 0.0328203663 0.0204100087 0.3493994474 -0.3999511302 -0.3692114949 -0.0249274299 0.1175613105 -0.6450038552 0.0437738933 0.2764508426 -0.1649280041 -0.1536404192 -0.2714964151 0.0425847732 0.1140009165 0.0660303608 -0.1224263683 0.0311122071 -0.5005378723 0.0372635946 0.1732617915 -0.1311390549 0.0963179246 0.0573698059 0.0870900601 0.0344906747 -0.0841142237 0.0416286588 0.0802838877 -0.0686108917 0.0062316768 -0.2961302698 0.0078767603 -0.2166583836 0.0165043045 -0.0522748865 -0.0584773906 0.0256897416 -0.0418078825 -0.2928150594 -0.6332810521 0.0672456324 -0.0470562316 -0.4555897713 -0.3427392542 -0.3162588775 -0.0619112179 0.0105176345 -0.0639651194 0.0218872577 -0.4942338765 -0.5067287087 -0.1780289263 0.2811034918 -0.3868385553 0.0212425739 -0.0258249044 0.0417222641 -0.3617901802 0.1769859642 0.0774618015 -0.5456312299 -0.0587317944 0.5440541506 -0.7682246566 0.5001303554 0.0203441828 -0.2597593367 -0.0343462676 0.2477046996 -0.7725645900 0.0472904630 -0.1811449379 0.0223558769 -0.3140359819 -0.1749587208
0.0044848290 0.0122750578 -0.0228377264 0.0454026163 -0.1023899466 0.0466808714 0.0202918425 -0.0244493727 0.0224083010 0.0330108441 0.0210060496 -0.0321414396 -0.0318597816 -0.0334088728 0.0589665547 0.0057923310 -0.0201451071 -0.0110368710 -0.0048605003 0.0678963140 -0.0605898686 -0.1108409315 0.0675835237 0.0504591838 0.0508134216 -0.0022402545 -0.0593929403 -0.0701053739 -0.0313891619 0.0440132171 0.0705029368 -0.0044388114 0.0242777821 0.0339400284 -0.0843765289 -0.0011106066 -0.0776433423 -0.0066403900 -0.0134474542 0.0023259369 -0.0402550958 0.0411068946 -0.0024871351 0.0037879611 -0.0000164087 -0.0968175232 -0.0231547188 0.0462720059 -0.0089666136 -0.0457023568 -0.0155703584 -0.0340050943 0.0408877954 -0.0255787093 -0.0137770493 -0.0292314999 -0.0126072587 0.0113158198 0.0195141584 -0.0136108501 -0.0040054978 -0.0602487810 0.0047153314 0.0106671154 -0.0049525029 -0.0071406472 0.0433930047 0.0213078726 -0.0045930813 -0.0611937344 -0.0548689924 0.0301587284 -0.0446433164 -0.0395786576 -0.0722529963 -0.0448410884 0.0313635208 -0.0702924207 0.0215325449 0.0279742554 -0.0335669778 -0.0803751796 -0.0478358194 0.0184396356 -0.0139360400 -0.0217642654 0.0220136195 0.0264264792 0.0512630343 -0.0688389838 -0.0184255745 0.0091231819 -0.0372789986 0.0027149215 0.0080547817 0.0396627188 -0.0459640138 -0.0042975815 0.0243112892 -0.0051287855 0.0182032343 0.0190434046 0.0198017564 -0.0475246198 0.0284865331 -0.0732483715 -0.0436898731 -0.0457680635 0.0187638942 -0.0049818894 -0.0961490721 0.0327125601 0.0085520539 0.0445740186 0.0066976962 -0.0645388588 -0.0438738428 0.0083691450 -0.0451406315 0.0502034314 -0.1135249808 0.0259177089 -0.0431549884 -0.0339815766 -0.0205921307 -0.0423367172 -0.0568448454 0.0156840943 -0.0494928956 0.0349528976 -0.0479054004 -0.0200085994 0.0333305821 -0.0863149762 -0.0073420159 -0.0326737128 -0.0581348464 -0.0318797268 0.0207555983 -0.0262835473 0.0470245481 0.0585159659 0.0059761293 -0.0470034108 -0.0105112996 -0.0723194182 -0.0437666886 -0.0370354429 -0.0004456090 -0.0409087017 -0.0030983388 0.0319433138 -0.0551997870 -0.0435694978 -0.0416509360 0.0497410223 -0.0622930638 -0.0701150447 0.0573090017 -0.0044808108 -0.0812654868 -0.0033030184 -0.0434071459 -0.0338015556 0.0389443375 0.0127821928 -0.0587697215 0.0221619848 0.0015550937 0.0300268307 0.0068826014 -0.0082837343 0.0545611456 -0.0693847016 -0.0265560541 0.0318437815 -0.0173703134 -0.0661837161 -0.0197627787 0.0173170287 -0.0159386415 0.0029738985 -0.0254853088 0.0035540529 0.0004799667 0.0266894680 -0.0248766597 -0.0481672101 0.0808202401 0.0418123715 -0.0462829135 -0.0032290560 -0.0528528802 -0.0320077837 0.0272680279 -0.0797516182 -0.0042712106 -0.0340506323 -0.0313953981 -0.0438883975 -0.0609822869 0.0162289999 -0.0435904115 0.0247131139 -0.0236000586 0.0450878441 -0.0804689229 -0.0211814381 -0.0130621037 0.0407093503 0.0450259596 -0.0122379269 0.0181173608 0.0275356807 0.0296128746 -0.0443061553 0.0331905410 0.0068344651 -0.0465285629 -0.0508486144 -0.0418514162 0.0273075327 0.0557191893 0.0374660119 0.0345221013 -0.0102330018 0.0503612831 -0.0402408987 0.0117323203 0.0693018809 -0.0137154385 -0.0352782346 -0.0207145326 -0.0274932962 -0.0267124251 0.0021756063 0.0339242667 -0.0270463396 -0.0187619422 0.0548128411 -0.0000920424 0.0094434321 -0.0185287595 -0.0444083773 0.0343547761 0.0323047936 -0.0209731832 -0.0001507013 -0.0528295636 0.0121003827 0.0092747090 0.0452299006 -0.0324721783 -0.0212752111 -0.0360263847 -0.0588289052
-0.3078482747 -0.1365662664 0.2703633904 -0.4643854797 -0.4878963232 0.3274955750 0.9427805543 0.1842042953 0.1265339553 -0.1260973066 0.3507505953 -0.2513974011 -0.6111796498 -1.3325197697 -0.5814133883 0.2015099972 -0.0768682733 -0.4618904293 -0.9194490314 0.7027955651 -0.7915856242 -0.1439602822 -0.1788058132 0.0469641760 -2.0383181572 0.0276450757 -0.2117919922 -0.2982995510 0.5342288613 -0.2130413800 -0.2575453520 -0.4291471243 -1.1314117908 -0.7416384220 0.0105303526 -0.4590319693 0.3569498956 -0.1253452450 0.3308963776 0.5023420453 -0.4968151748 0.0265018661 -0.1349123865 -0.4360495806 0.0372699089 -0.0403945483 0.2638695240 0.0895526335 -2.4223878384 -0.4592930377 -0.9752013683 -0.4416533113 0.1734847724 0.4793397188 -0.0182913113 0.1378015578 1.2321614027 -0.1850444227 0.2124161422 0.1385405362 0.4237127900 -0.7199510932 0.1405266821 0.0371229127 -0.3695823550 -0.4493571222 -1.3537814617 -0.3610745966 -0.4416538775 0.0633792132 0.2694212496 0.0039503947 0.1923434287 0.0656790659 -0.5343325734 -1.1036384106 0.3988163471 0.8093953133 -0.0424075574 0.1032678559 0.6429314017 -0.1291514635 0.0486518219 -0.0108906776 -0.3258458376 -0.4374248087 -0.1374906152 0.2190964818 -0.8153946996 -0.4065409005 -0.0591443330 0.0235706363 1.6994166374 0.5041405559 -0.0904316530 0.0355961025 -0.6888599992 0.3166481555 -0.0080262721 -0.8090264201 -0.3141171336 -0.4627969265 -0.6600823402 -1.4373105764 0.3815729916 -0.1786649227 -0.0786371604 0.0467059463 0.8118531108 0.0200570952 -0.9823935628 0.6666530371 0.0163412858 -0.9005356431 -0.0600114726 0.0452318639 -0.9465428591 -0.0535534248 -0.0061494960 -0.3476737738 0.5997185111 -0.7609697580 0.3950681686 1.0556585789 -0.5012248158 0.4574995339 -0.0526330434 0.8961368203 -0.9165949821 0.6749128699 -0.0028965275 -0.4553652108 0.0866637081 -0.5941613317 0.7538405657 -1.0346990824 0.0426235497 -0.6906310916 0.5181339979 -0.0409115702 0.0225537121 -0.9553450942 -0.1944492161 -0.9018936753 -0.9769446254 0.0510739237 0.5508817434 -0.0415136814 -1.2102816105 -0.1103156134 0.0740369335 -0.6948078275 0.1519515067 -0.3933541179 -0.2457891256 -0.6728441119 -0.6237111688 0.0681738630 -0.2084969878 0.3731399775 0.0978306755 -0.2295819670 -0.7441791892 0.1578332633 -0.6719384789 0.3387470841 -0.9430351853 0.2177190334 0.0913041309 0.4885191619 -0.3154814243 -0.4719151855 -0.0242876336 0.0121292248 0.9988662004 0.0438285992 -0.6910090446 0.1954356432 -0.4415040016 -0.4160164595 0.4058705866 -0.5387163162 -0.8596450090 -0.3719250262 -1.3460060358 -0.3266592324 -0.4824411869 -0.1868301332 -0.1974336654 -0.1861283481 -0.6071215868 -0.0856567994 0.4618721306 -0.1497696489 -0.0951742902 -0.1471335888 0.7566267252 -0.1084017009 0.0777869299 0.0094330907 0.3108893931 0.2427427769 0.1137270331 -0.5872992873 -0.4546313584 -1.0956593752 -0.7786106467 -0.0461167693 0.0482461303 -1.1193724871 0.2946961820 0.3759939671 -0.0169161092 -0.0376028754 0.0125834439 0.6037454605 -0.2218015343 -0.0639367849 0.0238896124 -1.1305024624 0.8880534768 -0.7761263251 0.7732837200 -1.8607366085 -1.0877741575 0.5551182032 -0.9823963046 0.0517123640 0.0418277308 0.0890667364 -1.2468744516 -1.1774406433 -1.0929008722 0.0711537749 0.3267581165 0.2130630910 -0.0002372637 0.1369594038 0.4997915328 0.5625325441 -0.6289162636 -0.0992326438 -0.2047990710 -0.2462101728 0.3624271750 -0.1768715382 -0.2181704789 0.2162972838 0.0168107003 0.5915942788 -1.1947983503 0.4574856460 0.6505394578 -0.8031133413 0.5555555820 -0.4077053070
0.0227186307 -0.0170096103 -0.0355662555 -0.0247075837 -0.0128527880 -0.0067548240 -0.0427480862 -0.0138526978 -0.0449339785 -0.1021638289 -0.0434588045 -0.0531545654 -0.0509927347 -0.0660371706 0.0343986936 0.0182093289 0.0043387511 0.0601810813 -0.0288263652 -0.0104763703 -0.0655219704 0.0391396396 0.0158037618 -0.0197088718 0.0162666645 -0.0228357501 -0.0214181542 0.0274449568 -0.0740353540 -0.0585726425 -0.0900713131 -0.0339891613 -0.0683644190 0.0205413681 -0.0774158612 -0.0559154749 -0.0946319476 -0.0121718086 -0.0607667118 0.0046979319 -0.0310377795 -0.0589969158 -0.0409316570 -0.0162878837 0.0154657019 -0.0928313807 -0.0261494778 0.0222735852 -0.0235916711 0.0207967982 0.0399479866 0.0060770414 -0.0428658798 0.0241857935 -0.0039882087 0.0509463847 -0.1111178622 -0.0321646035 0.0141329616 -0.0062168087 -0.0267364159 -0.0504918098 0.0219361950 0.0592124723 -0.0564983338 -0.0550866090 -0.0718180314 -0.0524824969 0.0202300176 0.0157142505 0.0012619548 0.0085666701 -0.0238870736 -0.0893400535 -0.0687771663 -0.0451069772 -0.0838382393 -0.0044935420 0.0144396378 0.0398557857 -0.0220695697 0.0313781984 0.0033234879 0.0297638103 0.0205240175 -0.0559234768 -0.0699000806 0.0426220000 -0.0092635863 -0.0547051057 -0.0429729596 -0.0559312478 -0.0691038817 -0.0886226669 0.0252226740 0.0247282144 -0.0418314710 -0.0181460120 0.0239430144 0.0429476909 0.0241473988 -0.0609492697 -0.0145724500 -0.1058081463 -0.0166512057 0.0222072247 0.0179067552 -0.0428339206 -0.0619128905 -0.0401276685 -0.0358478986 -0.0148356324 -0.0330129638 0.0391189530 -0.1087603197 0.0015762523 -0.0657687038 -0.0095511805 -0.0076702903 -0.0000190660 -0.0782643855 -0.0053973449 -0.0759488419 0.0195441097 0.0041146921 -0.0481882021 -0.0510912575 0.0066555375 0.0005198459 -0.0508458614 -0.0496002920 -0.0598600879 -0.0196071193 -0.0964579508 0.0345471501 -0.0060739871 -0.0047262982 -0.0229493994 -0.0617848523 -0.0202482566 0.0513028800 0.0009720735 -0.0209730621 0.0169999730 -0.0125107532 -0.0675796866 -0.0088318009 -0.0521475449 0.0164042022 0.0249963198 -0.0737159327 0.0509445816 0.0208931584 0.0111562312 -0.0724654272 -0.0528950803 0.0486652777 -0.0799395517 -0.0151594272 -0.0810675845 0.0275582969 0.0148077207 0.0362583995 0.0340090208 -0.0354310907 -0.0593791828 -0.0402535796 0.0512571931 0.0466631800 -0.0284083616 -0.0457275808 0.0014865696 0.0432923213 -0.0411006548 -0.0665630326 0.0024160817 -0.0291625485 0.0129052317 -0.0592149049 -0.0522775948 -0.0082669873 -0.0033767745 -0.0980371013 -0.0760771707 -0.0488233417 -0.0362359732 0.0483923256 -0.0927847028 -0.0106214192 -0.0465795696 0.0532528907 -0.0682914108 -0.0323788673 -0.0120052341 0.0379005522 -0.0588734820 -0.0800792873 -0.0760188848 0.0255955216 0.0570180491 0.0174679104 -0.0375048257 -0.0887746736 -0.0950886682 -0.1091064066 -0.0594087243 -0.0380323157 0.0444825888 0.0178671516 0.0104691172 -0.0779457092 0.0011369656 0.0028431192 -0.0649299622 -0.0099238316 -0.0404914618 -0.0235116035 -0.0141702397 -0.0397300124 -0.0317731127 -0.0114735188 -0.0443808399 -0.0198946856 -0.0366380215 -0.0562916137 -0.0471832938 0.0100767165 -0.0020642504 0.0279026926 0.0516121984 -0.0557399504 -0.0344522186 0.0500541888 -0.0720660090 -0.0519193597 0.0382673070 -0.0558917224 -0.0385957547 -0.0675549433 -0.0406153090 -0.0711594969 -0.0813630894 -0.0595270619 -0.0894122794 -0.0234589521 -0.1065626666 0.0391212255 0.0322861783 0.0455110446 -0.0037213012 -0.0149933062 -0.0630116388 -0.0878058672 -0.0149655268 0.0294635165 -0.0442810766
-0.3557793796 -0.1320127398 0.0438275933 -0.0301955622 0.1832354218 0.4537409544 0.0724598914 0.0730362535 -0.6542515159 0.4326473773 -0.1241705492 -1.8243876696 -1.3456679583 -1.3905199766 0.3415366709 -0.4104972184 -0.8841660023 0.2937238812 0.1141788512 0.6258354187 0.2948268950 0.0512625463 -0.2957696021 0.0563152581 0.5262629390 -0.4415664971 0.0664650202 -0.1856219620 -0.7527570128 0.0862369165 0.7874913812 -0.3982644677 0.3222002387 -0.6755969524 -1.1879098415 0.1914111227 -0.0602337010 0.4198390543 -0.0531229489 0.2521457970 -0.8969566226 -0.0232286062 -2.0175158978 -1.2273882627 0.3665300608 0.1985020489 0.2299890369 -0.3864332736 0.1455283910 -0.2486612648 0.0390819870 0.0194441602 0.3653313816 0.1894147098 -0.2778763175 -0.4885463715 0.5138075948 0.1702335626 0.8961010575 -0.6033359766 -0.2721789777 -1.0360206366 -0.9643941522 0.0056220759 -0.3091853857 -0.3971299231 -0.0965786353 -0.5138123631 0.0328945890 0.0016872406 -0.4739512205 0.0165127814 -0.3277612031 -1.2013146877 -1.6423329115 -0.7033252120 -0.9943791032 0.8509876132 -1.7430236340 -0.4895877242 -0.2350958139 1.2053576708 0.0040770695 0.0064235553 0.1186386645 0.2601764798 0.1701376140 0.3504999280 -0.2294314206 -0.8746700287 -0.6039637923 0.3152979910 1.0062905550 0.0054306225 -0.1310473531 0.4806300104 0.1599576622 -0.2164163888 0.0209932774 0.1111714169 0.1268803924 0.0047242902 0.3906477988 -0.4031325579 -0.3484092057 0.3041909039 -0.6922152638 1.3045936823 -0.2506356537 -0.4638719857 -1.2802518606 0.4129662812 0.4849611819 -0.3322721124 -0.4482943416 0.0815813094 -1.0603101254 0.6343619227 0.4740051925 0.3362921774 -0.0097831832 0.7843613029 0.3148000836 -0.2762417197 -1.0295057297 -0.2219441682 -1.1591082811 0.4499182701 0.2897863090 0.0402844921 0.6961096525 -0.3051365912 -0.1219514832 -0.5902700424 0.6519865990 -0.5147222281 0.0554770380 -0.1952017993 -0.6387246251 -0.0005397946 0.0049788877 0.0813219845 -0.0914357826 0.3937919438 -0.6856859922 -0.3582580388 0.2801682353 -0.1611556560 -0.2957756519 0.9336353540 0.4630454481 -0.2550682724 -0.4020273983 -0.9048046470 -1.0021183491 -0.5736983418 -0.3978276253 -0.6735250950 -0.2776726484 -0.3950600326 -0.0480122045 0.0687039196 0.3393044174 1.1314246655 -0.5457581282 0.3510321379 -1.5924061537 0.0215039011 -0.0843558609 -0.4386423528 -0.2980141044 0.2249028981 -0.0079669580 -0.7568017244 1.6118162870 0.0468265414 -0.4461017847 -0.9982008338 -0.0271430910 0.4227967262 0.3130587041 -0.6590511799 0.2171511650 -0.6032475829 -0.9219340086 -0.7862477303 -0.5268823504 -1.7336391211 0.0448613316 0.0448329933 0.1625716090 0.1274080127 -0.1548902094 -0.9203452468 -0.1288688481 0.6024456620 0.2330147028 -0.1301810294 -0.2103038132 -0.0052855685 0.4250363410 -0.9963395000 -0.1960297972 -0.4293340147 -0.6508846283 0.3533438444 -0.3884889781 -0.1197588742 0.6675196886 -1.1225770712 -0.4004777074 0.0680709332 0.4304166138 -0.1767929494 -0.0005859723 0.2776720226 0.3562701941 -0.9599844813 0.3881289065 -1.1128438711 1.1260418892 -1.2419663668 0.6358243823 -0.9811587930 1.3602086306 0.0212335102 -0.0247444082 0.0117606223 0.0182746835 0.2345016599 -1.0387911797 -0.0110371718 -0.1517739743 0.7510691881 0.0407660306 0.2784688175 -0.0269232988 0.6278476715 -0.2465584427 -0.3924612701 -0.1631078571 0.0980277956 0.0575797707 -0.2703588009 -0.3530782759 0.1462351084 -0.0856366530 -0.2011564672 0.0412530601 0.6020455360 -0.3417428434 -0.4742143750 0.1508520842 -0.2967365980 0.5806291699 -0.1043142602
-0.0170690585 -0.0464455485 -0.0369779468 0.0384756997 0.0491694361 0.0466774106 0.0003474820 0.0137207126 0.0190652981 -0.0290024113 0.0509274304 -0.0750653371 0.0070249112 0.0345715992 0.0003827969 -0.0023949672 -0.0310990568 -0.0276797190 -0.0181105845 0.0426001698 0.0508968607 0.0201608762 0.0046757357 0.0097637922 -0.0484451912 0.0259739663 0.0020533497 -0.0314485766 0.0525757708 -0.0211715400 -0.0326733477 -0.0799277574 -0.0318184346 0.0346479490 0.0041538752 -0.0294901282 0.0092213936 0.0358211845 0.0335633010 -0.0016802317 0.0007271311 0.0420400053 0.0390881971 -0.0356842950 -0.0158104450 -0.0226700827 -0.0372041911 0.0379388668 0.0244880319 -0.0589921363 -0.0100750253 -0.0399442278 -0.0247439742 0.0015399584 -0.0337479450 0.0017856765 -0.0682228431 -0.0499530584 0.0149579877 -0.0414518714 0.0284533817 0.0150124477 -0.0065144803 -0.0175871681 0.0090781683 -0.0039660432 -0.0372969434 -0.0180575047 -0.0387288146 0.0085416436 0.0418611392 0.0546773747 -0.0284040403 0.0458601303 0.0360586531 0.0422774367 -0.0712787211 0.0034822254 -0.0148028787 0.0138108917 0.0457262844 -0.0492578223 0.0482615680 0.0095743164 -0.0693825334 0.0016979659 0.0009913861 -0.0531919301 -0.0423985012 -0.0738563612 0.0148382755 -0.0667228922 0.0359560065 0.0058644563 0.0223575905 0.0391261093 -0.0278319065 0.0519831218 -0.0202751905 -0.0035875246 0.0390092358 -0.0303193629 -0.0481442511 -0.0452401377 0.0370531417 0.0262198076 -0.0123877143 -0.0135135204 -0.0860447139 0.0243154466 -0.0545892976 -0.0276756883 -0.0001154409 -0.0705379024 0.0246494263 -0.0327323191 -0.0193678178 -0.0421586782 -0.0599915981 -0.0354074240 0.0346369967 -0.0246936902 -0.0242064837 -0.0454168729 -0.0553060472 -0.0649758652 -0.0448650792 -0.0373768136 0.0451111533 -0.0167384520 0.0190218873 -0.0422163680 0.0273524672 -0.0193342157 0.0362767316 -0.0421259739 0.0482442677 0.0277716890 -0.0053160223 -0.0508292690 -0.0259753093 -0.0139122726 0.0298737176 -0.0465482399 0.0131580718 -0.0453525819 0.0106874509 -0.0161281377 -0.0352977999 0.0284913760 0.0193709731 -0.0592697002 -0.0239310712 -0.0152730616 -0.0254984796 -0.0515063368 -0.0611215830 0.0410730988 0.0418391079 -0.0295246001 -0.0747939348 0.0412741452 -0.0217847116 -0.0024825849 -0.0370179303 -0.0548367836 -0.0086225718 0.0129242465 -0.0057867020 -0.0361823998 -0.0341416411 -0.0336778723 -0.0377234817 -0.0503794439 0.0138732661 -0.0361967087 -0.0210733898 0.0396133251 -0.0181811303 -0.0442907475 0.0350089893 0.0150597058 0.0200762842 0.0188708920 -0.0557890944 -0.0091029378 0.0564002953 -0.0147740226 -0.0097116893 -0.0290391818 -0.0365258269 -0.0536473617 -0.0217097718 -0.0442388505 0.0345583595 0.0083018458 -0.0388290957 -0.0507574789 -0.0303668827 -0.0114711523 -0.0407991372 -0.0107912654 -0.0576914102 0.0102196848 -0.0197725389 0.0453557856 -0.0685167238 0.0105131594 -0.0058709201 0.0014664066 -0.0297949035 0.0093683284 0.0163057968 0.0453411080 0.0081226537 -0.0325301737 -0.0247466043 -0.0154074226 -0.0039915582 -0.0212099906 0.0026341556 0.0554995909 -0.0377416424 -0.0530934595 0.0498374365 0.0072763483 -0.0671135783 -0.0202678740 -0.0733029172 0.0017209202 0.0115174977 0.0011741593 0.0367860198 -0.0263020825 0.0468393900 -0.0494114757 0.0392972827 -0.0713699088 0.0079566697 0.0282220412 0.0412274525 -0.0005932039 0.0261671040 0.0190537181 -0.0492586233 -0.0449773408 0.0534745157 0.0143781807 -0.0385216996 0.0054021464 0.0077272439 -0.0737690851 -0.0736895949 -0.0069017410 -0.0109170666 0.0453006551
-0.3220433891 -0.2089231163 0.3625958562 -0.8666490316 -0.0276438762 -0.9629909992 -0.3902556002 1.0211204290 -0.0903732777 0.4050760567 1.0172905922 -0.6429629326 -0.0885143802 -0.1122910306 0.1010145620 -0.1836528182 -0.2770950198 -0.2666463554 0.4126315713 -0.4414341748 -0.1467462629 -0.2635162771 -0.0290582925 0.0031212643 -1.3510912657 0.4940458834 -0.0222779792 0.2145734876 0.6644142270 0.1604430676 0.2789633572 1.1130455732 -0.1971839815 0.6629929543 -0.2442569286 -0.4723289013 -1.6518838406 -0.1486918330 -0.7748085856 -0.5324708223 -1.3188621998 0.0237052515 0.6737524867 0.2061443776 0.2889589965 0.8619753718 -0.3972434402 0.1462856680 -0.1088840291 1.3500136137 0.2000277042 0.1185423434 -0.0354627073 -0.7264403701 -0.4063800275 0.2651225924 0.0818119869 0.0718622655 0.7918731570 -0.3048765063 -0.4674564600 0.4509027600 -0.4651863277 -0.0390190482 0.5084889531 0.8544296026 -0.4636088610 -0.7332875729 0.3422754705 0.6310690045 0.3379189968 -0.0041990355 -0.4260368645 0.1428282261 0.1002366766 0.0100430967 -0.2210728526 -0.8599460125 0.3453058302 -0.5623587370 0.5830657482 -0.7668347359 -0.0493757874 -0.0059798732 0.4991893172 0.4531623125 -0.9404759407 0.1756404191 -0.5938180685 -0.5066621304 -0.4491772652 -0.0487885065 -0.1989375651 0.2801383436 0.2884470820 0.1078679189 -0.9967649579 0.3243353665 -0.0206554979 0.1353952885 -0.5849806070 0.1485879272 -0.4046642780 -0.2965679169 -0.2253280133 -0.1100171283 0.4761338234 0.2284256965 -0.1804363728 -0.3357635438 0.5913068056 -0.3296264708 -0.6791990995 1.1789778471 -2.1118726730 0.3330038786 1.4391815662 -0.7201378942 0.2430236489 -1.3099216223 -0.5333882570 -0.3022350669 0.1262639761 -1.0020362139 -0.4532136619 -1.1941796541 -0.8773711324 -0.7198863029 -0.3244858980 0.9670286775 1.2230501175 -0.7984165549 0.1673270613 -0.8017093539 -0.2234872282 -1.0604873896 -0.0305740461 -0.0010719630 0.1622782648 -0.0220868737 0.0394403934 -0.2352861762 -0.3437943161 0.1227440313 0.3180747926 0.9054657221 -0.3113299012 -0.1407042444 0.1987931728 0.4017661512 0.1031277701 0.4804278016 -0.3164003193 -1.1322405338 -0.6582471728 -1.0663322210 -0.2986682057 -0.5965847373 0.1376881301 -0.3460273743 -0.3502029777 -0.0331257917 0.7486585379 -0.0413733870 0.4279327393 0.2151027322 0.2297221571 -0.1984614432 0.5563286543 -0.1184854060 -0.4333852530 0.1479666978 -0.0520377085 0.3242192566 0.0156047717 -0.0604982525 -0.6362055540 0.1816290766 -0.0727680996 -0.2876335979 -0.8455408216 -1.6972823143 -0.2201492339 0.0283905827 -0.9767740369 0.3880111873 -1.0210275650 -0.1901001781 0.0537402816 0.0193572175 -0.1672841609 -0.6319076419 0.3285170197 -1.2162601948 -0.8709866405 0.3091942668 0.7593027353 -0.2263362557 -0.3268150389 0.0180643275 0.1245055944 -1.1645117998 -0.6666736603 0.3946874440 -0.5938870907 0.0794696063 -0.1351936460 0.5267666578 0.2980814874 -0.2274028510 0.6119734049 0.2265073508 -0.4969383478 -0.0101699689 0.3054447770 0.2588661909 0.3855048716 -0.0707223341 -0.7360724211 0.0725929886 0.5874511600 0.0490055494 0.1388255060 0.0737388954 -0.1764642149 -0.1481405348 -0.3355310857 0.0436503626 -1.2952617407 -0.0157802850 -1.8957954645 0.4003433585 -0.0962104499 -0.1342069507 -0.3216865063 -0.2035294473 -0.0056946129 0.0624203533 -0.6485612988 0.0052255448 0.7518141270 -0.1397728622 -0.5210157633 0.4452842474 0.9818398356 -0.0595799834 0.1860696226 -0.2563111484 -0.0063452125 -0.3264707923 -0.1613016874 0.5905948877 1.0269032717 0.1995193064 -0.6155137420 -0.1512872279
0.9869550467 -0.9199125171 -0.2648624182 0.5388468504 -0.1062959731 -1.4223806858 0.4701281488 0.0363444351 -1.0766693354 0.6342349648 -0.3636395931 -2.1365973949 0.6410598159 0.3147549033 0.3105098903 -0.3314207494 0.0333178230 0.0775665864 -1.2700473070 -1.4611918926 1.2574645281 0.2390926629 0.1662586927 0.0363880582 2.0187056065 0.2325693667 -0.0129556889 -1.7051225901 -1.9595229626 -0.8425932527 -2.2503607273 -1.5981304646 -0.2509407699 -0.1474554241 0.4529809952 -1.5482735634 0.4371913671 0.1181876659 0.7413832545 0.0896577016 -0.1547878832 0.0332961380 -0.7251412868 -0.6262878180 0.5006886125 0.4699571431 -0.1501004100 -1.1090922356 0.0195569713 -0.3258799016 0.0202645883 0.2543054521 -0.4699385464 0.7374296784 -0.6944276094 -1.0326924324 -0.1457564235 0.0566433668 0.6479544044 0.1110283881 0.3855795264 0.2152144462 -1.5337585211 -0.0177002177 0.0127567332 0.8102651834 -0.4639566243 -0.2163693160 1.5181843042 0.8483496904 0.0836868584 0.0122063309 -0.1651671082 0.3454462290 -0.4441914260 0.7731314898 0.4312286675 -0.6405005455 0.5528410077 1.1913232803 0.7176986337 0.2733031511 -0.0530627072 0.0381739140 -0.1990596801 -0.0006956939 0.5228424072 0.0890041515 -0.4427421093 0.3444670439 -0.2243838906 -0.0930563435 -0.1491256505 -0.0089380080 -0.2982887030 -0.7880581617 -0.6894491911 0.4622952342 0.0456037521 -0.3596540987 0.4395729005 -0.5285960436 -1.1536668539 -1.5857958794 0.4560520053 -0.3325094879 -0.2462602556 -0.3220397234 0.2390083671 -0.5706043243 0.4042178690 -0.5621823072 -0.9255598187 -1.4558817148 -0.0793934688 0.1364856660 0.5211853385 -1.4088063240 0.2606437504 -0.0696039274 -0.2564593256 -1.0488599539 -1.5520867109 1.3449617624 -0.0980003476 -0.6176379323 0.4480706453 0.2753682435 -0.0999820083 0.7611553669 -0.4849996567 -0.9301626086 0.3485644460 0.6421102285 0.8701452613 0.0983467773 0.0469526723 -2.0806629658 -0.2420583814 -0.0044833273 0.0254283473 0.0055288603 -0.6374719739 -0.7708004117 0.0913629308 -0.1968708783 -0.1256977171 -0.7620366216 -1.9082268476 0.0904934108 -1.1475834846 -0.4053293467 0.0167193748 0.3169567585 0.2307039648 0.7483722568 -0.3121233284 0.6945993304 0.2362679392 0.3737457395 -0.3029426336 0.3415687978 0.2564891279 -0.0165901762 -0.1224298701 0.0770964399 -0.3866880238 0.1314912736 0.1642202139 -0.0384143181 -1.0326842070 0.1136612296 0.0266009942 -0.0839982703 2.0389087200 0.0156213865 -0.0049436027 0.3043437004 -0.1790293455 0.2315475792 -1.3768193722 0.1415178925 -0.4685990512 0.0752987117 -0.4620017707 0.8189845681 0.2158836871 -0.3246817887 -1.1383283138 -0.3891183436 0.3148164153 0.7044663429 1.2535606623 -1.2306180000 -1.3030619621 -0.6406611800 -0.6331311464 -0.7726146579 0.2969263196 0.0529434234 -0.8842156529 0.7417598367 0.5536027551 -0.4653380811 -0.4334562421 0.5729718208 0.0160311200 0.7840033174 -2.4828274250 0.2211584300 0.7414800525 -0.5541306138 -0.0908875242 -0.2190783322 -1.1759763956 0.8472058773 0.7164646983 -0.6664742231 -0.5976412892 0.6691433191 0.4235273898 -0.2735479772 0.6663360000 0.1440567970 0.7133211493 -0.3087235093 -1.2055621147 -0.0014666244 -1.4091848135 -0.1574226171 0.5617293715 0.1383991092 -0.1684418023 -0.5264692903 0.0848301649 0.5667698383 -0.0154778138 -0.6018920541 -0.6808059812 0.2768283784 -1.5698816776 1.6390758753 -0.6073231101 0.1894178540 -0.4735671282 0.0388548858 -0.4898327589 1.1817566156 0.0563893914 1.7187232971 0.3034794033 -0.6743843555 0.4071626067 -0.0728914067 0.0436478220 -0.8917876482
-0.3060209453 -0.4393900633 0.0041044056 0.1438615620 -0.3741694987 0.1112179160 -0.2771158814 -0.3632934391 -0.1748436242 -0.6247600317 -0.4620105028 0.0787160993 0.0195425283 -0.1597538441 -0.4004804194 -0.1138470173 -0.7219460607 0.0535025820 -0.0529433899 -0.0646708012 0.0081756730 -0.1623720378 -0.1141609773 0.0322330967 -1.1415339708 0.0658212379 -1.3638124466 0.3524181247 -1.1220995188 -0.0272140875 -0.6450160146 -0.1772052199 -0.0117468471 -0.1268945038 -0.8324336410 0.0209003389 0.3370297849 -0.2420722246 0.2664561272 -0.1497835219 -0.0121672368 0.0352136567 -0.4729285240 -0.1294526309 -0.0849875137 -0.2598689795 -1.2517542839 -0.3674583137 0.0096190637 -1.1926956177 -0.0260139704 -0.2550689280 0.0089449212 -0.2620683610 -0.0128073804 0.0293773934 0.1220408976 0.0101761669 -0.2116686404 -0.0586525649 0.1362119168 -1.0319893360 -0.0238614455 -0.0029649611 -0.2876812816 -0.3249024153 0.0397013463 -0.1283094287 -0.0026846752 0.0342695788 -0.1088214666 -0.0399385020 -0.3956894279 -0.0272544250 -0.3664710820 -0.8566923738 0.0599849522 -0.1020026878 -0.4720750153 -0.3280535340 0.1038150936 0.0054604700 -0.0411078855 -0.0136805102 0.0113731436 -0.0517075360 0.0061876304 0.0314452499 -0.1917930096 -0.2604036331 0.0722057745 0.1011055857 0.1130985916 -0.0886106715 -0.0095868632 -1.0162669420 -0.1114216074 -0.0954996645 0.0216789320 -0.0581399910 0.2983047068 0.0549976714 -0.1903508157 -0.2565595508 0.1494034380 -0.0238801986 -0.2795623243 0.0560775660 0.0294864979 0.2319829911 -0.1929585487 -0.1194890663 -0.0429170281 -0.3412174582 -0.1820992976 -0.0416620076 -0.5023642182 -0.2246060222 0.0179405492 -0.0567498505 -0.7150489688 -1.3279947042 0.2335933447 0.0473797917 -0.1491663903 0.0649803653 -0.5119506121 0.0313854478 -0.0820868611 -0.0062114373 -0.1555885822 0.2887257338 0.0296236724 -0.0947032198 -0.0638325959 -0.0247993767 0.0313833579 0.0722147599 -0.3390098810 -0.0111613870 -0.0566898137 -0.0470938347 -0.0464322679 0.1548131853 -0.0663086623 -0.3392531574 0.0694747493 -0.2689456344 -0.6145501733 0.0397055633 0.1199199781 -0.0005176142 -0.4843334854 -0.3775829673 0.0964587927 -0.0320450179 0.1519618630 0.2268431634 -0.5879369378 -0.9896093607 0.0914867073 -0.0803196877 0.2572924495 0.0330425985 -0.0214521810 -0.0263324380 -0.2026261985 -0.0558673143 0.0375898853 -0.1414534450 -0.0511563830 0.0014782101 0.0568353087 -0.0899445638 -0.1325232536 0.0310672298 0.3951936066 0.0377800018 -0.0414959341 -0.1590125263 -0.0281376578 -0.6335929632 -0.2554163337 0.1149116307 -0.6024166346 -0.1474834979 -0.0783071965 -0.5545159578 -0.7148680091 -0.2644242048 -0.4281412065 0.0208891351 0.0085584559 -0.5764953494 0.1702011824 -0.1053160429 0.0630319938 -0.1163229048 -0.5575857759 -0.0184975863 -0.3495678902 -0.0347736552 -0.0586725734 -0.3137357533 -0.4948658943 -0.0522705913 -0.9945831895 0.0517479330 0.1261149943 -0.0373946317 -0.0258540139 0.0056333928 -0.0450389013 0.0782127008 0.2987931967 -0.0208061934 0.0024770722 -0.1097323373 0.0122376308 -0.3633172810 -0.2322662771 -0.8876810074 0.1734342724 0.1243232936 -0.1839531660 -0.4016653001 -0.0593797937 -0.0508197248 -0.1582475305 0.0319896191 -0.5894104242 0.0333830640 -0.3729330897 -0.0223219134 0.0485696085 0.0340002328 0.0193211213 0.0133412294 0.0635128841 -0.0233742241 -0.4910061955 -0.3707597256 0.0029694885 -0.4003206193 0.0922589377 -0.7005152106 -0.0121795237 0.0459999405 0.0449473113 -0.4562380016 -0.0216934476 -0.2260304391 -0.2712476254 -0.0368861854 -0.4044728577 -0.0619753487
-0.0285654776 -0.0194745436 0.0123569844 -0.0004074797 -0.0226673931 -0.0161890201 0.0106023671 0.0387336388 -0.0755360425 -0.0123595549 -0.0544546805 -0.0119943367 0.0080404067 -0.0064393943 0.0116489464 -0.0514036268 -0.0499357581 0.0014779273 -0.0675657764 0.0089121014 0.0300974231 0.0072795511 0.0448001735 -0.0131025314 -0.0268283263 -0.0635694340 -0.0606965087 -0.0109838638 0.0042674616 0.0555840731 0.0171880238 -0.0051956512 0.0160373915 -0.0203652978 0.0356418602 0.0567696095 0.0218939111 -0.0312135089 -0.0805662796 -0.0292553715 -0.0506513380 -0.0031395108 0.0170517042 -0.0185185354 -0.0432018489 -0.0816239640 -0.0065992041 0.0447586589 0.0365374200 0.0233958736 0.0194266085 0.0013964812 -0.0044849459 -0.0120453900 0.0138309561 -0.0028494373 -0.0538043715 -0.0160919726 0.0344741344 -0.0489741564 0.0079999417 -0.0782663301 0.0159908608 -0.0274466351 -0.0570776835 -0.0671209469 0.0498606674 -0.0051880591 0.0005586222 -0.0350858457 -0.0108429380 0.0376994759 -0.0617488213 -0.0005929341 -0.0660869256 0.0099891620 -0.0316438749 0.0055416226 -0.0771068409 -0.0545316786 -0.0656484514 -0.0241032802 0.0093938634 0.0182637945 -0.0334141366 0.0344033241 0.0178043973 0.0362148136 -0.0016183946 -0.0215977859 0.0076046940 -0.0187539030 -0.0037644277 0.0191655308 -0.0364610776 -0.0281674340 -0.0684437975 -0.0128003666 -0.0469655171 -0.0213450585 0.0433356352 -0.0181572922 0.0008349963 0.0154105760 -0.0343601257 -0.0181131400 -0.0211679470 -0.0578036718 -0.0599339902 -0.0123554394 -0.0839417353 0.0008915132 -0.0082914121 -0.0280264802 -0.0427744947 -0.0141932946 0.0353304744 -0.0013638162 -0.0517978147 -0.0186493415 -0.0290532652 -0.0016631058 -0.0213385895 -0.0502063707 0.0411101766 -0.0407714620 -0.0113737127 -0.0648696646 -0.0470630340 -0.0459609851 -0.0388723202 -0.0267409161 -0.0487008989 0.0239591412 -0.0123413885 -0.0292682443 -0.0242064297 0.0207680613 -0.0349869207 0.0383023322 -0.0016358569 -0.0610885359 -0.0108134924 -0.0547855124 -0.0705856010 0.0091771595 0.0393076576 0.0506510958 0.0220828298 0.0427470803 0.0369928107 -0.0090995058 0.0251169298 0.0285834279 -0.0427786224 0.0167803206 -0.0586754605 -0.0070373961 -0.0566890873 -0.0536971912 -0.0276067853 -0.0578982830 -0.0144371120 -0.0006530063 -0.0068388158 0.0118940845 -0.0656261295 -0.0271627158 0.0122984899 0.0039959601 0.0371594429 -0.0236655548 0.0185871869 -0.0518087782 0.0119650811 0.0300153792 0.0285432693 -0.0081958780 0.0467094406 0.0116950413 0.0384725668 -0.0683352649 -0.0506604202 -0.0030855937 -0.0511880815 0.0412283726 0.0362487100 -0.0693617687 -0.0497293472 0.0135619268 -0.0311229452 -0.0059735067 0.0072948048 -0.0173750333 0.0379401743 0.0014812665 -0.0624149591 0.0603555739 -0.0286969524 0.0260972232 0.0030470267 -0.0663098246 0.0165678188 0.0311118197 0.0017918774 0.0296959113 -0.0506084673 0.0179948062 -0.0424646139 0.0017228493 0.0096507780 -0.0615366288 -0.0109828124 0.0114666773 -0.0007762280 -0.0441007987 -0.0591590852 0.0174611136 0.0028408631 -0.0097040934 -0.0545731969 0.0030651900 0.0313907042 -0.0431884788 -0.0140363732 -0.0529907867 -0.0184659436 -0.0148718432 0.0299895220 0.0134214386 0.0117986873 -0.0199005157 0.0422736704 -0.0423922613 -0.0607225373 0.0001850731 -0.0101927817 0.0073107537 -0.0465953127 0.0388233028 -0.0416549891 0.0520767793 0.0583257452 0.0164176505 -0.0068846582 -0.0652922168 -0.0313548818 -0.0725034848 0.0164309144 -0.0253392886 -0.0079014534 0.0371143669 0.0076456922 -0.0471347719 -0.0323223621 -0.0458040908
-0.0327052660 -0.0519688874 -0.0449008644 -0.0397463515 -0.0556332842 0.0336893126 0.0261179414 -0.0277941003 -0.0460976772 -0.0266539026 -0.0389934555 -0.0382046625 -0.0064054425 0.0066000298 -0.0541149452 0.0304640085 -0.0322845206 -0.0394002423 -0.0228635482 -0.0613288656 -0.0496069901 -0.0423377119 0.0182844158 0.0294282064 -0.0300389081 -0.0013187979 -0.0196616575 -0.0461632274 -0.0349605381 -0.0347593278 0.0181384142 -0.0270971600 0.0139276898 -0.0253209844 -0.0394019894 -0.0289728492 -0.0702404380 0.0214700829 0.0322065689 -0.0683930069 0.0517679304 -0.0484088287 0.0096290261 0.0240388457 -0.0139957070 -0.0079327226 -0.0464186855 -0.0126559325 -0.0402807705 0.0125173256 0.0132386982 0.0208773091 -0.0591559038 -0.0479618683 -0.0205656774 0.0342310891 0.0445540845 0.0227087438 -0.0445057377 -0.0497127436 0.0118907131 -0.0498813018 0.0349768326 0.0226987302 0.0199786834 -0.0347142071 -0.0531063452 -0.0389810801 0.0335720852 -0.0162048414 -0.0090287765 0.0487163588 -0.0676467940 -0.0706456378 -0.0804851800 0.0250220839 -0.0520060360 0.0213849191 0.0153893400 -0.0420910567 -0.0158704147 -0.0528476834 0.0283324569 -0.0522053838 -0.0389422514 -0.0227744207 -0.0052697738 -0.0386211425 -0.0704691783 -0.0131061105 0.0085050678 -0.0080971522 -0.0074080266 0.0481483415 0.0554050356 -0.0470741838 -0.0029912284 0.0136641990 -0.0018412545 -0.0211835857 -0.0308835432 0.0315873474 -0.0655806065 0.0357428044 -0.0445704870 -0.0011465881 -0.0214391407 0.0516705811 0.0250159930 0.0113843121 0.0407669134 -0.0107643381 -0.0362975746 -0.0416046232 0.0070996690 0.0262490604 -0.0739735439 -0.0422576889 0.0109628737 0.0546775758 -0.0444751009 0.0410993472 -0.0626286864 -0.0498587191 -0.0664388090 0.0430239998 -0.0150169171 -0.0074863667 -0.0334266536 0.0499329716 -0.0499061346 0.0216172803 0.0403321758 -0.0062265247 -0.0167320240 0.0430273563 0.0528231487 -0.0378876701 0.0404742584 -0.0076572597 0.0268241316 -0.0429032221 -0.0281828083 0.0268555582 -0.0379815027 -0.0416190624 -0.0636374280 -0.0329096280 -0.0183622837 0.0008798167 0.0376270711 -0.0221206695 -0.0680919066 0.0201085135 -0.0403068922 0.0330808759 -0.0378489643 0.0133752106 -0.0254173744 -0.0423178747 -0.0128662102 0.0074977800 -0.0244580265 -0.0046653869 0.0074480679 -0.0412516370 0.0423438810 -0.0259564891 -0.0128507763 -0.0702098012 -0.0180856884 -0.0561122671 0.0470214784 0.0314217880 -0.0248801652 0.0536898524 0.0010025870 -0.0144544858 -0.0308681428 -0.0362041369 -0.0389515385 -0.0621913746 -0.0112835923 -0.0205501076 0.0055947881 0.0399066433 0.0252934620 -0.0181689858 -0.0580699369 -0.0525007620 0.0315399989 0.0059786141 -0.0142945163 0.0010377988 -0.0010074746 -0.0464157239 0.0000985120 0.0085909832 -0.0467030443 0.0397410989 -0.0205117818 -0.0033353812 -0.0325587057 0.0328873582 0.0014720857 0.0421955921 -0.0415540934 0.0603760406 -0.0242228117 0.0163994413 0.0192795843 -0.0065398933 -0.0366333574 -0.0058707828 -0.0123583898 0.0186204910 -0.0559332669 -0.0072092712 -0.0171256438 -0.0704197958 -0.0170275401 -0.0026242298 0.0323086195 -0.0759651661 -0.0565723367 0.0457602553 -0.0049045086 0.0207406208 0.0356990397 -0.0553537011 0.0124054719 -0.0150493374 -0.0491861887 0.0062660775 -0.0256082416 -0.0048935190 0.0285326019 0.0007090772 0.0061668670 0.0357236862 0.0171566922 -0.0036618947 0.0014138520 0.0558573827 -0.0475229733 -0.0478284247 -0.0072243065 -0.0470138676 -0.0051989332 0.0155817270 -0.0131445751 0.0322391242 -0.0510833673 -0.0491146371 0.0242669862 0.0410895199
-0.2279796004 -0.7112947106 0.0164036676 -0.4017125964 -0.1946420819 0.1198037490 -0.2282929569 -0.1253007501 0.1288762689 0.2141004801 -0.0860013515 0.0014917637 -0.3174032569 -0.2340787053 -0.3280758560 0.1083601713 0.0091150682 0.0030309334 0.2335673124 -0.1505562216 -0.6118535995 0.2493371814 -0.0990114957 0.0223228931 -0.1554582715 -0.1552528143 0.1400804073 0.1731559932 -0.0524938591 -0.0495487265 0.0845699385 0.2540322542 -0.9420091510 0.1012861058 -0.4111078084 -0.0284949169 0.5220639110 0.0524948053 -0.6475836039 -0.3841462135 -0.1066718474 0.0320171341 -0.2049860954 -0.7551006079 0.1944966465 -0.6357763410 -0.8241845369 -0.1494879276 -0.0996012464 0.0649965033 0.0246328134 0.0226701573 0.0372468233 0.0824984014 0.0055041676 -0.0459549129 -0.3301699162 0.0061215386 -0.1217516065 -0.1746197045 -1.0898425579 -0.3696530759 -0.0773533210 0.0135704447 -0.7718124390 -0.0466154404 -0.1440411955 -0.7537631392 -0.0448386632 -0.0386394784 -0.0310198236 -0.0053609088 0.1193210855 -0.0048477692 -0.2118771672 0.2026687860 0.1824844182 -0.1995160133 -0.6443765759 -0.1180452034 -0.2906997502 -1.1242536306 0.0524997860 0.0087709501 -0.1267444491 0.0453769378 0.0691487789 0.0297140926 0.1051585674 -0.1092962697 0.0539844371 0.0646817312 0.0882837996 -0.0697058663 0.0460029021 -0.2177577913 -0.1437274814 -0.0639051497 -0.0258927271 -0.0339205861 -0.1381580383 0.0088339057 -0.2604228258 -0.6426925659 -0.4267826974 0.0120031442 0.3500646949 0.0570681468 -0.2461673468 0.1563277245 -0.5398698449 -0.4742540717 0.0756229609 -0.1826864183 -0.0429844335 0.0076326504 -0.4739290774 -0.7657214999 0.1572764367 -0.0505610034 -0.3191818595 0.0507916994 -0.0948470980 -0.2574309707 -0.4133579731 -0.3590558767 -0.7759948969 -0.3829077184 -0.4567024708 0.0547534749 -0.5162890553 -0.6397513151 0.0463306680 -0.2653600574 -0.0661055744 -0.1575790346 -0.0402204767 0.2787449360 -0.1307098567 -0.0177386999 -0.0311271697 -0.1889179945 -0.3656692207 -0.1203540489 0.0840244219 0.1605006754 -0.7201881409 -0.4230358601 -0.1338021755 0.0650582314 0.1440550089 -0.0509058237 -0.3536656201 -0.4060961306 -0.4311762452 -0.0288975202 0.0174989849 -0.0469356216 -1.5301936865 0.1084168851 0.2297430485 0.0269424599 0.0073832241 -0.1141251102 -0.6268461943 -0.0176424012 0.2917013466 0.0073796087 -0.0090578571 -0.3121646643 0.0259261858 0.0593155175 0.0313147679 -0.0005392309 -0.2831023932 0.0281210393 -0.1858607680 -0.0888771042 0.0209828615 -0.2275527120 -0.2918017507 -0.6294875741 -0.5860743523 -0.0699909255 -0.1937777102 -0.2986069620 -0.2369235456 -0.0844830573 -0.0687635243 -0.0369676016 -0.0072479029 -0.1351712793 -0.0491567366 -0.0869331360 0.0905044675 -0.6788012385 -0.2327426076 -1.2931874990 -0.0879491568 0.0446352810 -0.0730326325 0.1142188236 -1.0668214560 -0.1938637644 0.4870085716 -0.0220420696 -1.1612217426 -0.0589980260 0.0245684981 -0.0687685981 -0.3911136687 -0.2467261255 0.0244869739 0.0290037114 -0.6040140986 0.0295418948 -0.0545383878 -0.3794080019 0.0569530949 -0.0387977697 -0.1359871626 -0.2654712200 0.0817976221 -0.5497868657 -0.2088927329 -0.9103503823 -0.0109630004 -0.0616608188 0.1244403943 0.0326501206 -0.2557646334 0.0252682604 -0.5323986411 -0.5608723760 -0.4990524352 -0.0362460464 -0.0024705678 0.2159444243 -0.0940149501 -0.4015941620 -0.1604066789 -0.3826011717 0.0503747389 -0.3636617362 -0.1513011605 -0.1850875467 0.0500823632 0.2136200219 0.0202641264 0.1010407880 0.1660494357 -0.1022827402 0.1581308395 0.0448585451 -0.2242474705 -0.1755198091
-0.0178076029 0.0454429276 0.0032812878 0.0152960224 -0.0449714549 -0.0132384794 -0.0029544984 -0.0348189734 0.0463651232 0.0131078353 -0.0506118611 0.0117155258 -0.0741959438 -0.0427969433 -0.0283504706 0.0289755035 0.0069517787 -0.0476136878 -0.0219383724 -0.0309620053 0.0042043035 -0.0414779484 0.0658576787 -0.0075734034 -0.0115549127 -0.0228172168 -0.0822038352 -0.0343312919 0.0136217615 -0.0517206788 -0.0635514930 -0.0273109935 0.0180841796 -0.0640514866 0.0460902341 0.0138355196 0.0051114894 0.0306505822 -0.0086555053 -0.0302594956 -0.0052364827 0.0464403108 -0.0049947766 -0.0790645555 -0.0928175524 -0.0298788119 -0.0042042015 -0.0086689470 0.0105991559 -0.0264632795 -0.0042669922 0.0130324382 -0.0531440526 0.0952541605 -0.1095642373 0.0355411321 -0.0091141015 0.0282789916 0.0261913165 -0.0535888709 -0.0649624169 -0.0619657375 0.0427010432 0.0352631956 -0.0149406129 -0.0360002331 -0.0146521116 -0.0463654585 -0.0178894103 -0.0028226823 -0.0005912718 -0.0519043431 -0.0491196848 0.0182268880 0.0635521337 -0.1398481429 -0.0306350812 0.0464419387 -0.0855725780 -0.0916728005 -0.0214928091 -0.0478768200 -0.0208753794 0.0604198128 0.0033916088 -0.0063536167 0.1202006266 -0.0036357716 -0.0085675819 -0.0295027401 -0.0385984629 -0.1288042068 -0.0506007671 0.0279761218 -0.0059262291 0.0014817362 0.0305273533 -0.0468463562 0.0360781923 -0.0342566930 0.0006318774 -0.0584962480 -0.0053215018 -0.0486496501 -0.0250338577 -0.0074622794 -0.0126863476 0.0604690798 0.0217891913 0.0289022028 -0.0148068275 -0.0447343104 -0.0608946271 -0.0177867282 0.0238738991 -0.0701911375 -0.1496867985 0.0119115869 -0.1474962234 -0.0453196764 -0.0033665372 -0.0444979407 -0.0574173480 -0.0668419376 -0.0235160179 0.0391695015 0.0334891342 -0.0687828511 0.0017685534 -0.0273468792 -0.0857525915 0.0353964046 0.0560322702 -0.0045871134 0.0036981085 0.0113949301 -0.0558709800 -0.0725424588 -0.0559585840 0.0012457967 0.0164945796 0.0419969708 -0.1136564016 -0.0132504860 -0.0828206390 -0.0449339710 -0.0302100126 -0.0362388790 0.0253686663 -0.0082729869 0.0177417006 -0.0043525845 -0.0930038169 -0.0354039297 0.0075399969 -0.0438147150 -0.0216571912 0.0403732806 -0.0948373973 -0.0446134135 -0.0120778596 -0.0687273219 -0.0597053915 -0.0294569861 -0.0132946949 -0.0270007625 0.0211472157 -0.0105048642 -0.0503347740 0.0460221879 0.0312055480 -0.0481792316 -0.0104629844 -0.0139883170 0.0043735178 -0.0503473207 -0.0085318470 0.0216344167 -0.0324059576 0.0302776024 0.0306657422 0.0055860481 0.0323308893 0.0314210504 -0.0945559219 -0.0184878223 0.0203305390 -0.0345127992 -0.0737698600 -0.0636730567 0.0456630178 -0.0554963052 -0.0180789363 -0.0634259135 -0.0363510102 0.0013609937 0.0159623381 0.0010648452 0.0275529530 0.0408939794 -0.1547418982 0.0401506014 -0.0278698280 -0.1224599108 -0.0544498228 0.0583713055 -0.0251857452 -0.0006306022 0.0323156230 0.0272512790 -0.0689599589 0.0056421510 0.0491397344 -0.0118658775 0.0398809277 -0.0105037838 -0.0323230401 -0.0407305323 -0.0023178905 -0.0600185134 0.0112084653 -0.0384762213 -0.0096193114 -0.1078436822 0.0643070489 0.0308690183 -0.0291234702 -0.0471861139 -0.0670909807 -0.0591963753 -0.1087980643 0.0241180845 -0.0169626214 0.0036124950 -0.0980105549 0.0557908267 0.0006280914 -0.0044770078 -0.0634421781 -0.0787988454 -0.0146517521 -0.1048305109 0.0450967848 -0.0006683552 -0.0154075501 -0.0243723523 0.0582636520 -0.0464984924 -0.0291236416 0.0703125596 0.0413336046 -0.0002357769 -0.1465368420 0.0302127749 -0.1222165823 -0.0141788078
0.2411168963 0.1442880780 -0.3760273457 -0.2664360106 -0.4787612259 -0.0707409754 0.9319243431 -0.5882533193 -0.1595505327 -0.4396132529 0.4809926450 0.6011275053 0.2550692558 -0.5176506042 -0.3648068011 -0.8440409303 -0.3897525072 -0.3814254105 0.6223248839 0.0297553707 -1.3629348278 0.4867499173 -0.3762447536 0.0339073613 -0.4030087292 -0.3841047883 0.3473780453 0.4733073711 -0.6393985748 -0.2078588754 0.1308145076 0.4054545462 0.0411806367 -0.9648422599 -0.3079088926 -0.0224051327 0.3444865346 0.0267974772 0.3512871861 0.0389331765 -0.8296773434 -0.0435560122 -1.7414542437 -1.9088255167 1.0155788660 -0.5360878110 -0.6364283562 1.1235518456 1.1730798483 0.0202294178 -0.0662580058 0.0296671521 0.0334402919 -0.5849681497 0.3813976049 0.2333345711 0.4595447183 -0.1481162012 -0.6447995901 -0.1294040680 -1.4161672592 -0.0417366549 -0.2282500267 -0.0889711455 -1.1193032265 0.1607408226 -0.0627801642 -0.1632207036 0.4544879794 0.0309744626 0.5741564035 0.0303211883 -0.2125110626 -0.3565663993 -1.2508074045 -0.7675664425 0.2298648655 0.4034255445 -0.2102256715 -1.4888335466 0.5795775652 -0.2809543908 0.0581265241 0.0085490122 -1.5449937582 -0.3241251111 -0.2182558924 -0.1038211137 0.2408652455 0.0379935689 0.1388139427 -0.4907019138 -0.0055974405 -0.4336234331 -0.0973619223 -0.6181758642 -0.9874687791 0.6191418767 0.0422513038 -0.1240516007 0.9212943316 -0.2491921633 -1.0587124825 -0.3165772855 0.3299397230 -0.0706594065 -0.7123659849 0.1411090493 -0.5765994787 0.8177041411 0.3787542582 0.3724217713 0.1411929727 -0.7242535949 -0.3689253926 -0.0302120633 -0.7430563569 0.2247426063 -0.0932301357 -0.1108006835 0.1423386782 0.0543726683 0.2940751016 0.7188167572 0.1790461540 0.1229018867 0.1010449082 0.3979800642 0.5702826977 -0.2009352297 -0.0797202513 0.3706173301 -0.2813394964 -0.1277954578 -0.5039862394 0.2852338552 -0.0299618244 -0.3590920568 -0.0234215520 0.0256068632 0.0276886970 0.6544148326 -0.1904969960 0.8616061807 0.1198683232 0.2451594025 -0.7696205974 -0.5907418132 -0.0395409688 0.0338347442 0.0435587466 -0.1073747128 0.5037076473 0.1692239046 -0.5909482241 -1.3752133846 -0.5287239552 -0.3963273466 -0.0805942044 -0.5078542233 -0.5346843600 -2.1411998272 0.3125273287 -0.1505344808 -0.7233479619 0.4924139380 0.1570346057 0.3115107417 -0.1256589890 0.0340220146 -1.3086439371 0.1023920402 0.0159519389 -0.0149430893 -1.6444656849 0.0032031536 -0.2634551227 0.7475408316 -0.1849045753 -0.4965040684 0.3627196550 0.0577810630 -1.7529562712 0.3295294940 -0.0803329572 -0.7707641125 0.7604786158 0.2914233804 -0.6508961320 0.2454901040 0.3496012390 -0.6729205251 0.4161687195 -0.6684018373 0.3950827420 -0.6893756986 0.0747935176 -1.1658143997 1.0149887800 0.0550120398 0.1742834449 0.6086769700 -0.2910603583 -0.7391409278 -1.0320134163 -0.3461746871 0.2283685356 -0.1655287296 -0.0297847092 -0.8842444420 -1.8210757971 -0.1277134418 -0.1309056282 -0.0135665387 0.1651782244 0.1558073014 0.3887851238 -0.6190781593 -0.0160490666 -0.0977976099 0.0855526552 -0.6805339456 -0.0145271681 -0.8005942106 -0.4650101066 0.1538881809 0.2864636481 0.0122167468 -0.0153533481 -0.1472168565 -0.3574590087 -1.5875506401 -0.5100371838 0.1033617631 0.4291215539 0.1512459517 -0.0055766478 -0.0064419480 0.4046804905 0.2009829730 0.6677253842 -0.4903764427 -0.1488079727 -0.8986369371 0.7192812562 -0.6848666668 -0.0784990638 0.1326894760 0.0080336500 -0.1805572361 0.1845141053 -0.3924127519 -0.2316280901 -0.2123386562 0.2568893135 0.6226577759
-0.0450911038 -0.0419020392 -0.0591793805 0.0388122275 -0.0520244613 0.0311386306 -0.0660927072 -0.0052994019 -0.0284060724 -0.0049170428 0.0093319910 -0.0118783116 0.0472708717 -0.0481356941 -0.0109066442 -0.0516137108 0.0186842177 0.0113204699 -0.0620227717 -0.0060242722 0.0197742470 -0.0757166296 0.0240779258 0.0004023835 0.0297507104 -0.0039381743 0.0074875359 0.0213042721 -0.0588276461 0.0452982672 0.0260454398 -0.0275524296 -0.0686917603 -0.0442550890 -0.0556113385 0.0014505312 -0.0523884483 0.0151298018 0.0475087762 0.0017493339 -0.0551758409 -0.0347605348 -0.0210141111 0.0146080982 0.0329032987 -0.0464473106 0.0176496077 0.0350152217 -0.0270772856 0.0408708528 0.0306916069 -0.0522527099 -0.0445985384 -0.0080745704 0.0303152688 -0.0001298115 -0.0660667196 -0.0487929583 -0.0320088677 0.0482413322 -0.0526209995 -0.0715838894 0.0194394477 -0.0173862912 -0.0137447556 -0.0490902476 0.0034999705 -0.0398521125 0.0321521573 -0.0158842169 -0.0469213538 -0.0205416828 0.0104852710 -0.0745403469 -0.0649062321 0.0021553093 0.0407258980 -0.0120863682 -0.0590675622 -0.0003819413 0.0019601830 -0.0452534631 0.0224791169 0.0529174283 -0.0123883514 -0.0399464294 0.0376214609 0.0275653768 -0.0207966864 0.0059359549 -0.0006654612 -0.0357040204 -0.0489403792 0.0426202975 0.0111169890 0.0126505988 0.0108438423 -0.0707316026 -0.0500796214 -0.0410914421 -0.0426646508 -0.0164155867 -0.0348975174 -0.0114022736 0.0488098152 0.0442990288 -0.0574649870 0.0469292253 0.0518415980 -0.0235157385 0.0076221032 0.0348527357 -0.0049891258 -0.0522755161 -0.0220767632 0.0253754463 -0.0467856303 -0.0573661476 0.0287047364 0.0378956050 0.0115139382 0.0091309054 0.0086871739 0.0054868017 -0.0110954642 0.0000119115 -0.0070453798 -0.0258000828 -0.0570047274 -0.0057876776 0.0091894111 -0.0380116366 -0.0531556085 -0.0166699886 -0.0031689527 -0.0045166286 0.0273030326 -0.0112964520 0.0433785245 0.0467720255 0.0558806211 -0.0179308541 0.0312259216 0.0369592495 -0.0543620177 -0.0219193362 -0.0541242324 0.0566877984 0.0464061908 -0.0761004239 0.0464632027 -0.0309592932 -0.0372685194 -0.0175914653 -0.0383867957 -0.0010679892 0.0048294337 -0.0086610876 0.0140659101 -0.0392216109 -0.0770221874 0.0151819149 0.0035482948 -0.0631730184 -0.0731346905 -0.0317755416 0.0166770387 -0.0253248233 0.0195980445 0.0439234041 0.0434220769 0.0542056859 -0.0491157323 -0.0176350828 -0.0322506018 -0.0430390313 0.0080846371 -0.0061443490 -0.0339950435 -0.0094586154 0.0315749235 -0.0160715152 0.0407946035 -0.0388536192 -0.0418958552 -0.0518040843 -0.0270294435 -0.0420426838 -0.0065105399 -0.0141128786 -0.0117263617 -0.0549868867 -0.0279397871 0.0161217116 -0.0256036501 -0.0749262646 0.0145677682 -0.0551657341 -0.0597040914 -0.0137138963 -0.0310511272 -0.0088971173 -0.0349456817 -0.0199293382 -0.0105783902 -0.0412515216 -0.0414395817 0.0565579124 0.0287130643 0.0202612355 -0.0055110902 -0.0277535710 0.0281594023 0.0524535105 -0.0548428483 0.0274079833 0.0266397223 0.0034894184 -0.0277193561 -0.0840157941 -0.0489609092 -0.0230866056 -0.0486312658 -0.0021258323 0.0132939601 -0.0593641922 0.0052213818 -0.0494129211 0.0058988379 0.0480280444 0.0192316025 -0.0362590179 -0.0575739853 -0.0252225585 0.0284282323 0.0072800075 0.0220107287 0.0249817185 -0.0060051451 -0.0357855856 -0.0721213520 0.0031631659 -0.0191676244 0.0006459054 0.0271485075 0.0112466905 0.0004929808 -0.0633965954 -0.0151282549 0.0028401609 -0.0236364808 -0.0665893629 0.0000358689 0.0055769091 -0.0482715778 -0.0771285892
0.1383838952 -0.4819822311 -0.0824181736 -1.1646902561 1.0497807264 0.1342483908 0.2432784438 -0.4878191352 -0.7566929460 0.9105551839 0.2941575050 -0.1310089827 -0.9302383661 -0.0656840801 -1.0163656473 -0.0898999572 -2.1015262604 -0.4332382381 -0.6136242151 -0.3611281514 -1.4475330114 0.3711054027 -0.0440418981 -0.0508003682 -0.3870352209 0.1178097948 -0.1997394264 -0.6371619105 0.0078101493 0.6069996357 -0.2160696983 -1.2113833427 0.4039614797 -1.8920261860 -0.5818939209 0.1784295291 -0.0550553352 -0.2501331270 -0.5457699895 -0.6541438699 -1.4065320492 0.0524625480 -0.1874911487 -1.0406272411 -0.0069064740 0.5799596906 -0.4196349084 -0.2884856462 0.5081404448 -0.5636809468 -0.1370735765 0.0332805738 -0.2217617035 0.7877632380 1.2023794651 0.2208770961 0.4684203863 0.2557345033 0.0829614997 0.7437946200 -1.4576075077 1.1909123659 -0.5548815131 0.0557091124 0.0149775622 -1.1473163366 -0.8434205651 -1.6363421679 -0.0672807395 -0.0982911736 0.2741926908 -0.0593515411 0.1658166051 0.8561052084 -0.0440861806 -0.3143230081 -0.8033182025 -1.3292528391 0.3117773533 0.1603264809 -0.0385379009 -1.0158896446 0.0332563221 -0.0581879690 0.4527665675 0.1189171150 1.0116001368 -0.2685573697 -0.1697934717 -0.1650378555 0.2064947486 -0.1938320100 -0.1035241783 0.9783143401 -0.5859777927 0.3214419484 0.2729401886 0.4602537751 0.0368369371 -0.0244603846 0.7646497488 -0.0384462327 -0.3986873925 -0.4754978716 -1.0960593224 -0.9240095615 -0.2042700052 -0.4748855531 0.3612286150 0.7594158649 -1.0961915255 -0.7357082367 0.1023455486 -0.7191208601 0.1558904052 0.8619881868 0.6514980793 -0.3995586932 -0.0444131233 0.5896043777 0.1279514879 0.5439835787 -0.9437028766 -0.3484821618 -0.8436101675 -0.0630889088 0.3513924479 -0.5708012581 -0.1358564198 0.2369693220 0.7271961570 0.1322661638 0.4532654285 -1.1007684469 0.6695653200 -0.5153341889 -0.0309154689 -0.3042054772 0.4210824370 0.0098006800 0.0037596747 0.0594379939 0.2083365023 -1.2965596914 0.3490317166 0.5436816812 -0.9635949135 -0.4006471038 0.0741166994 0.2843351662 -1.3357068300 -0.2931778133 -0.5891463757 -0.1218426749 -0.5005908608 -1.6364771128 0.2825056314 0.1755911261 -0.9645821452 0.8924096823 0.1889159530 0.4179414809 0.0730666444 -0.2826302946 -1.5201598406 0.2818431854 -0.0686207563 0.2010936141 0.0319804773 0.5832105875 0.0661193058 0.6163620949 -0.0123899430 -1.3077063560 0.0534891412 -0.0218351111 -0.6593751907 -0.4639749825 0.0725108758 0.0980924666 -0.9573255777 -1.8408033848 -0.1937386245 -0.6601747274 -1.2990027666 0.1377617270 -0.7911751270 -0.4528380930 -0.3487242758 0.9650567770 -1.4239619970 0.7178181410 0.2613928616 -0.2192393392 0.2073865831 -0.0373958759 0.6343604922 -1.9861497879 -0.0852630511 0.0542809442 -0.2932596207 -0.7627919316 -0.5355537534 -0.1529104561 -0.6693695784 0.3239409328 1.0212898254 -0.0365340188 -0.6124621630 0.2637822926 -0.8565695286 -0.5593620539 -0.1696357876 0.0660198331 -1.1553622484 -0.5501630306 0.3327557445 -0.2996371388 0.2467366755 -0.2011706680 0.3025961518 0.0363314897 0.0245127343 -0.9982069731 -1.4377987385 -0.6951886415 0.5685393214 -0.0161155835 0.4199565649 -0.3741707504 -1.2158571482 -0.2810198963 -0.4253215194 -0.7716968060 -0.5547984242 0.5102204084 -0.0391185731 -1.4338809252 0.6295468211 -0.0677463338 0.4623662531 0.0747122988 -0.0881150365 -1.0571112633 0.5614259243 -0.9932107329 0.3654296994 0.1352525055 0.0419769883 -0.0773624554 0.3034781218 -0.9401023388 -0.5767816305 -0.5269899964 -0.5174211264 -0.3057506084
-0.0337739699 -0.0071841092 -0.0945192352 0.2031687200 -1.1869177818 0.7067279816 -0.4590886533 -0.0828735083 -0.2440663129 -1.0897911787 -0.1171392575 -0.3687826991 -0.6801739931 -0.9267549515 -0.1070682108 0.3068415821 0.2200592458 0.0170738772 -0.2324226499 -0.0502542667 -0.5288423896 -0.5689966083 -0.3001864254 0.0305025950 0.0725552142 0.8947876692 -0.2687661350 -0.3698596060 0.0318169072 -0.3707142472 0.0087477043 0.0034655305 -0.4553733468 -0.4433367848 -0.8547729850 0.0045683333 -0.3810020387 0.6726971269 -0.2362637818 0.1665570140 -1.2355281115 0.0316913724 0.2231373936 -0.3038486242 -1.0256085396 0.1077180654 -0.5559543371 0.0495579764 0.3012574911 -0.3655678928 -0.7691013813 0.2802059650 -0.1468750685 0.8781846166 0.2026105821 -0.2143568993 -0.0728392676 -0.0179941058 0.6134529114 -0.3400676847 -0.3003289700 -0.7911644578 0.5860697627 -0.0444161296 -1.3430054188 0.7887472510 0.1370414793 0.0545655191 -0.2251636535 -0.0439279005 0.0795046911 -0.0214403719 -0.6466071606 0.1201835573 -0.4360906184 -1.3034301996 -0.4071112871 0.0779234469 -0.4003394842 -0.3521836400 -0.6419858932 -0.4949549735 -0.0339591876 -0.0458894148 -0.2257704735 -0.1140149906 -0.5941655636 -0.1045121029 -0.0836309195 0.5475740433 -0.0725467503 -0.0798594430 0.3508405983 0.0060298066 -0.0602038056 0.6120886803 0.1181572005 -0.1695548445 -0.0193470642 -0.4077324569 0.0777168572 -0.6852371693 -0.7126460075 -0.5023143291 0.2016202658 0.5457248688 -0.1419542879 0.2288051248 0.0442730375 -0.7443464994 0.2853564918 0.0133144157 0.1107532084 -0.2845194042 -1.4250648022 0.0490757115 -0.5010058880 0.3414563239 -0.0437852554 -0.1092965603 0.4879274070 -0.0147703765 0.3740776181 -0.4308018386 -0.2689924836 0.9764966965 -0.4671212435 -0.5508245826 0.3834727407 -0.0229895115 -0.5793527961 0.0606452078 -0.1179938763 0.2332926393 -0.0779590085 0.2055983692 -0.0006338432 -0.2131438106 -0.2981551588 0.0256997049 0.0518750250 0.7949438691 0.0569357462 -0.2752351165 -0.5999871492 -0.5925889015 -0.3806918859 -1.9324678183 -0.3886540532 -0.1570552438 0.2064222246 0.1340816021 -0.2468924224 0.7383127809 0.1036179811 0.1355419457 -0.6517450809 0.3337698877 0.2401764989 0.1936969161 0.5228691697 -0.1456234008 0.1447278857 -1.0905811787 0.4236077666 0.0456251204 -0.7439738512 -0.2170107514 -0.1983853877 -0.3996343017 -0.4321180880 0.0234169047 -0.0261165723 -0.0089543890 -0.5507804751 0.0044218451 -0.1543863714 -0.4094214737 -0.1744249761 -0.5379240513 0.0819198340 0.0918224752 1.3081367016 -0.2431280762 -1.4585220814 -0.2686861753 0.5076190233 -0.5411061645 -0.5213609338 0.7547563910 -0.0768846199 -0.4278475642 -0.7190821171 0.1179639548 -0.1921184510 0.4827784002 0.3173826635 0.3501526713 -0.8976793885 0.0090154037 -0.6243204474 -0.6267018318 -0.6080486774 -0.5243209600 -0.3744385839 -0.2662381232 0.3395703137 0.0182220042 -0.0669105202 -0.3585732877 -0.6649471521 0.1531013697 0.2512310445 -0.1794105321 0.0405641980 -0.5370803475 0.2648901939 0.5389395952 -0.1584970206 0.3332513273 0.2435371429 -0.2114962935 -0.0316060744 -0.7508575320 -0.3690367043 0.0595067516 -0.4504266977 -0.0414297208 -0.1247724742 0.1179787293 -2.6104712486 -0.9658864141 0.2029346824 0.4442773759 0.6224015951 -0.3727525771 -0.0603805408 -0.1093184575 -0.5357897878 -1.3337471485 -0.7262825370 0.1467990130 -0.2368584275 -0.4500712156 0.1522284001 0.6856189966 -0.0560953245 0.0750120431 0.0016301572 -0.1661255807 -0.7542665005 -1.0948687792 -0.9587161541 0.0013710716 0.4329025745 0.1814326495
-0.2048792988 -0.1620196402 0.7502229214 -1.1909275055 0.1972377300 -0.9895946980 -1.9664151669 -0.2259382606 -0.2375268936 0.3505206406 -0.9351356030 -0.3573334813 -0.5622932315 -0.8028641939 -1.6840389967 -1.1073734760 -0.9813085198 -0.6552665830 0.3767926097 0.3441959321 -0.7896503210 -0.3134956658 -0.7785587311 -0.0287565365 -0.1530639231 -0.7440460920 -0.1277649701 0.1599455178 0.3249624670 0.1113594547 -0.1612849236 -0.5541295409 0.2193580121 -0.4565198421 0.2634870112 -0.2480746657 -0.0037180281 -1.0734707117 -0.9182968140 -0.4333904386 0.1050758511 0.0542394333 -0.1039592996 -1.1648477316 0.1283825636 -0.1368405074 -0.0776134878 0.5937715769 -0.4776744246 -0.7911278605 -0.0600335076 -0.0106177172 0.2276270092 -0.2910881341 -0.5624889135 0.1664900780 0.5830265880 -1.0712828636 0.4002015591 -0.1674007028 -2.9299378395 -0.0333008394 0.7425642610 0.0269710012 0.1022700667 -0.2744153440 -0.1169654727 0.4459453225 0.9718396068 0.2910343707 -0.6760036945 0.0498898178 0.1741728336 0.7819043994 -0.9376801252 0.6321788430 0.3045702279 0.0947749093 0.0689870715 -1.1301071644 0.6716077328 0.5260440111 0.0506065488 -0.0282007679 -0.2115289271 -0.1360657364 0.5369390249 0.0220518056 0.7715229392 -0.4500366449 -0.1110748798 0.2708337903 -0.1378411353 0.2404179722 0.6540716887 0.3961904347 -0.0511729643 0.2265312970 -0.0245031565 0.4437463880 0.6715950370 -0.4826483130 0.3044044673 -1.1744147539 0.2316604257 0.1586346477 -3.3812704086 0.8495764136 0.3579293489 0.1214422658 -0.1097363085 0.5101681352 -0.8122887015 0.0685755238 -0.4690898061 -0.3270098865 0.1836409569 0.2987947166 0.4761593342 0.0672165677 0.2978983521 -0.4419293702 -0.1135950387 -0.4568094611 -1.0207157135 -0.4657491148 0.2453997433 0.4362422228 0.3986343741 -0.0799336582 0.3827986717 -0.2555865943 -0.5412598848 -0.4499433041 0.5176079869 -0.4124195278 0.0195300803 -0.8599972725 -0.1591762900 -0.0173364580 -0.0541655198 -0.1142360121 0.1257555038 -0.0020085729 -0.4416030049 -2.6662116051 0.2581425309 -0.2469653785 -1.7929562330 -1.2921595573 -0.1469927877 0.2728398144 -0.3341689110 0.3819064498 0.6959328651 -0.0350830182 -0.4165064991 0.5097651482 -1.2408696413 -0.7591851354 0.1142104492 1.4480894804 -0.4367611706 1.5852289200 0.1805624515 1.0568221807 0.3630613983 -0.0281896703 0.2356525809 -0.0984699577 -0.0595104843 -0.2621711791 -0.0552481487 -0.1788524985 0.3676757216 0.0461357608 0.4815514386 -0.1151991263 -0.1465844959 -0.5755068660 0.4599629045 0.0358429290 -2.9191467762 0.0665858835 0.1990192682 0.2684847414 0.8333668113 -0.2249757349 -1.5564495325 0.0876150057 1.2903296947 -0.1053358689 -0.1172494367 0.6531262398 -0.1277928352 -0.3969212174 -0.9992666245 -1.0738584995 -0.7899366617 -0.0287176743 -0.6733811498 0.7112727761 0.3271581233 0.7751644850 -0.2065525800 -1.0389264822 -0.2763772309 -0.2751932740 -0.3127155304 0.2960955799 -0.1419452280 -0.3941231370 -0.2248895615 0.0010997903 0.1343024522 -0.0105642248 -0.0987769440 0.7580859661 0.0798378363 -0.1608212888 -0.1151301190 -0.5189142227 0.0445803888 -0.9671275020 -0.1779217869 -1.0839753151 -0.7267308831 -0.0300368108 0.3790962696 0.2768289447 0.8355801702 -0.1365907192 -2.0967445374 -1.1993041039 -1.9149123430 0.2462508082 0.0222563595 0.6352078915 -0.1803201586 -1.0711334944 0.7849435210 -1.0103830099 -0.1900422126 -1.4184122086 -0.6291385293 -0.3281057477 0.0622801110 -0.4631175697 -0.0255422816 0.0700051486 0.3136593997 -0.8929824233 -1.0075550079 -0.9464251399 -0.4054777026 -0.7769882083
0.0215764195 0.0191713702 0.0541331843 -0.0462284014 -0.1243576258 -0.0656937137 -0.0323771909 0.0177133922 0.0248899143 -0.0618212111 0.0292663872 -0.0972586796 -0.0058569461 -0.0119845318 -0.0894364864 -0.0466496795 0.0485616252 -0.0003519058 0.0003505838 -0.0004432754 0.0116253858 -0.0175279528 -0.0212619901 0.0223788545 -0.0726518556 0.0683995783 -0.0371852703 -0.0592602454 -0.0146713080 0.0456017703 -0.0072480110 0.0028835274 -0.0395521708 0.0176356696 0.0288344137 -0.0291842148 0.0296080876 -0.0544352941 -0.0117430612 -0.0912104994 0.0503362119 -0.0252793804 -0.0337835625 0.0032724922 -0.0196603835 -0.0894157588 0.0231497847 -0.0532396138 0.0191161651 -0.0397891998 0.0092762560 0.0057685473 0.0255736783 0.0407516584 0.0064476910 0.0253214985 -0.0493471436 0.0042613670 -0.0503498390 -0.0501099899 0.0071441880 0.0122732073 -0.0543441623 0.0161279999 -0.0007161349 -0.0544540733 0.0071123731 -0.0443863869 -0.0084036887 -0.0275283083 0.0080089951 -0.0105429366 -0.0256888121 0.0143801710 -0.0087489719 -0.0144663649 -0.0407035872 0.0319323428 0.0205223113 -0.0552319735 0.0046247914 -0.0120588215 -0.0545768291 0.0554458424 0.0218639113 -0.0040109381 -0.0597939678 0.0427360460 -0.0446351096 -0.0174274370 0.0310145598 -0.0679381862 -0.0450553223 0.0055858120 0.0428677872 -0.0571187511 0.0030220479 0.0281853415 0.0189218968 -0.0302211177 0.0294306278 -0.0791722983 -0.0856382027 0.0177379400 0.0132165216 -0.0120196491 0.0154257035 -0.0299784094 -0.0057850825 -0.0558288246 -0.0512474477 0.0482416414 -0.0324808620 0.0286866408 0.0244301148 -0.0236081854 -0.0859026983 -0.0334159359 -0.0376786180 -0.0177668333 -0.0372127183 -0.0454333276 -0.0314927250 -0.0183361396 -0.0545926727 -0.0404433273 -0.0821269974 0.0001068562 -0.0016731286 -0.0278095454 -0.0138240540 0.0128237270 -0.0124549195 -0.0578417629 0.0127548389 -0.0380049981 0.0118688121 0.0403396860 0.0505980887 0.0212076306 0.0089967996 0.0228678603 0.0069130571 0.0246884190 -0.0274623446 -0.0474508367 0.0244790893 -0.0509676002 -0.0132531608 -0.0188747589 0.0015027518 -0.0213033035 -0.0680105090 0.0073070172 -0.0615729652 0.0177701227 -0.0478813387 -0.0053867907 0.0231016483 0.0159287285 -0.0253087636 -0.0036667681 -0.0392603725 -0.0455114543 0.0206302516 -0.0343522429 -0.0385099538 0.0011105612 0.0484367013 -0.0551170036 -0.0599694885 -0.0444697216 0.0339283943 0.0372595787 -0.0192494113 0.0105051771 0.0014582206 -0.0308683645 -0.0527954400 0.0043170447 -0.0166623704 -0.0191514362 -0.0579053909 -0.0173792113 -0.1174167693 0.0338792130 0.0349702910 -0.0127922101 -0.0490846038 -0.0451477692 -0.0596868582 -0.0516358316 0.0179191008 -0.0007121393 -0.0272581354 -0.0035621200 -0.0114206569 0.0294807479 0.0338361561 0.0367406309 -0.0848469138 -0.0786971375 0.0003561311 -0.0100783296 -0.0069249361 0.0076708123 -0.0259024426 -0.0599613264 0.0072650076 -0.0227239951 0.0159169566 -0.0340475850 -0.0333760157 0.0221842099 0.0296327751 0.0594466627 0.0095740966 -0.0681224242 0.0486150831 -0.0514992103 0.0142570920 -0.0295442436 0.0641873628 -0.0382368416 -0.0414273366 0.0450098589 -0.0487030596 0.0219990611 0.0307202339 0.0224646404 -0.0486842692 -0.0144074829 -0.0089760246 -0.0229693223 -0.0730514899 0.0471528471 0.0581782088 -0.0024279607 0.0085500684 0.0005387706 -0.0352260396 0.0275661983 0.0172753781 -0.0218781680 -0.0174006857 0.0459050909 0.0359171256 -0.0485645346 -0.0532212034 -0.0097882301 0.0051069506 -0.0080851922 -0.0507461242 0.0437971875 0.0140891792 0.0081013506
0.0256803390 0.5657905340 -0.2795884609 -1.0227476358 -0.2836874425 -0.5742771626 -0.5864689946 -0.8391714692 -0.4879080355 -0.2706352174 -0.0098731471 0.4261302948 -0.0741345808 -0.2103627473 0.1168645099 -0.1370640844 -1.5657879114 -0.3477836549 0.2492765337 0.5640061498 -0.5868527293 -0.0913265273 0.6605003476 -0.0288256258 -0.0736340284 0.2829487622 0.0657320768 -0.9212734103 0.1902415007 0.5129268169 0.1412303746 0.2315264642 0.1261484623 -0.4072743952 -0.1442458034 -0.1720838696 0.1005022526 0.7052151561 -0.0757600591 -0.3296114206 -0.2179214954 -0.0471908860 0.4681761563 -0.8518310189 0.0189595092 0.0836624503 -0.2182802260 -0.9406611919 -0.1487057209 -0.0921879336 -1.7514659166 0.1025079861 -0.6942668557 0.0866010860 0.2285648733 -0.2353310585 0.0434211418 0.1507748812 0.1065188646 0.0351862125 0.5176905394 0.0349805169 0.1680376977 -0.0229250267 -0.3531914353 0.2368278801 -0.9964002371 0.1441887170 0.4477186203 -0.5809212327 0.1522444040 0.0474767536 0.1011103392 -0.3744352460 -0.5165600181 -0.6590040922 0.2313751131 -0.5635360479 -0.0018581476 0.2176720649 0.3801881969 0.1491924673 -0.0564676002 -0.0141915977 -0.2558146119 -1.3987092972 -0.3670415282 -0.7304341197 0.3227604926 -1.1495163441 -0.2360545993 0.0146495290 0.5245264173 -0.1439722329 -0.0263810139 -0.3154235184 0.3316948414 -0.0620574914 -0.0177232027 -0.0429351069 0.3811481595 -0.0856823102 -0.8540414572 -0.1363864243 -0.8241474032 -0.3433640599 -0.1949082315 0.1379664540 0.0258131754 0.2441142946 -0.1443219036 0.4911395013 -0.1910626739 -1.1537417173 -0.0226665363 -0.3510915637 -0.1426651627 0.2180359513 -0.4685470760 -0.2969102859 0.0961202160 -0.3408468366 -0.0648959354 0.1564194411 -0.6099679470 0.0209174734 -0.1012273282 -0.1766725928 -0.2063617855 0.2293887585 0.3019607663 -0.1332843304 -0.2026086301 0.0381078124 0.4706280231 0.4583083391 -0.0350328758 -1.1042693853 -0.1719428301 0.0476932898 -0.0137059242 -0.5254692435 -0.1535466313 0.4298955798 0.2918942869 0.4481648803 -0.6241059899 -0.1320527494 0.0437447876 0.3785353005 -0.0913847685 -0.0204753410 0.2643621564 -0.2134955376 -0.8732942343 0.1820178181 0.6039791107 -0.8828361630 -0.3611619473 -0.6296327114 -0.4746235907 -0.2524842918 -0.4787616134 0.2788548768 -0.1347827464 -0.3394288719 -0.5761988163 0.1709012985 0.0754920989 0.2109607756 -1.1806665659 0.2517797351 -0.0245933235 -0.8312731981 -0.3503946066 -0.0318314359 0.0324638970 0.3608834743 -0.1796917319 -0.5683792830 0.3220269978 0.0996248126 0.7993001938 -0.4578618705 -0.6533157229 -0.1139390692 -0.2487108111 0.2638095915 -0.2559364140 0.1999012828 0.3039221168 -0.2076516002 -0.5060516000 -0.5322411656 0.2729401886 -0.7869027853 -0.0682047009 -0.7383642197 0.6444892287 -0.0477945730 -0.2932925224 -0.7657471299 -0.0953118876 -0.4592930973 -0.0413982309 0.0223690774 0.1530687660 0.0537326448 -1.1804265976 -0.2568082809 -0.5165303946 -0.2156552225 0.1056713089 0.0136246160 0.3197975755 0.4642678797 -0.3934281170 -0.0756511837 -0.4328237772 -1.2109551430 -0.6485139728 0.0097149126 0.3756489158 -0.5378460884 -0.8941983581 -0.4124546945 0.1720365733 -0.0213314742 0.9470930696 -0.3966447413 -0.4251489937 -0.9341597557 0.0207868554 -0.2154936790 0.2352115810 -0.1550464928 -0.0269808024 0.2001699358 0.0982160568 -0.7453214526 0.2717377543 -0.5853782296 0.1470710784 -0.2848885655 0.1766007990 -0.0349871106 -0.3929239511 0.7225785851 -0.0428542867 -0.2067833543 -0.1187191978 -0.9366540909 -0.4895890057 -0.2086380422 -0.6747156978 -0.0474417582
-0.5686982274 -0.7711979747 -1.4045768976 0.2954271138 0.5329080820 1.3607068062 -1.0404005051 -0.2364601493 0.4713093936 -1.5217829943 -0.0287237633 -2.7157793045 -0.2048985809 -0.2720543444 -0.0495604910 -0.5498148203 -1.8474439383 -0.3640861213 0.1425038576 -0.2318161726 -0.4320216477 -0.0927047357 0.1656858325 -0.0520672873 1.2181167603 0.2400949895 -1.2989809513 -2.2866754532 -0.2162626386 1.1128813028 -1.1845946312 0.3417793810 0.0790562108 0.4691292346 0.4534532130 0.2682322264 0.2751197815 1.3095993996 0.9311448932 -0.1026604846 -0.1554139704 -0.0263242684 -0.1861747056 0.3832507133 -0.4140887260 1.0408837795 0.2144487649 -0.5275191665 -0.3702679873 -0.0057003787 0.1971919090 -1.1002756357 0.4103722870 -1.1980009079 -0.7717416883 -0.4439282119 -1.4648857117 -0.3069600165 -1.8899911642 -0.6703756452 -1.1937074661 0.4297973812 -1.5914679766 0.0027243197 0.1119632721 0.1260612160 -0.8646830916 -0.0120446505 0.9812756181 0.0517138280 -1.1786588430 -0.0005421415 0.2436994165 -0.6090822816 0.1505079120 0.0951297358 -0.9837743640 0.5134703517 0.4823003411 0.6841365099 -0.7857803702 -0.5191395879 -0.0082034767 -0.0398233309 0.1805695295 0.2108179927 0.1045052186 -0.2603230774 -1.5543799400 -0.1889207214 -0.8235628605 0.0589694679 0.1523628086 -0.3573525250 -0.3653450012 0.1684186757 -0.5479616523 -0.6008619666 -0.0257254764 -0.8256945610 -0.2420023084 -1.4462445974 0.0025827088 -1.0182999372 -0.1323783249 -0.0687043145 0.0006082443 -2.1264567375 -0.1051501185 -0.3526821136 -0.0787717476 -1.1286507845 -0.4827079475 0.6302734017 0.2282711715 0.2802361846 -0.2240641415 1.3710952997 -0.0423530042 0.2141546905 -0.1345500946 -0.0293234233 -0.8168222308 0.0491682924 -0.2451545149 -0.0761391446 0.2154276073 -1.5930299759 -0.1606638581 -0.1860247999 -0.1311511397 0.2403667122 -0.0142462542 -0.0923241302 0.4633877873 0.5624689460 0.0114990771 1.1272280216 0.0913690329 0.0408204198 0.0570438355 -0.5204340219 -1.0567829609 -0.3798697591 0.3656948209 -0.1310150921 -0.5724908113 -0.2442249954 1.1286566257 -0.9750331640 0.2234087735 0.2154513747 -0.3424004912 -1.3927068710 -0.9234927297 -1.0870224237 -0.8001922369 -0.1323385090 -0.3918748498 -0.0205323100 -3.0401566029 -1.8380001783 -1.6313360929 1.4594925642 0.3555817306 -0.1787578017 -0.7155662775 0.1122308597 -0.0393393375 -0.8670368195 -0.5218873620 0.1390830725 -0.0045721754 -0.0785594732 -0.7819481492 0.0355716497 -0.1505641341 -0.7454508543 -0.4734228551 0.3741497993 -3.5147566795 0.0090413708 -1.9094243050 0.4320316911 0.4657083154 -0.4584204555 -0.1273122281 0.1240188256 -0.9747692943 0.3760494888 -0.3360814750 1.2108073235 -0.2184344977 0.0059752245 -0.7780035138 1.3426553011 -0.7902519107 -0.4037506878 -2.7759888172 -0.0290804058 -0.8297163248 -0.3271056712 0.0163759161 -0.5163807869 -0.5644793510 0.0687476918 0.7017477751 -0.0801954120 -0.3844367564 -0.6713328362 -0.0868298858 0.7519179583 0.6795888543 -1.1510958672 -0.7940707207 -0.3616989851 0.1024138182 -0.0912531391 -0.3933664560 0.2871358097 0.2231418937 -0.7510192990 -0.4549171329 -0.0536448509 0.3613644540 -0.3015331328 0.0967489481 -0.0529673249 -0.7644599080 -0.6403641105 0.3687092960 -0.1788131595 1.0346895456 -0.7551640868 -0.2383561432 0.5719205737 0.0245545655 -1.9709970951 -1.2072995901 -0.2362040281 -0.4506489038 -0.2077507675 0.2916574180 0.3901854753 0.3661946952 0.2371394485 0.1860449761 0.5051050186 0.0239567012 -0.9427495599 -0.7723217607 -0.3404965997 -2.3817439079 0.3064466417 -0.0454459153 -0.1262251288
-0.0727192089 0.1806657016 -0.1092643067 -0.1886520088 0.5148462653 0.0443317220 -0.5199972987 -0.4997198582 -1.3044650555 -0.2538494766 -0.4454963207 -0.0096751982 -0.1093690693 -1.1965045929 -0.9798290730 0.7095850110 -0.3593240380 -0.0171868876 -0.9717359543 0.2042021751 -0.4883387685 0.0414690450 0.5782147050 -0.0045677274 -0.3385666311 0.4731597900 0.0946699083 0.0453055836 -0.2615166306 -0.0122155100 -0.3077045381 -1.2415382862 -0.2842816710 -1.0064644814 -0.7163748741 0.0496386066 -0.3690197766 0.7061432004 -0.0278339945 0.3679499626 -0.8540745974 -0.0606270060 -0.1671474427 -0.9780769348 -2.0138754845 -0.0177588034 -0.8855215907 -0.7454479337 0.2740788162 -0.4027096331 0.6939368844 -1.7493746281 -0.1503870785 -1.1045283079 0.4693188071 -0.1096441746 -0.0455044992 -0.0347468480 0.2936494052 -0.0397827663 -1.5194369555 0.1822544634 -1.2034015656 0.0235434938 -0.2319545150 0.2289883792 0.7831917405 -0.0363307968 0.0447990373 -0.0431366302 -0.0604932718 0.0528360680 -0.8610454798 0.5271844864 -0.6706032753 -0.4681894481 -1.5578234196 -0.9402777553 -0.5198272467 -0.2088970989 0.0341962688 0.3717129529 -0.0445219874 -0.0314238369 -0.3628234565 -0.5449291468 -0.1420950890 -0.0652951002 -1.4154775143 0.2994266152 0.5699003339 -0.0758353621 0.0956583768 -0.3098151684 0.0526639298 -0.1143052727 0.4019339383 0.7314867973 0.0278071910 -0.3491573632 -0.0620860532 0.3903789818 0.2845987976 -0.4021097422 0.0120437806 -0.9358136058 0.3046363592 0.1155959442 0.7082752585 -0.2840926349 0.5290076137 -0.2310126275 -0.5767281055 -0.2626127601 -0.3232002556 0.1768323481 -0.2820487022 0.2283285111 0.0600444935 -0.0674333125 -0.2103018761 0.7557984591 -0.0925626606 -0.1697352678 -0.1460497230 -0.6149383187 -0.3610060513 0.0114375213 0.3281934857 0.1024800763 0.1546310037 0.1822736710 0.0070936643 -0.0761570930 -0.1890458614 -0.0586961843 -0.0107783601 0.1537435651 -0.7537210584 0.0542868227 -0.0101010501 0.3261713684 -0.0192390736 0.1080799773 0.4679439962 -0.3552677929 -0.6430593133 -1.2754949331 -0.7232253551 0.6377452016 -0.4593704641 0.0487791412 -0.0684505403 0.8172063828 -0.9428728223 0.2188289464 -0.0640813112 -0.3062269986 -0.5472422838 -0.3432399333 0.3228472769 -0.8423694372 -0.4798161387 -0.2733227909 -1.0362782478 -0.0008665370 -0.4173004031 0.0012424315 -0.0549247265 -0.3911234140 -0.2722384036 0.1076571718 -0.0430047587 -1.1711589098 -0.7506576777 -0.0462613925 0.1462145150 0.0615306720 0.0591753498 -1.1433418989 -0.0143901268 -0.2567950189 0.3320641816 0.9662963748 0.7839834094 -0.2105400413 -0.4117190242 -0.0941685364 -1.0632994175 0.0936691090 -0.2091979235 -0.9297671318 0.1780728996 -0.0035384670 -0.2966260016 -0.1408840865 0.5316049457 -0.0340397544 -1.0607658625 0.0182643086 -0.8187571764 0.2058743238 -0.4284562469 -0.5177123547 -0.3175880909 -0.7254485488 0.2520379126 -0.0113091469 0.0968646556 -0.5587859154 0.2877382934 0.1862631589 -0.0597488843 0.0697413683 0.1857627928 -0.0772701204 -0.0739151761 -0.6074328423 0.0483943969 -0.1820635349 1.0420055389 -0.6859492660 -0.3083351851 -0.1796583831 -1.4299343824 -0.4827768803 -0.2738949955 0.0473537818 -0.1661002189 -0.0034550787 0.1896545887 -2.3079090118 -0.0462988392 0.5973829627 -0.3529373407 -0.3186756074 -0.0390519649 -0.1244857907 -0.7856793404 -1.1609063148 -0.2988424003 -0.0427088812 -0.5621818304 0.2951037586 -0.8587519526 0.0594155863 -0.0342669040 0.1236866564 0.0061617419 -0.5506737828 0.1179103702 -0.5422188640 -0.2621210217 -0.0268508028 -0.2922539115 -0.2377147526
-0.5284873247 -0.3974708021 -0.0589077473 -0.1068174541 -0.4814324379 0.1155525744 -0.2247863859 0.0878637657 0.0026511608 -0.2329670042 0.0521001145 -0.2744342387 -0.2449553311 -0.5369501710 -0.0938193351 0.1195102558 -0.4327121675 0.0311727002 -1.4494625330 0.2890239358 -0.4070221782 -0.7647505999 0.2881018221 -0.0410117581 -0.6910499930 -0.2175995857 -0.2964662611 0.0173495281 -0.3728578985 -0.0853606984 0.0461567938 0.3745713234 -0.3516812027 -0.3170419633 -0.7593584657 0.0266375542 -0.5218963027 0.7198477387 0.0731570125 0.0001177631 0.1087481976 -0.0507639870 0.2253194749 -0.1700978279 -0.4595966637 -0.1051804051 -0.4927785099 -0.3395705223 -0.2172229439 -0.2542603016 -0.0101209106 -0.1023445204 -0.0060092434 -0.4575738907 -0.3721299171 -0.0624004900 0.5998596549 -0.0216935948 0.4628190100 -1.0067106485 0.0307956170 -0.8351904154 0.0956114233 0.0349118859 -0.2323625088 0.1386368126 -0.1512359977 -0.0247987323 -0.0136100482 0.0389058292 -0.7478618622 -0.0546249971 0.1877393723 -0.5552635789 0.2443745732 -0.8975053430 -0.6567053795 -0.1346995085 -0.7793652415 0.0979471803 -0.3240951300 0.6196757555 0.0583899543 -0.0360042974 0.3228485882 -0.2402705401 -0.7502602935 0.0119065344 -0.5343883634 0.1234814525 0.1873907000 0.0455431975 0.4270224869 0.0792715475 -0.0472147837 -0.1626480520 -0.6320092082 -0.7418938875 0.0624837354 -0.0115894126 0.1907186359 -0.5835425258 -0.4235339463 -0.1765192896 0.0203590188 -0.2303648889 0.0319223255 0.1129788980 0.1379539520 0.3458977640 -0.4679429233 -0.0549569204 -0.1792781502 0.0708793551 -0.1334209889 -0.0873805806 -0.3086541593 -0.1612333208 0.1917927861 -0.0187802911 -0.8500393629 0.1754630208 -1.2559573650 -0.6313302517 -0.1342401654 -0.1269207597 -1.1983268261 -1.1609119177 0.0873970687 -0.0258891843 -0.1036873311 -0.2880041599 -0.0314599052 -0.9063364863 -0.4819587469 0.0603641681 0.0556265041 0.0781187937 -0.0994117409 0.0600589961 -0.0308778882 -0.1188408509 -0.1836792678 0.0497475043 0.1019185930 0.2808314562 -0.4469652772 -0.2388023883 -0.3866052628 -0.0062559131 -0.0300292615 -0.0790999010 0.4074586630 0.4778544307 -0.7650986314 -0.3690941632 -0.8678546548 0.2990709245 -0.0882475451 -0.3424075246 -0.0179618113 0.0668137968 0.0459350497 0.3833720088 0.2080636472 -0.0253848881 -0.4960015714 -0.0389989018 0.0014399812 0.1825070679 -0.0288068000 -0.2412575036 -0.0480934680 -0.0850608423 -0.0468333699 -0.0590285063 -0.5658212900 -0.1223459244 0.0468388423 -0.2784193456 -0.0064887078 -1.7669939995 0.7461833358 0.0947798416 -1.0433635712 0.1000238657 -1.0455037355 0.4280820489 -0.3830982149 0.4728187919 -0.0734283254 0.2087723613 -0.3429070115 0.1788302958 0.0114205899 0.5146956444 -0.0059857829 0.3467081785 -0.3278155625 -0.0137403384 0.0662365183 -0.1196475029 -0.9051414728 -0.0124638667 0.1870228648 -0.0488274805 -0.2524064183 -0.0567388684 -0.2424359173 -0.8879179358 -0.1055971533 0.1559505463 0.1418829411 -0.1923385859 0.0338036567 -0.2938752174 0.4648488760 -0.1450626403 0.0166534260 -0.6156213284 -0.5426700711 -0.7718971372 0.2365126014 -0.0760174021 0.2783453465 0.0244893357 -0.0604653880 0.0200197473 -0.1480080932 0.0079475185 -0.4327025712 -0.1149492636 -0.6116250157 0.3095875084 0.3350371122 -0.0582417063 0.0525866002 0.1876017898 -0.6612644196 -0.5116305351 -0.8659793735 0.0944715887 -0.0997506231 -0.0664973333 0.0060539083 0.1803517789 0.0281809717 0.1222103685 0.0127845109 -0.3506012857 -0.5674598813 0.1307949871 -0.4826154411 -0.0438403115 -0.2213404924 -1.4220951796
0.0044952161 -0.0083936229 0.0309757367 0.0531563908 -0.0552648939 -0.0435033590 0.0064758500 0.0112406611 -0.0535429418 -0.0175326616 0.0098706530 -0.0247547422 -0.0714986473 0.0032070652 0.0066069840 0.0262913108 -0.0471224934 -0.0623098090 0.0507810861 -0.0116487443 0.0202207081 -0.0623110160 -0.0177852064 -0.0333151668 0.0295895021 -0.0468295440 0.0070074424 -0.0241638273 0.0156437997 -0.0033364668 -0.0292195827 -0.0070471391 0.0169221014 -0.0117510641 -0.0392890871 -0.0359927937 -0.0385806486 0.0476396233 -0.0182907730 0.0120120794 0.0349146798 -0.0146651044 0.0077455230 -0.0485102758 -0.0448548868 -0.0644064918 0.0473950058 0.0431261696 -0.0355493650 -0.0377063267 -0.0213929564 -0.0082489206 0.0472710803 -0.0209600776 -0.0177152231 -0.0313934311 -0.0563930608 0.0478390902 0.0157497227 0.0336556509 -0.0545550138 -0.0608706772 -0.0428726599 -0.0271436721 0.0225811806 0.0428463668 0.0239783544 0.0072518438 -0.0581934452 0.0027817935 0.0150148133 0.0316419452 0.0485758781 0.0280279405 0.0517512858 0.0002609877 -0.0526081286 0.0027057377 0.0360844955 -0.0296884999 0.0321759023 -0.0382141843 -0.0046762601 0.0400007591 -0.0067674257 -0.0091605633 0.0148846945 0.0414944515 -0.0016513239 -0.0309462845 -0.0395218283 -0.0270298924 0.0585567132 -0.0687189400 0.0491709635 0.0388114117 -0.0620136261 0.0109493593 -0.0006503835 -0.0589007922 -0.0009363832 -0.0443730578 0.0534879118 -0.0452418402 -0.0137056857 -0.0537554994 -0.0416776165 -0.0247324333 -0.0143582961 -0.0428176932 -0.0364653394 0.0537609011 0.0103641003 -0.0600016415 -0.0023718253 0.0024048835 -0.0680098236 0.0560006723 -0.0031982735 0.0174828023 0.0266338214 0.0240937974 -0.0117830569 -0.0232766494 -0.0272020400 0.0523992740 -0.0156456903 -0.0155526632 0.0493432432 -0.0385938883 -0.0511943400 -0.0629135594 0.0136984885 -0.0093382746 0.0025728890 0.0390121266 -0.0135177970 0.0172280911 -0.0259387493 0.0508524850 0.0091220215 0.0414073169 -0.0012594205 -0.0696261078 -0.0492289737 0.0321139842 -0.0181371197 0.0212829709 0.0265782326 -0.0063230200 0.0296162013 -0.0548651963 0.0553026274 -0.0497582778 0.0302872285 -0.0314245522 -0.0334117860 0.0341162048 -0.0430812761 0.0117148478 -0.0204579383 -0.0468589887 -0.0070153549 0.0048891157 -0.0304195434 -0.0410993174 0.0369122624 -0.0037012175 -0.0394676328 0.0093067819 -0.0634118021 0.0403345972 -0.0072269961 0.0351205505 -0.0239003785 -0.0045114234 0.0117630931 -0.0629090071 0.0467160642 -0.0489421599 -0.0408780500 0.0321489125 -0.0353075340 -0.0362274945 0.0044213613 0.0372894071 -0.0612082034 -0.0091147050 -0.0652650222 -0.0288947374 -0.0280143023 -0.0369143523 0.0401719958 -0.0012265295 0.0341330618 -0.0596917421 0.0243440419 0.0120407501 -0.0640236735 -0.0387756377 -0.0208702274 -0.0242191479 0.0123993531 0.0494244620 -0.0409692600 -0.0217054635 -0.0523864925 -0.0134748518 0.0596556664 0.0379265845 0.0620235205 0.0025499538 0.0333658680 -0.0552297980 -0.0534761325 -0.0192914307 -0.0570629835 -0.0114492625 0.0357259735 -0.0447870679 0.0364132598 0.0275056101 0.0203669667 -0.0612131208 0.0327033103 -0.0573241189 0.0467799082 0.0180675238 -0.0641587302 0.0503177494 -0.0243715458 -0.0531175360 -0.0550058745 -0.0152855292 0.0265511870 0.0292934850 -0.0383669883 0.0278846323 -0.0519240573 -0.0325985476 -0.0456634872 -0.0534430593 -0.0282870904 -0.0432820320 -0.0525342524 -0.0020494983 0.0205254704 -0.0294664875 -0.0154218748 0.0125309154 -0.0281225238 0.0004826859 0.0097530708 -0.0482547581 -0.0499811545 -0.0156476349
-0.0209345631 -0.0481320694 -0.0343965888 0.0420509167 -0.0072683119 0.0450964682 -0.0269516110 0.0337172523 -0.0036602078 -0.0333901756 -0.0662399754 -0.0043032034 0.0052154963 0.0045441673 0.0224243440 -0.0487349145 0.0278576519 0.0240637064 -0.0001386917 0.0315322727 -0.0541551784 -0.0804977715 -0.0545946695 -0.0472797006 0.0033124862 -0.0605029874 -0.0347079411 -0.0511415713 -0.0305932891 -0.0180998817 0.0212641526 -0.0522749349 -0.0009409125 0.0326978005 0.0007983689 -0.0004599914 -0.0448985770 -0.0620055906 -0.0674256086 -0.0862404555 0.0003531575 -0.0187926665 0.0412769578 -0.0750129893 -0.0276351925 -0.0683153868 -0.0362317488 -0.0357990079 -0.0158152692 -0.0198111907 -0.0163548514 -0.0601350255 0.0006141305 -0.0254629925 0.0356135070 0.0188463964 0.0133794295 0.0351016447 0.0077167563 0.0375730433 -0.0667375028 -0.0624391101 -0.0540829897 -0.0565755703 -0.0257145260 -0.0657009184 -0.0129244346 -0.0332547873 -0.0403206423 -0.0406250134 0.0105036963 0.0034952685 0.0345151685 0.0253196638 0.0414832681 0.0197519660 0.0301958621 -0.0256965961 0.0010678445 0.0181454625 -0.0124677420 0.0491176620 -0.0335975215 -0.0608865172 0.0206341185 -0.0401427820 0.0348328836 0.0093398066 -0.0143005047 0.0319164805 -0.0702708438 0.0221758075 0.0279223658 -0.0706166700 0.0279063210 -0.0268955044 -0.0662571341 0.0185962226 -0.0397200808 0.0015480488 -0.0534539707 -0.0677177161 0.0079223141 0.0344490521 -0.0507196300 -0.0131450817 -0.0462145545 -0.0670571178 -0.0253414754 -0.0174298733 0.0339044780 -0.0233164858 -0.0032838599 -0.0664450750 -0.0259989630 0.0288459528 -0.0485691689 -0.0366252661 -0.1063172221 -0.0078086108 0.0048331618 -0.0536476411 -0.0061409599 -0.0355011262 0.0498523712 0.0089180898 -0.0612234510 0.0331644490 -0.0553313941 -0.0037607339 0.0134240771 0.0430581979 0.0197853893 -0.0656414479 -0.0446255058 -0.0023964341 0.0453130081 -0.0411618650 0.0202367380 -0.0279139578 0.0235346034 -0.0793508664 -0.0854956284 -0.0609688982 -0.0684127063 -0.0370903015 -0.0142279342 0.0470148437 0.0195423663 0.0336324312 0.0351127051 0.0396869034 0.0034241902 0.0132000493 -0.0329109989 0.0407591499 0.0011588909 0.0085638873 0.0096962266 0.0278197788 0.0059302337 -0.0197482184 -0.0122659281 0.0278276410 -0.0686312765 -0.0284595117 0.0103069106 -0.0520570800 0.0522048548 -0.0386379771 0.0458477065 -0.0435040370 0.0281429514 -0.0624452233 -0.0098223221 -0.0568002313 0.0114782061 -0.0420903601 0.0113783218 0.0404443108 0.0325748213 -0.0742898062 -0.0088499533 -0.0472675040 0.0143808452 -0.0060056373 0.0446240976 -0.0583452657 -0.0007271772 0.0370694846 0.0275398269 0.0154043911 -0.0644202083 -0.0029917187 -0.0562100969 -0.0312891640 -0.0162235722 0.0108322725 -0.0002660624 -0.0196978971 0.0129419127 -0.0082620354 -0.0441514887 -0.0707374513 -0.0487596914 -0.0568792000 -0.0134346094 0.0051921383 0.0040885271 -0.0114904772 -0.0285270959 -0.0378995538 -0.0416643247 0.0129954023 -0.0126584154 0.0141438469 0.0019659773 0.0540124923 -0.0699319765 -0.0643353090 -0.0393094681 0.0070132506 -0.0171456467 -0.0186718591 -0.0749716982 -0.0046665599 -0.0153009966 0.0277117118 0.0143569196 -0.0300116017 -0.0582763925 -0.0063727591 0.0271352027 0.0325272866 0.0007342861 -0.0212131739 0.0437280089 0.0277222805 -0.0553507656 0.0130454013 -0.0078981202 0.0281902235 0.0480028838 0.0286155567 -0.0104040047 0.0111437785 -0.0366436169 -0.0636008680 -0.0030013621 0.0160809401 0.0229096264 -0.0623277351 0.0292446688 -0.0393618196 -0.0160929691 -0.0210152399
-0.8379260898 0.1487404108 -0.2709335387 0.3199818730 -0.6705353856 0.5314006209 0.0613075979 -0.7320551276 0.2943327725 0.8159233332 -0.0644981489 -0.3527733088 0.2747200727 -0.2118168622 0.4012056887 -0.5102857947 -0.3273893297 0.2141652256 0.3959824145 0.0704393089 0.1001562104 0.8276926875 0.6399196386 -0.0338033438 0.0827227980 -0.6531788707 -0.1138414145 -0.1692618132 -0.7250638604 -0.1668116003 -0.1590829790 -2.1678423882 -1.0202139616 0.6322318316 0.6505320072 0.3516685069 -0.4698592126 0.1117412150 0.6081367135 -0.0052537206 0.5744476318 0.0402995050 -1.1439242363 0.1074433848 0.3789124191 -0.0942664221 -0.1323154122 0.1520142704 -0.2411167026 0.0235985331 -0.1225574166 0.2399747670 -0.7400979996 0.4435150027 -0.7770807147 -0.7738186717 -0.3668990433 0.6143399477 0.8668619394 -0.2775247097 0.3116361201 -0.1419041455 -1.2210496664 0.0387266912 0.1160314977 -0.0557031110 -0.6280643940 -1.5279394388 -0.6962082386 0.1378138959 -0.7789478302 0.0228591636 -1.1297892332 -0.3776336610 0.2376664877 -0.3650729060 0.2967277765 -0.0749039426 -0.5080071092 0.2570448518 -0.9274843931 -1.1153755188 0.0357563719 -0.0582594797 -0.2749606371 -0.2011003345 0.5824496746 0.5092422962 -0.1754499823 -1.1662211418 -0.1239886135 -0.0286834035 0.6895817518 -0.2373854071 0.3384062648 -0.5836405754 -0.5977675319 -1.3041536808 -0.0420813859 -1.3926718235 -0.0665794462 -0.5752375722 0.3869911432 0.4620979726 -0.1663711369 1.1227635145 -0.1048774496 0.1559023559 -0.1153089479 0.0725012124 0.6880020499 -0.8280716538 1.1580035686 -1.0371403694 1.0711910725 -0.0190531947 0.3904307783 1.1366329193 -0.6637208462 0.2304912210 -0.6731790304 0.1333518028 0.8421167731 1.1181856394 -0.8603370190 0.6715257168 -0.6633417010 -0.2946819365 0.2738065422 0.7796481252 0.1108605042 0.2302871644 -0.0427159108 -1.3815870285 0.2163126171 -0.0024585398 0.0086909235 0.4030207396 0.2127945125 -0.0412059277 -0.0097566843 0.0190905537 -0.5469604135 -0.8652426004 0.4889730811 -0.4711031914 -0.5438479185 -0.3971791565 0.1447151601 0.2845663726 -1.0978778601 0.6391647458 -1.1450177431 -0.4431043863 0.0300662816 0.0515330993 0.1726310700 -1.4867411852 0.4085275829 -0.3778217435 -0.5377166271 -0.2754221857 -0.7120754123 -0.6034052968 0.2221537232 -0.1048719510 -0.7542791367 0.2241837233 0.2645690143 -0.7668701410 -0.8815336227 -0.4523882568 0.0091043934 0.2196518034 -0.5755121112 0.0185765475 0.7672225833 -0.6270254850 0.0315559134 1.2117091417 0.3610270917 -0.2357913107 -0.1524096280 0.2832042873 -0.1371225715 0.8919568658 1.0658348799 -1.2904349566 -0.3433784246 0.2737215161 0.1041418687 0.2961023748 -2.4466161728 0.1331524402 -0.1680004001 0.8623591065 -1.2215318680 0.1429845840 0.1633000225 -0.0556527451 0.5243984461 -0.8092658520 -1.0888035297 -0.8182960153 0.1356907636 -0.7921146154 0.9157904387 -0.4580584168 0.2880940437 -0.2822932899 -0.4081993401 -0.0536081344 0.3576073050 -0.0754678920 0.3862051964 -1.3633604050 -1.8380128145 -0.0373901315 0.6402563453 -0.1256520450 0.5156213045 -0.2075431794 -0.3187400401 0.2708592415 0.3844353259 -0.5859893560 0.3324383497 -0.0216958039 -0.3823881447 0.0552124269 0.2130927294 -0.0944232643 0.2596199811 -0.4125209749 0.0850246698 -0.6501127481 -0.0262519494 -0.7870783806 -0.8869413733 -0.0162723176 0.4432583153 -1.9294615984 -0.8223789334 -0.2224185765 0.5789999366 -0.1453621835 0.3738451600 -0.4306732416 0.0247815102 0.4586197138 0.7289685011 0.1894312203 -0.1579918265 0.2106619924 0.1794146597 0.4432832003
-0.6756110191 -0.6738517880 -0.0114619061 0.0494832583 -0.6836211681 -0.2826437354 -0.1868386567 -0.1608254462 -0.0299421810 0.0091935191 -0.9193131924 -0.2908861637 0.3611400425 -0.5231187940 0.0848312005 -0.5179758072 -0.0793741792 0.0293258503 -0.7372220755 -1.0299935341 0.0526142530 -0.1673773378 0.1031168476 0.0168229491 0.4733373225 -0.5118581653 -0.1977078617 0.5756296515 -0.0907294452 -0.0950810239 0.4546403885 0.4475372434 -0.4202910960 0.1136835366 -0.9250599146 -0.0504566282 0.8899146318 -0.7559643388 -1.1171935797 0.2447986007 -0.2716355026 0.0692179129 -0.7571827769 -0.3633632362 -0.1142318100 0.0333272442 -0.4031639397 0.3257334232 0.2977440953 -0.3026583791 -0.1004718095 -1.3381838799 -0.0228399634 -0.6667168140 0.2917686999 0.0214608014 -0.0765355229 0.0109172389 0.1151885316 -0.1992954463 0.1226021349 0.5257361531 -0.5392186046 0.0856178999 -0.1694018394 0.6437148452 0.4323253632 -1.3546764851 -0.0589660443 -0.0271413177 0.3512623012 0.0605767891 -0.4206441641 -0.7593747377 -0.2490120977 -0.6314073205 -0.2224690616 -0.6947680116 -1.6779290438 -1.6813912392 -1.6169302464 -0.1131435111 0.0428562388 -0.0021207780 -0.2759590447 0.0614046641 0.0755202547 -0.0568093657 0.4460120201 -0.7516567111 -0.7379208803 0.0485484488 -0.2209253907 -0.6736832261 0.0549052954 -0.3296945393 -0.0877400562 -0.1234784201 0.0075294599 -0.0040573631 -0.3115745485 -0.4611101747 -0.1803537011 -0.2977576256 0.2394534498 -0.8338997960 -0.8671714664 -0.4525447190 -0.4303596616 -0.4246678948 -1.2970057726 -0.7265716195 0.1147995889 -0.2190517187 -0.5261619687 -0.1191478819 -0.4765078723 -0.4396959543 0.1791515201 -0.0473080426 -1.5391457081 -0.1257596016 -0.4664281309 -0.3147446513 -0.5646893382 0.5702319741 -0.6333391666 -0.1894927770 -0.7732192278 0.0302482024 0.2598587275 -0.8647674322 -0.0226928294 -0.9692514539 -0.4462015033 0.3503866494 -0.0611091182 0.9307128787 -0.1570924073 0.0427355766 -0.0076425225 0.2118172944 0.3647202551 -0.5706198812 -0.2621264458 -0.8772925138 0.2305963039 -0.5844162703 -0.3504418433 -0.1964153647 -0.6588433981 0.0461030155 -0.5845461488 -0.6237453222 -0.4790951908 -1.0637310743 -0.1058619693 -0.7881888747 -0.2722042799 -0.7019783258 0.2687878013 0.2738102376 0.6217306256 -0.1457914412 0.0271654148 0.0366313383 -0.4794139862 -0.0237995274 -0.0606107563 -0.3219884932 -0.0336683430 -0.0530316085 0.0409883112 -0.0053629046 -0.0154045932 0.0556482673 -0.7784301043 -1.3500106335 0.0481560752 -0.3755791187 -1.0444825888 -0.5916905999 0.3668906391 -0.0749665946 -0.4453217089 -0.6208972931 0.2538874447 -0.4718041122 -0.1919672787 -0.6874291897 -1.1860347986 -0.1256695837 0.4285777211 0.0746031553 -0.1440674514 -0.4798027277 0.3774059415 0.0078920340 -0.0940233171 0.0420230702 -0.9914637208 -0.3866746426 -3.1818809509 -0.7148510814 0.4555542171 -0.0254854895 -0.2112372667 -0.0117153376 -0.1189305261 -0.7254293561 -1.0347129107 0.2214281559 0.0266474094 -0.2132256925 -1.1190112829 -0.0296928734 -0.5114679337 0.2585747242 0.0044452231 -1.1415721178 -0.3491836488 0.1535913944 0.1130637974 -0.0110438187 -0.5314492583 -1.1376603842 0.0244113430 -0.0241972879 0.0590354465 0.0341740400 -0.6299523711 -0.0841609463 -0.5485748053 -0.2918603420 -0.9575579166 -0.0160589516 -0.0127920657 -0.3994616866 -0.7631093860 -0.1427085847 -0.5528360009 -0.7035758495 -0.0145546719 -0.4242069423 0.2932552993 0.2153877169 -0.0572502986 -0.4858753085 0.0602609515 -0.1746208072 0.1023766398 -0.1160796359 0.4400152862 0.0152906924 0.1265320629 -0.2554603815
0.1863183826 -0.3001283705 0.0977330580 -0.0299562234 0.0095855193 -0.3218083680 -0.1859517395 -0.0209092535 -0.0397331938 0.2058804035 -0.1566811055 -0.0075326888 0.0687466487 -0.1145374253 -0.0283870921 -0.3162951469 -0.5510151386 0.0405193530 0.1178092062 0.1631032526 -0.0265947748 0.0562083907 -0.1561279297 0.0440603718 -0.2979844511 0.0163563769 -0.0621650405 -0.0199791659 -0.0503377989 -0.4454664588 -0.5988590717 -0.0506734513 -0.1575973034 0.0037760583 0.0845926031 0.1488750428 -0.0090286406 0.1966728568 -0.3974528611 -0.1668062955 -0.0426415987 0.0363418758 0.1060068086 -0.3901781738 0.0056337626 0.0271438938 -0.1033366621 -0.0077013951 0.0422524661 -0.0091540124 -0.1288450807 -0.0545522049 -0.1313582212 -0.1503161937 -0.4186869860 0.1091537252 -0.2191092670 -0.0280037988 0.0047381376 0.1730973274 0.0822131783 -0.1076802537 -0.0931673422 0.0067247674 -0.3646490276 -0.0700950921 0.0205462817 -0.1056735218 -0.0601936467 0.1851227582 0.2005270123 -0.0055604577 -0.0828838646 0.1848513335 -0.3807279766 -0.0581885949 -0.0675293952 -0.1482839137 -0.0450309776 0.1030629352 -0.0017702769 0.0954644829 -0.0137507617 0.0013278574 -0.2352616489 0.0512982905 -0.0691912770 -0.2494728714 -0.3077361286 0.0405770130 -0.0814525262 0.0970985070 -0.1104962230 0.0308459774 0.0190946665 0.0204941165 -0.0561566949 0.1214934140 -0.0468271822 -0.0699861124 0.1853114367 -0.0067647398 -0.0437698886 -0.2012139857 -0.1039096788 -0.0584765673 -0.0334561169 -0.2768878341 0.1141473576 0.0463767499 -0.0047339164 0.0399463810 -0.3130874038 -0.0408032946 -0.0673306212 -0.6894981265 -0.2522984743 -0.1596695185 0.0501403734 0.1048748940 0.1680108458 -0.0875425339 -0.1718848050 0.3006593883 0.0239008162 0.1652255952 -0.3484909236 -0.0460467674 -0.0001198998 0.2356303930 -0.2171354443 0.1383723915 0.1470381469 -0.1620297879 -0.2049153000 0.0794742852 0.0552871972 0.0561599173 -0.0073106778 0.0390992835 0.0039746240 -0.1412553787 0.0600813255 -0.3054929972 0.0096146278 0.1211163253 0.2208718807 0.1545362622 -0.0242045801 0.0373702385 -0.0484478138 -0.1442233473 -0.1629855782 -0.1632666737 0.0499781407 -0.3267729878 -0.0361056402 -0.4851145446 -0.3506311178 -0.0338047110 0.0488121398 -0.1401794255 -0.0396735296 -0.0634099543 -0.0245757662 -0.5878064036 -0.0471542701 0.0786687955 0.0537971146 0.1604017764 -0.5314733982 0.0776229128 -0.0038004667 -0.8221312761 -0.4203039408 -0.0267713517 -0.0869344547 -0.0575908981 -0.2284515947 0.1128156930 0.2016482800 -0.2066533864 -0.0278968085 -0.0605184883 -0.0291534644 -0.2021602094 0.0525057353 -0.0279501230 -0.4969231188 0.0833726525 0.0071392511 -0.2614713609 0.1119790971 0.0160333179 0.1459100246 0.1469850838 -0.0542798676 0.0104083223 -0.0579889044 0.0068262517 -0.5972077250 -0.5968091488 -0.1472879052 -0.0885925665 0.1636940837 0.0887866542 -0.1831502467 -0.1595470309 -0.3238691390 -0.0043159104 -0.1184702292 -0.0926316082 -0.0240001399 0.0128767183 -0.2581946254 0.0483597927 -0.0409618616 -0.0680071041 0.1104054600 -0.4174615145 -0.2459509671 -0.1260404587 -0.4361063540 -0.0261475723 -0.3879383802 -0.1536380649 -0.1165809408 0.0200549662 0.0224675220 0.1135902256 -0.0220866669 -0.3022374511 -0.7409250140 0.1252945364 0.0665967986 0.0995168611 -0.0228964239 -0.1175943390 0.0240107458 -0.0372677520 -0.3088099658 0.0497653820 -0.1510236561 -0.0095736692 -0.1062803715 -0.3932164609 0.0724926740 0.0278930776 -0.0430531353 -0.0297118723 -0.3784340620 0.0287504438 0.0032439632 -0.0062379856 0.1218439043 0.0747500584
-1.5335994959 0.7839894295 0.2473971695 -0.5010353923 0.4539440572 -0.4344926775 1.3259083033 -0.3375845253 -1.5832725763 -0.0935413688 -0.4272869825 -0.7808205485 -0.3354841173 -0.2113900930 -0.6890567541 -1.2703025341 -1.1612937450 0.1502240151 -1.2821326256 0.1397463977 -0.0354361087 -1.3418049812 -0.9081969857 -0.0579745919 -1.3192178011 -0.6174548268 0.1305628270 -0.9401664734 -0.8844076991 0.2515892982 -0.8954243660 -0.7146875858 -0.5325823426 0.7473740578 -0.1842837930 0.0209315494 -0.9012890458 0.4759531021 0.4078661203 -0.2962327600 -0.4229372442 -0.0056353626 -0.2652009130 -0.0986923575 -1.0443626642 -1.7545815706 0.7504768968 -0.1777146161 -1.3808103800 -1.2645727396 0.1161377579 0.1938840598 -0.2900173366 -1.6542080641 -1.0724380016 -0.4801447690 0.1209441274 -0.2629232407 -0.1301569790 0.6253970265 0.2077092826 0.1867240220 -0.8936496377 0.0293503329 0.2144468427 -1.3660942316 -0.6170036197 -0.1816459298 0.0565609485 0.1485407054 -0.9764531255 -0.0018589795 0.2501905859 -0.7001516819 -1.1334687471 0.0803731382 0.4579286873 1.8018386364 -0.1456466615 0.2613584697 0.2509699762 -0.1279436499 -0.0081177130 -0.0478051901 0.4077844024 0.2696392536 0.5712526441 0.1150175184 -0.0038930122 -0.5492703319 -1.1150525808 -0.8088636994 -0.2195357233 -0.4696450830 -0.4838945270 -1.0695494413 -0.8028975725 -1.7048006058 0.0228238702 0.1411138475 0.3080488145 -1.4084862471 0.0770541504 -1.6949583292 0.2886367738 -1.6961898804 0.2801324725 0.6573809981 -0.7567392588 -0.4474552572 0.2926123738 0.5548420548 -0.5136133432 -0.4299875796 -2.0731141567 0.4765393734 0.7598767877 -0.7672537565 -0.6392215490 0.1040500477 -0.5057609081 -0.5077049136 -0.8402817249 -2.3159568310 -0.0652082860 -0.2769664824 0.1844730377 0.6580220461 0.5893286467 0.2942959964 0.6593785286 -0.2963563204 0.0026592531 0.1386576593 0.5563155413 0.0172429886 -0.0356293917 -4.3807563782 -0.5941250324 0.0597566590 0.0312064514 -0.4573602080 0.0417695828 -0.3467692137 -0.9588208795 0.0267726853 0.1111981794 -0.0133734178 1.0758304596 -0.9615299702 0.2992378175 0.2957616150 -0.1426616758 0.7127975225 0.7220913172 -1.3405344486 -0.5973166823 -0.3796222806 -1.1572585106 -0.7028074265 -0.0228183977 -1.9075176716 0.8000540137 1.1049257517 -0.6281070113 0.2348116487 -0.5131665468 -0.5517343879 0.2607571185 -0.9538920522 -0.3685014844 0.0332094878 0.0339421928 -0.0440553352 -0.9598712325 0.0067500770 -1.0301401615 -0.7485949993 0.4136659801 -1.4520570040 0.3994872868 0.1091249287 0.4247643650 -0.9290194511 -0.6464406252 -0.4370555580 -0.1618434340 0.0913295299 0.1086450145 0.7841389775 1.0024079084 -2.7097139359 0.1295181513 0.1376544535 -0.7838261724 -0.7279478312 -1.2069679499 0.0198393837 0.0301465057 0.0571320876 0.4609978795 -0.9472437501 0.2186970115 -0.7153226733 -1.5352501869 -0.0162507091 0.6039558053 0.7173168063 0.1320776492 -0.5972666144 0.1446714997 -0.5838458538 -0.2453053296 -0.9814647436 -0.8525610566 -1.1262489557 -0.7568843961 -0.3612492085 0.5476254821 0.2562366128 0.3714100718 -1.2583183050 -1.9304932356 -0.0418909863 0.5983196497 1.4781073332 -0.3284929991 0.0042358041 -2.1206343174 0.5671048760 0.0249771625 0.7604975104 -0.2188229114 0.7202124596 0.5221034288 0.1413522214 0.0577231795 -0.4152395427 -1.4596724510 -0.0693339705 -1.2953509092 1.0768965483 -1.4563010931 0.7326000929 -0.5252380967 0.9226598144 0.1701043695 -0.2302376628 0.0016129578 0.8524436951 0.2513941228 -0.4553786218 0.5631414056 0.2001838982 -0.1526734382 -0.6410650611
0.1129329205 -0.0125420457 0.0392702855 -1.0781068802 -0.0502161458 -0.1172059551 -0.0450044647 -0.2408913374 -0.1771865785 -0.1841685027 -0.1032065526 0.0695579797 -0.9240403175 0.1058931425 0.0783252642 0.1346404552 -0.0323174894 0.0519627407 0.0172142424 0.1531088799 -0.4118699133 -0.0542787723 -0.0529588945 -0.0183584765 0.2061593980 0.1113661155 -0.2201869339 0.0966267884 0.2467613965 0.0084208101 -0.0177030098 -0.0926187485 -0.0062661320 -0.2827868462 0.0041224449 -0.0332304016 -0.1628789008 0.0835861489 -0.0547859743 -0.2449581921 0.0332657993 0.0177227557 -0.4828749001 -0.1727944314 -0.1626100242 -0.1999048740 -0.5756208301 -0.0269331131 0.0246853475 0.2572917938 0.0216531977 -0.0266886391 -0.0184933115 0.0395201333 0.2510490417 0.0421514548 -0.3126650155 0.0435252041 -0.1256790906 0.2325853407 -1.1079529524 -0.3164348900 -0.0044010505 -0.0499936081 -0.2100565434 -0.0046721078 0.2745074034 0.0608619861 -0.0612640455 0.0478680059 0.0044845939 -0.0522985384 0.0477865711 0.3967314661 0.2076890469 -0.2610692680 -0.0904846936 -0.4024392664 -0.2577775717 -0.0274393447 0.1035086811 -0.1828424335 -0.0099734291 -0.0424834415 0.0773708895 0.0209912099 -0.0063576261 0.0104070604 0.0263392087 -0.1713425666 0.2764455080 -0.0296972971 -0.2358947843 0.3002072871 -0.0371606797 -0.0966111422 0.1571227610 0.1966621727 -0.0367604345 -0.2134318948 0.1361243874 0.1579604000 -0.2439405322 -0.5617156029 -0.4119326770 -0.0583523586 0.1649752259 -0.0737683699 -0.2421964854 0.2911569476 -0.7716645598 0.0106126331 0.1913446933 -0.1856464893 -0.1220909357 0.0000388419 -0.0836271048 -0.1763416827 -0.3331851661 -0.0345176011 -0.7414920330 0.1734870821 -0.1917972863 0.0570850633 -0.8343300223 -0.2352537811 -0.7700068355 -0.2801996171 -0.4576258063 -0.0536257289 -0.1788301617 -0.2576876879 -0.0572961941 -0.2925183177 0.3984283805 -0.0215415489 0.0503053665 -0.0243787114 0.1266924739 0.0473460332 0.0554175228 0.1540137231 -0.1214221418 -0.1618593931 0.0172326453 -0.1027174592 -0.4009996653 0.0827910602 -0.1051730365 0.2096484154 0.1395166218 -0.0422592685 -0.2453494966 0.3331846297 -0.1310547292 0.1178328022 0.0866915584 -0.0190653708 -0.4835234284 0.2096365690 -0.2020505965 -0.0089721661 0.0052680485 -0.3037852049 -0.5677989721 -0.0013251445 0.1291392446 -0.0096888598 -0.0069225081 0.1121494770 0.0059678811 -0.0177714247 0.0235120133 0.2795171440 -0.0491606481 0.0205204412 0.1791908592 0.1569967121 -0.0375359282 0.0655872971 0.0412466191 -0.8293748498 -0.4023693502 0.0262957066 -0.1981118023 -0.4913154244 0.1444272846 -0.4679573178 -0.1573352665 -0.0196674578 -0.0921785533 -0.0178468544 0.0448368713 0.1150481701 0.1556108296 -0.9906737208 -0.0862744972 -1.4746853113 -0.2145019025 -0.0179048106 -0.0197305158 0.1567802429 -0.0709148124 -0.0589491017 -0.0663057789 0.0194255207 -0.9746282101 0.0186724067 0.3023288250 0.2612706721 -0.1965427846 0.1308360100 -0.0408101007 0.2538882196 -0.1074153855 0.0139345229 -0.0345490314 -0.3273819983 0.0523033962 -0.0554433465 -0.1544405371 0.0682822391 0.2201452404 -0.1672714651 -0.0559959821 -1.0823942423 -0.0160096362 -0.0597613677 0.2810989916 0.0208902583 -0.7946503162 -0.0121339001 -0.7376136184 0.0118465833 -0.7541984916 -0.0305470526 -0.0200179592 -0.1648621410 0.0459449328 0.0860221907 -0.0662047789 -0.1428696960 0.0349313691 -0.4803541601 -0.2354085743 -0.7848334312 -0.0558212698 -0.1318601072 0.0504989922 0.1501024067 0.0026243704 -0.6791798472 -1.2389992476 0.0273554847 0.0130774193 -0.3797497153
-0.0141876750 0.0822600126 -0.0643955544 -0.0952036306 -2.0903418064 0.7035033107 0.2302002013 -0.3250328898 0.2559957802 -2.2813823223 -0.1390653700 0.1550504416 0.3931560218 0.1452752352 -0.6245310307 -0.0242339633 -0.0012630773 0.2338463366 0.0145851346 -1.4231027365 0.0771897733 -0.2098257393 1.0295504332 -0.0295052081 0.3708197176 0.4069084823 -2.3166565895 -0.2690998912 0.0315433592 0.0049169692 0.1754980385 0.3106037676 -0.0396532901 -0.1180780083 -0.1317114830 -0.1367234886 -0.2232983261 1.0311999321 -0.6873606443 0.0979977176 0.0927163363 0.0556426123 0.3965006471 0.2291128635 0.3087897897 -0.0382104963 0.0649944097 -0.0020502748 0.3993617594 0.1810165495 -0.0617606565 -0.0875204876 0.0673701763 0.1295412034 0.4026564360 0.1848393828 -0.1183492541 -0.1008256748 1.0988377333 0.0818049088 0.0220753606 -0.2110968977 0.0563453510 -0.0231568739 -0.0474631079 0.0345034488 -0.5934474468 -0.0147458939 0.4343910813 -0.4919231236 -0.2007834166 0.0236208886 -1.1183078289 -0.3068447113 0.0512816645 -0.5776033401 0.1902799755 0.0831205770 -0.1287653893 -0.1067735031 -1.5309493542 -0.1100427657 -0.0160018280 -0.0114260530 -0.1949399859 0.6964968443 0.0776363984 0.1978810281 -0.0908646211 0.4072076678 -0.0662531182 -0.1978857517 0.1628977954 -0.0269850548 -0.1807167679 -0.1039677635 -0.0009075550 0.2328462750 -0.0089982376 -0.0538101271 0.6466895342 -0.1801859289 0.8396113515 0.0552623570 0.5823595524 0.0994065031 0.2579533756 -0.7013971806 -0.1184848323 -0.4954276085 0.1220733151 0.4600622654 -0.3203746676 -0.2260566801 0.0387365073 -0.2524535954 -0.1906742156 0.0322404690 -1.1666904688 0.0641895905 -0.1937089562 0.2173864841 -0.0582267493 0.0988978222 0.8369738460 -0.1021025404 -0.0663854107 0.1762824506 -0.1162129715 -0.4376517236 -0.5261117816 -0.5061508417 -0.3012079895 0.0478793271 -0.0821923912 -1.5578033924 0.0154090971 0.3703418374 0.1187791005 0.0696399882 0.0551362783 0.0071223234 -0.4794116020 0.3352077603 -0.2185908407 -0.0921770334 0.1837760955 -0.1861453652 0.1224822775 0.3731390834 -0.0999256745 -0.1418035477 -0.6641926169 -0.0638871565 0.3109703958 -0.4945579171 -0.3431734741 0.4864349961 -0.5286029577 0.4329616427 -1.4815025330 -0.1008413360 0.8372405767 -0.3169760108 0.8000299931 0.5164101720 -0.5631420612 -0.0468573682 -1.9014365673 -0.3048571050 -0.4323694408 -3.0229635239 -0.0232886896 0.2788038552 -0.0269646049 0.0285455212 0.2233322114 0.0216852389 0.2912586927 -0.2121475637 0.0219480265 -0.4768811762 0.0571944192 -0.2438369244 0.2450872809 -0.6048769951 -0.2790654302 0.1698427647 0.3235256672 0.8401546478 -0.0210319851 0.4541424513 -0.5311650038 -0.9514189959 -0.2736667991 -0.3078968227 0.2647276521 0.7589195967 0.3784697354 -0.0197749287 0.0077162073 0.2691192031 -0.1185910404 -0.4071118832 -0.3626862764 0.1302508116 0.2478317618 0.7087114453 0.1528301090 0.6728656888 0.0486215837 0.3108778298 -0.7300861478 -0.0667952225 -0.0663540885 0.1159640476 0.1503667831 3.8958256245 -1.5797981024 0.1403213590 -0.1732801050 0.1276883036 -0.7134227753 -0.2939746082 -0.0435172468 -0.1650084853 -0.0226743370 0.0381873250 -0.1547631323 -0.1974627823 0.1784520894 -0.0999488309 0.0025453102 -0.3794868290 0.2019835711 -0.3710383773 0.0178140607 0.6584324837 0.2172445059 -0.0131155131 -0.0209769830 -0.5178377032 -0.2004217505 -0.3040236533 -0.1687581688 -0.0401176699 0.2144725174 0.3979918957 0.0225623995 0.4767684639 -0.3202898800 0.5226219296 0.0544974618 -0.3663543463 -1.2764238119 0.5018933415
-0.0637886822 -0.0015608970 -0.0250768587 0.0444205441 -0.0782010704 0.0188528746 -0.0070009828 -0.0160934795 0.0141835697 -0.0506002940 -0.0613750108 -0.0426090136 -0.0436549075 -0.0525775217 -0.0345202573 -0.0780629516 0.0598428808 0.0588408858 -0.0239746515 -0.0347843617 -0.0730330274 -0.0600849353 -0.0486643612 -0.0613120869 0.0205462947 0.0029332163 0.0216938462 0.0193942953 0.0411245264 0.0095231486 -0.0322201625 -0.0257775895 0.0351811722 -0.0196050238 -0.0175278708 -0.0171516165 -0.0241710860 0.0440154485 -0.0040743137 -0.0659114569 0.0107793938 -0.0278020650 -0.0281542391 0.0006410711 -0.0170366485 -0.0447410159 -0.0238876287 -0.0120536210 -0.0596530139 -0.0220319834 -0.0370521545 0.0027119168 0.0526013374 0.0023908594 0.0304637384 0.0054904222 0.0072165942 -0.0246456042 0.0310702845 0.0034729496 0.0343906879 -0.0700076520 -0.0622527748 0.0473590642 -0.0638708621 0.0053487509 -0.0103057092 0.0321520604 0.0585277230 0.0355586261 0.0297289770 -0.0624224767 0.0398450382 0.0216713957 -0.0225128159 -0.0548844039 0.0175220482 -0.0115313986 -0.0011399764 -0.0312937908 -0.0022812882 0.0014361452 -0.0095056593 0.0558470264 0.0306757390 0.0021268278 -0.0324230231 0.0508685671 -0.0504104421 -0.0142919729 -0.0676698759 -0.0681962669 -0.0372232087 -0.0360281877 0.0473476127 0.0180684309 -0.0474239029 -0.0322820991 0.0415721983 -0.0227599181 -0.0094517320 -0.0084262565 -0.0476287715 0.0015940072 0.0382916257 0.0414228104 -0.0099653471 0.0181768518 -0.0121745393 -0.0488408655 -0.0549488515 -0.0359874442 0.0300371107 -0.0304182731 0.0509294085 0.0201117024 0.0048167421 0.0248262286 0.0061021098 -0.0216858461 -0.0748842284 0.0311130434 -0.0584089383 -0.0462080166 -0.0301684141 0.0290122479 -0.0365714058 -0.0558953583 -0.0493391044 0.0238577947 0.0374678746 -0.0069801281 -0.0014958092 0.0483014882 -0.0472761057 -0.0428862497 -0.0388602391 0.0096368901 0.0054026367 -0.0445410311 0.0291225091 0.0600951426 -0.0231994856 0.0020814538 -0.0053961263 0.0008733326 0.0033191985 -0.0523187257 0.0412250422 0.0416763276 -0.0210188478 -0.0609424636 0.0112056108 -0.0416891649 0.0367253497 -0.0447859503 -0.0436150618 -0.0006113653 0.0016433030 -0.0704203770 -0.0768093541 0.0294707566 -0.0345824249 0.0503097512 -0.0571731068 -0.0560197681 -0.0126606682 0.0196225122 0.0480304658 -0.0719141811 0.0068217544 0.0484002903 -0.0479328185 0.0130077489 0.0107019078 0.0281710923 -0.0481960252 -0.0230520926 -0.0603725463 0.0361069255 -0.0225425251 -0.0681257993 0.0013933448 0.0273332819 -0.0501378141 0.0281762909 -0.0040080030 -0.0128764957 -0.0172147285 0.0190328676 -0.0475711152 0.0107118664 -0.0151911005 -0.0395103581 -0.0482736267 -0.0496194623 0.0260004569 0.0615764335 0.0062095756 0.0334016755 0.0081563424 -0.0388769396 0.0271147117 -0.0500403717 0.0304522049 -0.0221479293 0.0207601618 -0.0443277135 -0.0139966980 0.0353838466 0.0340905413 0.0236389041 -0.0067902952 -0.0566232726 0.0491599478 -0.0238476619 -0.0514871702 0.0075127510 -0.0414156467 -0.0673609674 -0.0154287573 -0.0534199513 0.0190248881 -0.0580595396 0.0252323691 0.0081549659 -0.0128265917 -0.0290543437 -0.0028051641 0.0067516714 -0.0483370386 0.0581333674 0.0235260725 -0.0153185371 -0.0308112632 0.0191787872 -0.0608957857 -0.0066884682 -0.0460910387 -0.0189402308 -0.0211968068 -0.0011392718 -0.0486738458 0.0201387294 -0.0106531214 -0.0442517027 0.0533549339 0.0123659056 -0.0475849286 -0.0109907845 -0.0339883976 -0.0540829413 0.0163155552 -0.0597166643 0.0346462689 -0.0542064011
-0.4204466641 -0.3779171407 0.0133168437 0.1784919947 0.1086612865 -0.0170051381 0.2083832175 -1.4524912834 -0.6295983195 0.1542105526 0.3085612655 -0.6648102403 -0.0244274251 -0.0475278720 -0.1879064888 -0.3292178810 0.1523065716 -0.0061924835 -0.6894689202 0.2787354887 0.1814982444 -1.0820565224 0.5253765583 0.0336289108 -0.1259556711 -0.2287603319 -0.9155507088 -0.0296492111 -0.0583438687 -0.0522995517 -1.4556527138 -0.6372668147 -0.5909360647 -0.1122610867 -0.3577919900 -0.0461163521 -0.0992143378 0.9324430823 -0.0092658401 0.0095467186 0.0373916365 0.0466203094 -0.4855092168 0.1070603952 -0.0300126672 -0.1902401745 -0.1295754761 -0.2964663506 0.1225819364 -0.0469208248 0.3353505135 -0.4075832069 -0.0693344399 -1.4269888401 0.3193733096 0.0252567809 0.2645914257 -0.0008201885 -0.4382112026 -0.8695246577 -1.0947389603 -0.8524821997 -0.4916693270 0.0499557182 -0.4896472394 -0.0974223614 0.0136599978 -0.6316786408 -0.1891019046 -0.0547596961 -0.6631142497 -0.0396716744 0.1372854710 -0.0357199460 0.2878739834 -0.2366373390 -0.1364985555 -0.4164232314 0.5188524723 -0.2143536061 -0.4099760354 -0.3686196208 -0.0126314908 0.0621820465 0.0457531139 0.0360689722 -0.6361690164 0.0016037553 0.8547306657 -0.0706296489 0.1854280829 -0.1167129055 0.0301071517 -0.3277976513 -0.0703333616 -0.7128871083 0.1827496588 -0.4911877215 -0.0551767498 0.0498850644 0.3642496765 -0.3616187572 0.2930923104 -0.5051992536 0.0107142674 0.2103115171 0.3534153700 -0.1478338689 -0.2154948711 -0.2548925281 -0.7933872938 0.5836643577 0.0957209319 -0.1471461505 -0.6797007322 0.1926672161 -0.2460781783 -0.1087960675 0.1450447887 -0.0346928686 0.0866855681 0.2854063213 -0.7338183522 -0.4028542936 -0.2367545068 -0.6155405641 0.0367560685 -0.2409764677 -0.3725885749 -0.2602597773 0.4370925725 0.0654793903 0.0308801383 -0.7319188714 0.5240756273 0.8279833794 0.0556190684 0.2240720540 0.0022156003 -0.0448759496 0.0176955089 0.8974745274 0.3315784931 0.0814675018 0.4757007062 0.5466632843 -0.7622017860 -0.1061872244 -0.0603025816 0.5775095820 -0.3246957362 -0.3361449540 -0.2875632942 0.5642304420 1.0740021467 -0.6228312850 -0.6414341331 0.5578320622 -0.5584973693 0.0588679053 0.0331446938 -0.2743983567 -0.6737515926 0.2034832984 -0.4251316786 -0.0667519942 0.4234147668 -0.0606406294 -0.0491696633 0.1818228364 0.1548235565 -0.6389874816 -0.0180479288 0.1294047683 -0.8809347153 0.0401222557 -0.1033031419 0.3547513187 0.0373901166 -0.1316066235 0.2057916820 -0.1666688174 0.0742964447 0.0984401256 0.5090287328 0.4798078835 0.0853667930 0.2835679352 -0.5093201995 0.2304010689 -0.1850396991 0.6249297261 -0.3908529580 0.7425580025 -0.4617060423 0.0460404903 0.2488360554 -0.3099249005 -0.5382521152 -0.0213075504 -0.1933184713 -0.6857357025 -0.1950957030 -0.1440037489 -0.1763975620 0.1043845564 -0.2691445947 -0.0748884752 0.6274703145 -0.2975192964 0.4435526133 -0.5258057117 0.1311420947 -0.0040345965 0.0163898487 -0.5883577466 0.3284778893 0.6496410370 -0.0028865635 -0.0507097952 0.0095628975 0.1298390180 0.7308705449 0.1240807548 0.3847243488 0.1062737256 -0.0454330631 0.0292619988 -0.0781900957 -0.1772510707 0.1136917174 -0.6474606991 -0.7769122720 -0.0434488393 0.3571840525 -0.2206466496 0.0568285286 -0.0203820411 -0.9894090891 0.2647314072 -0.3817225397 -0.0464534909 0.0581788011 -0.1124019176 0.2240476012 -0.2559391856 -0.0288628489 -0.3023590147 -0.0103756040 -0.5205383897 0.3322652578 0.3518824279 -0.9089154005 -0.1034402549 -0.1004525200 -0.3498208821
-0.1215254441 0.3210054040 -0.1185449138 -0.2145278752 -1.8349472284 0.0707484186 0.3255408406 -0.8533266783 0.0554371476 -2.3760640621 -2.4783432484 0.4764203131 -2.0754630566 -1.8678587675 0.8535597920 -0.2524616122 -0.2193297297 -0.0220352989 0.3065275550 -0.1957939565 -0.0539019965 -0.3513028324 0.6442317367 -0.0273052603 -2.5053422451 -0.9858164191 -0.7479985952 -0.9390406013 -0.8085688949 -0.5451785922 -0.9043861628 -0.2901237011 -0.5873954892 -0.4379381835 -0.2132936418 0.0455152243 0.0024972123 0.4347817004 -1.1837615967 0.2602924705 -1.0216579437 -0.0304930955 -0.7967816591 0.0582643002 -0.6330437660 -0.2304651737 0.1989028156 -0.2415615618 0.9298325181 -0.5512387156 -0.3278082907 0.5532173514 -0.3055085242 0.4648824334 -0.7648288608 -0.5944483876 0.1059821919 -0.2248912156 0.3452810347 0.2091523260 -0.2255613953 -1.4145933390 -0.2898869514 0.0570429899 0.1819956452 0.0472760014 0.3653011024 -0.1518232971 0.0017895311 -0.0859530345 -0.3315600455 0.0482498705 -0.2513199151 -1.1921062469 0.6300129294 -0.7413266301 0.2359289080 0.8938211203 -0.6413372755 -0.3441030383 0.9771305919 -0.5473264456 -0.0511465892 0.0559590831 -0.0458200686 -0.1160685718 0.6122294068 -0.2145635337 0.7741057277 -0.4239753485 0.8297017217 -0.7773728967 0.1360514760 0.1085079685 -0.0540978201 0.9969203472 -1.3710168600 -0.1056212708 0.0173288807 0.2840830982 0.4634085000 0.0999971628 -0.1742610484 0.1227110848 -0.2192535251 0.6587050557 0.3772517443 -0.3964846730 0.3445232511 0.6492285728 -1.6143643856 -0.6908838153 -0.8143339157 0.2464311570 0.2088611275 -0.2924592197 -0.3832786083 -0.2670658529 -0.3191259205 -0.3474794328 -2.5107448101 0.1983753145 -0.7326444983 -0.3781177104 -0.1349581480 -0.4231853783 -1.1880893707 -0.1359910816 0.3169913590 -0.4082491696 0.1788717955 0.0245973300 0.2589821517 -0.7813621759 0.1250731349 -0.6124172211 -0.0570323318 -0.7821252942 -0.4302878678 -0.0060153157 -0.0586422831 -0.9157665372 -0.1269608885 -0.2903215885 -0.2747932971 -0.2893291116 -0.0322005562 -0.3638101518 -0.0803643242 -0.6345162988 -0.6071805358 0.2280804664 -0.7959539890 0.4600064158 -0.4840839505 0.0337719321 -0.7056123614 -2.8764324188 0.2709320784 -1.5268743038 -0.2373727858 0.5412164330 0.0837032869 0.3655188680 -0.1322010010 0.8377767801 -0.4931857288 0.2632632256 0.6450669169 -0.6874756217 0.8347346187 0.7608844042 0.0522995740 0.6171666980 -0.5190074444 0.0537161231 0.5208714008 -0.8759890795 0.6464661956 1.3993123770 0.1344361156 -1.1100142002 0.4955817461 -0.1676729620 -1.2523838282 -1.1452569962 -0.4107542932 0.7011565566 0.2577279806 -0.2777352631 -0.1698834151 0.1809531450 -0.0453557372 -1.2122310400 0.4110893309 -1.0228819847 -0.3494984210 -0.9425402284 -0.1105900556 0.0174614191 -0.6750081182 -0.0464363359 -0.2057538182 -1.2787030935 -0.8751133680 0.6877310276 -1.3241357803 -0.0539987497 0.1769382060 -0.5501998067 -0.5662245154 -0.4454569817 0.0046708118 0.0991203934 -0.0232286081 -0.0432258844 0.8914960623 -1.8954029083 0.4681414664 -0.3992964923 -0.6028823256 -0.2674911320 -0.3784278631 0.5893130302 0.1237966567 1.0769085884 0.3860091865 0.0060598627 -0.8805304766 0.0499008596 0.6866286397 0.4645704627 -0.0459290929 -0.5880865455 0.2591584623 -0.1460131109 0.0370813981 -0.2294910699 -0.3590842187 -0.5602343678 0.5015490055 -0.2750058472 -0.0539709963 -0.6954329610 -0.3390381038 0.6256275773 -0.1604135334 0.0886304602 -0.0255567506 0.1672596484 -0.2722508907 0.8888052702 -0.2846497297 -0.4058526456 0.4022251666 -0.3685404956
0.0393758714 0.0114621520 0.0099949688 -0.0515797585 -0.0065118414 -0.0404529572 0.0029988810 0.0514826030 0.0322581381 0.0078942217 0.0083371112 0.0104699004 0.0383317098 -0.0462491363 -0.0272514634 -0.0340972655 0.0601916537 0.0547625497 -0.0149496337 0.0136516495 -0.0604421347 0.0213219877 -0.0214976519 0.0526962206 -0.0732103959 -0.0258737449 0.0055514034 -0.0030735508 -0.0378781967 -0.0021186471 -0.0012181458 -0.0015154025 -0.0671716258 -0.0270683933 -0.0003147747 -0.0472155064 0.0213867426 0.0527074076 -0.0526462309 -0.0626408309 0.0414943807 -0.0384627134 0.0486919396 -0.0668835044 -0.0300119631 -0.0898475647 -0.0373335183 -0.0348860659 0.0289858002 -0.0336972736 0.0128817977 -0.0106089721 -0.0001298096 -0.0427576303 -0.0114365453 -0.0163860377 -0.0172614455 0.0119846240 0.0447529480 -0.0862689391 0.0395541899 0.0104115289 -0.0315808468 0.0012341067 0.0108911060 -0.0484961122 0.0023303640 -0.0199769530 0.0430346951 -0.0337750241 -0.0566290803 -0.0330505893 -0.0282728653 0.0361779481 0.0195748564 -0.0685178414 -0.0542651862 -0.0053176135 -0.0592935607 -0.0446519032 0.0349297076 0.0311847571 0.0156491771 -0.0317406282 -0.0098199965 -0.0485531241 -0.0081278104 -0.0686746165 0.0143949809 -0.0210637841 -0.0670060962 -0.0078391386 -0.0126210488 -0.0712057352 0.0308388695 -0.0211536754 0.0164860301 -0.0205214061 -0.0520587787 0.0370152555 -0.0273640826 -0.0407410599 0.0034627405 0.0135845020 -0.0150763923 0.0164470393 0.0100467196 0.0101052346 -0.0614549108 -0.0405554958 -0.0625024587 0.0465194508 0.0248707365 -0.0654622763 -0.0204843227 0.0312813371 -0.0349043347 -0.0611360446 -0.0453381427 -0.0362871140 0.0084714461 0.0138238389 -0.0492985025 -0.0445483215 0.0095217228 0.0142075066 0.0200315528 -0.0296246987 -0.0228992868 0.0400586240 -0.0352558941 0.0090270014 0.0218138117 -0.0105781732 -0.0695860535 -0.0719050243 0.0101288781 0.0061815227 -0.0156895574 0.0530269369 0.0217330605 -0.0420144610 0.0015623033 -0.0103982780 -0.0028654817 0.0152404746 -0.0531361252 0.0042909854 -0.0258019231 0.0124733299 -0.0324595198 -0.0536386296 -0.0604716539 0.0059256032 -0.0653456375 -0.0097538922 0.0390186384 -0.0501859486 0.0103631457 0.0362162553 -0.0717832744 0.0149719147 0.0077904356 0.0356922522 -0.0244407952 -0.0464195609 -0.0358243585 -0.0559645034 0.0185648408 -0.0457789749 -0.0461456627 -0.0545499697 0.0277385563 0.0197688919 0.0227449890 0.0452571213 -0.0820003748 -0.0251397137 0.0518813506 -0.0759391487 -0.0418151356 -0.0547520705 -0.0807566568 0.0051881610 -0.0024996379 -0.0521708280 -0.0736893788 -0.0808998272 0.0185693502 -0.0100383833 0.0290037170 -0.0247981623 -0.0893157423 -0.0418915153 0.0420270935 0.0165855680 -0.0625154153 -0.0583372787 -0.0584331453 -0.0280510709 -0.0017849599 0.0196175016 -0.0749810860 0.0217251852 -0.0617457479 -0.0043771355 -0.0657233819 0.0364706442 -0.0049112472 0.0511400439 -0.0328685194 -0.0770286992 -0.0440115258 -0.0172244180 0.0388605520 -0.0157537758 -0.0324195921 -0.0504816286 0.0076941773 -0.0543805249 -0.0291204061 0.0061659236 0.0513181537 0.0374023840 -0.0740515441 -0.0226551592 -0.0096845254 0.0295356810 -0.0019958112 0.0316887572 -0.0669992268 -0.0367720686 -0.0619460419 -0.0349887498 0.0530943274 -0.0023899900 -0.0044932365 -0.0774168223 -0.0692799315 0.0121292677 0.0055189463 -0.0361092687 0.0046777949 -0.0688994154 0.0190772898 -0.0712582916 0.0377900451 0.0394074209 -0.0132694244 -0.0779828131 0.0002308238 -0.0515339226 -0.0145111158 -0.0237895548 0.0104959803 0.0142386490
-0.0426590815 -0.0058882064 -0.0142171588 0.0295364875 -0.0530631281 0.0252866559 -0.0015706160 -0.0573151670 0.0345158987 0.0024094139 -0.0282808878 -0.0771823004 -0.0258445386 -0.0461409315 -0.0446406081 0.0020423473 0.0200339295 0.0051644766 0.0250138510 0.0107607115 0.0134163145 0.0079161897 0.0151563510 -0.0518406779 0.0321018659 -0.0035812189 -0.0788068622 0.0543459989 0.0511953458 -0.0080701215 -0.0742807984 -0.0764242560 0.0038269565 0.0332889855 -0.0755038336 -0.0003956780 -0.0655844361 -0.0007241449 0.0348544046 0.0104041835 -0.0344985165 -0.0076656640 0.0161079969 -0.0176319666 -0.0541626438 0.0219361391 -0.0023334592 -0.0175201800 0.0374289043 -0.0138043528 0.0094853155 0.0039752182 0.0102981236 -0.0317060761 0.0177608319 0.0614809021 -0.0525536686 0.0318983123 0.0314236768 0.0281943753 -0.0503051020 -0.0827285722 0.0434394442 -0.0510463603 0.0295399427 -0.0565879792 0.0471083298 -0.0380895287 0.0130638462 -0.0187215582 -0.0369550921 -0.0055733696 0.0415425859 0.0381521322 -0.0578909852 -0.0643740892 -0.0123911779 -0.0322198980 -0.0141176144 -0.0001432878 0.0008625429 -0.0057324655 -0.0441653281 -0.0237330720 0.0179559402 -0.0390831605 -0.0366416872 -0.0163576063 -0.0647719055 -0.0756935924 0.0326805972 0.0037120683 0.0209328122 0.0106587885 0.0208018161 -0.0077034449 -0.0323666371 -0.0536135323 0.0318049341 -0.0612974763 -0.0090311803 -0.0087346220 -0.0509914570 0.0001106767 -0.0745004416 -0.0092932573 -0.0492939204 -0.0441205278 -0.0738402829 -0.0046678656 -0.0523282327 -0.0545832105 -0.0471238978 -0.0646444783 0.0113306241 0.0172950365 0.0317001417 0.0023850221 0.0177798588 -0.0440076031 -0.0953466594 0.0160017386 0.0042465930 -0.0790525004 -0.0619585700 0.0224821046 0.0124960309 0.0337305740 -0.0707089528 0.0005282319 -0.0514154285 -0.0203168187 0.0469367355 -0.0144683886 0.0383497737 -0.0651401579 0.0565823242 0.0581976213 -0.0054504760 0.0457691774 0.0167135894 0.0036286025 -0.0238651279 -0.0799685791 -0.0454168692 -0.0390710123 0.0102527514 0.0449222215 0.0357334949 -0.0104425084 -0.0696388036 -0.0051887184 -0.0364963524 -0.0324120112 -0.0888928995 -0.0343658924 0.0240236260 -0.0567082390 -0.0766383484 0.0217862967 0.0064389552 0.0400089920 -0.0706591457 0.0296537876 -0.0085886559 0.0325455330 -0.0666067526 -0.0065980055 0.0350605734 0.0261544641 -0.0082279500 0.0155681241 0.0375571996 0.0458126850 0.0170608405 -0.0600684732 -0.0300368890 -0.0228806473 -0.0192411356 0.0502423905 -0.0662060902 -0.0735948682 0.0115946131 -0.0841363594 -0.0825629830 -0.0535238534 -0.0193283111 0.0055775223 0.0189945363 0.0248120483 0.0035727003 -0.0765202045 -0.0379126556 0.0411619060 -0.0507705547 -0.0002506179 0.0055228742 -0.0574208461 -0.0260096956 0.0075842366 -0.0229062252 -0.0556384437 -0.0534702763 -0.0302237924 0.0159032829 0.0321772620 0.0086034536 -0.0441987626 0.0126299886 -0.0475103743 -0.0209383480 -0.0243745558 -0.0271526203 0.0125553189 -0.0339813940 -0.0180636682 0.0247421488 -0.0311497264 0.0177023951 -0.0402216390 -0.0737791955 0.0136909913 0.0278821085 -0.0403355956 -0.0247328691 -0.0702241138 0.0551862195 -0.0351124778 -0.0174738057 -0.0482673571 -0.0683255345 -0.0055433121 -0.0207013860 0.0034524801 0.0176299829 -0.0204046890 0.0292187259 0.0216670930 -0.0283693746 -0.0029789458 -0.0161324460 0.0067892405 -0.0487483963 -0.0591145270 0.0352383479 -0.0618028194 -0.0219916031 -0.0708049089 -0.0069018453 -0.0401611142 0.0398871005 -0.0705673695 0.0010511198 -0.0132975364 -0.0209306590 0.0235079881
0.2495632619 0.3314240277 -0.3691905439 0.6142679453 -0.3040392399 0.3407076597 0.7588649988 0.5974019766 0.0226847101 -0.0755399093 0.2557303905 0.8897499442 0.7257626057 -0.5596644282 0.3919954002 -1.4313095808 1.0378526449 -0.1499387473 1.0589396954 0.1118939817 -1.4111099243 0.2544223368 -0.6403793097 0.0171204209 -1.1192197800 1.2986185551 -0.7517225146 0.8145755529 -0.0273450837 0.2816024423 -0.0834909230 -1.4632737637 0.9303160906 -0.5341473222 -0.3414239585 -0.2390865833 -0.0842529386 -1.2622202635 0.0889681429 -0.2312327325 1.0773495436 -0.0137093598 0.4327067733 -0.7564994693 -0.1467126012 0.2155705243 0.4981708229 0.1145146489 0.2766137123 0.2452575713 -0.2503862977 -0.7102301717 0.1510716826 -0.1657857299 -1.7163338661 0.3109128773 -0.0442160368 -0.3884148300 -0.4288448691 -0.4700747728 -0.1424788386 0.3224499822 -0.7568261623 -0.0610604249 0.1470405310 -1.5111880302 -2.6124103069 -0.5909757018 -0.1973211616 0.1124494448 1.1813902855 0.0311115682 -0.7526670098 -0.2133053690 -0.0519093797 -0.3013207018 0.9131523967 0.7413544059 0.2035589367 -0.1687478274 -0.5153697133 0.6429844499 -0.0401145220 0.0178641751 -0.5348578691 0.5105429888 -0.3128151596 -0.1264428049 -0.3300392628 1.5690569878 0.3940984905 -0.7856923938 -0.6900119185 -0.1278662831 -0.5255988240 0.0143811032 -1.3791284561 0.6952064037 -0.0099076405 -0.4551783800 1.3707079887 -0.0567809828 -0.3199073076 -1.6303802729 -0.3783981204 -0.3785639107 0.5024205446 0.6833050847 -1.1491078138 0.3828899860 0.0943613946 -0.7115344405 0.2056774497 -0.5905261040 -0.8296108842 -0.4387983382 0.3822597861 0.3223144412 -0.0713629723 0.6142041683 0.1706064641 -1.9584361315 -0.3055130839 0.5538182855 -0.3011326790 0.4876239002 0.8667144179 0.3735027611 1.4208463430 -0.2729302943 0.5324621797 0.3409518301 -0.0323843695 0.4928332567 0.6271271110 0.5401069522 0.0347825214 -0.7884333730 -1.1064769030 -0.0339012146 0.0157982409 -1.0790772438 0.1676965207 1.6803010702 -0.0395090766 -0.4245829880 0.2673788071 0.5437693596 -1.3267407417 0.2566123307 -0.4496825635 -0.1702352613 0.1510296762 -1.0976899862 -0.1591893733 -1.7415889502 0.2093457729 -0.7986887693 0.1365275830 -0.2027323842 -0.4116397202 1.2615277767 -0.3561578393 -1.6875921488 -0.0899710506 -0.3604311943 0.8751036525 -0.3353592753 -0.1044585407 -1.6044694185 -4.2850227356 0.1400441229 -0.0006692708 -0.1305371374 -0.0821217373 0.0004476532 -0.5292897224 0.9501665831 0.2175155431 -0.4319324791 0.1014573425 0.9067468047 -0.1827779412 -0.5562285781 -0.5891311169 -0.3287442327 -0.0983860940 0.5794672966 -0.6919107437 -0.3302796483 -0.3409805298 -1.4365948439 0.9521975517 -1.5551860332 -1.4533038139 0.2812607288 -2.0666468143 -0.2877056599 -0.2964141965 -0.0192010254 -0.1791880429 1.3449701071 0.1328078359 0.2061041892 -1.5407243967 -0.0919126794 0.5908856988 -0.9887005091 0.4309036136 1.3161220551 -0.6015186906 0.1270622760 0.2938737869 0.0635026097 0.2583969831 0.5141828060 -0.3000876606 -0.8715554476 -0.1708368659 0.1567977518 1.1607154608 -1.9275391102 0.6858541369 -1.0737628937 0.4128781855 0.6631029248 -0.5858850479 -0.0440375060 0.0227253884 -0.3217798173 0.2007062137 -1.1262115240 0.1720516086 -0.4157011509 -0.7527793050 0.3040634990 -0.0538389906 -0.4557306767 0.4957129657 0.5034377575 0.2268939316 0.7971730828 1.1492475271 -0.7607114315 -0.7191756964 0.8856127262 0.2737439275 -0.6675136089 0.0046670064 -1.8008691072 -0.0606858060 -1.8810905218 0.0661506876 0.0527512617 -0.0189995132 0.2192731202
-0.1223276407 0.0212805923 -0.0546793938 -0.1687454134 -0.3776862323 -0.0358839035 -0.0903348178 -0.1043337286 -0.0230110623 -0.1518736184 -0.0308856387 -0.0067243865 -0.4910702705 -0.0776683465 0.1481494457 -0.2374123484 -0.1088051349 -0.0339476466 -0.3094514012 0.0551978685 -0.1176012829 -0.1846092492 0.0916689783 0.0324611068 -0.1181430146 0.1714280546 0.1888062507 -0.0947554260 -0.1323480457 -0.4217444956 -0.1039853171 -0.2885643244 -0.4151619971 -0.0862071961 -0.3759930432 0.0174412131 0.0599524789 0.2469242066 0.0577076524 0.2226289362 0.0427685156 0.0490070805 -0.1172581390 -0.0159805417 -0.0492087342 0.0008472630 -0.3494050205 -0.0408202000 -0.0951362848 -0.6625916958 0.0092147952 -0.1447106898 -0.0608977452 0.1091540232 -0.1896101981 0.0800254568 -0.1602255851 -0.0279400870 0.1671848446 -0.1049114615 0.1050934717 -0.3122962117 -0.4077260196 0.0338274129 -0.0204493459 -0.0100438101 -0.6346437931 -0.4122926593 0.1714234650 0.0263263434 -0.2762643695 -0.0337587222 -0.2633806169 0.0426282175 -0.0880533308 -0.4465859532 -0.2781915367 -0.5779681206 -0.3452809453 -0.0704941005 -0.0793824047 -0.1845464855 -0.0581922755 -0.0025339201 -0.0502432548 0.2270817161 0.0285549611 0.0170087591 -0.1460999250 0.0774734542 -0.2479557991 -0.0484796241 0.6925476789 -0.3048794568 -0.0377012938 0.4045757055 -0.3084550500 -0.3775567710 0.0026739687 -0.1454905421 -0.2124111205 -0.0011965316 -0.0402089134 -0.1315759122 0.1357167214 -0.1061176881 -0.2132508308 0.1625923365 -0.0173893161 -0.3208887577 -0.4505990744 -0.1108167171 -0.0637730286 -0.0530630648 -0.1093780398 -0.3763496578 -0.5138199329 -0.0511814915 -0.0234100726 -0.0587402657 -0.3851045370 -0.1136754379 -0.4895569384 -0.3398410082 -0.0002597238 -0.4542284906 -0.3748332560 -0.1323937029 0.6259110570 0.0787498653 0.0523674376 -0.1407711357 -0.0483346581 -0.2719699740 -0.0674268827 -0.0045270612 -0.0168685466 -0.0180529077 0.0464277081 -0.0427484363 0.0019438565 -0.0975845233 -0.3190415800 -0.1235499233 -0.3617962301 -0.0975624025 -0.3744248152 0.0430574007 -0.0119618708 -0.0944478437 -0.0925166905 -0.1775660515 0.1872511357 0.1430003345 -0.1355199516 -0.4184766412 -0.5146081448 -0.0840582028 -0.0999647155 -0.2145666331 -0.3768002689 0.2027922869 -0.3625840843 -0.2171547562 -0.2222121507 0.0064437315 0.2656136751 0.0350111276 -0.0162425339 -0.0041671032 -0.0118037239 -0.0126293851 0.0332054421 -0.0956694409 -0.4919385612 -0.0514598861 0.1516301781 -0.0726966187 0.0105902925 -0.1213063598 -0.0494847819 -0.3737027943 0.3085955381 -0.2305953056 -0.0901942104 0.3286006451 -0.2078482360 0.3422119319 -0.0561257079 -0.1558123976 -0.0490843281 -0.0222676434 -0.0465623252 -0.0144691905 0.0952951536 -0.1160268411 -0.0126858111 -0.1046734676 -0.2787351608 0.0571532845 -0.0826290250 -0.2339800149 -0.5474367738 -0.5646408200 -0.1258840412 -0.1812808514 0.0177665073 -0.0337509140 -0.0662495717 0.1651923954 -0.0390843824 0.0100857858 -0.1258170754 -0.0026243513 -0.0135145811 0.3139357269 -0.5107674599 -0.0784321278 -0.0557464808 -0.2725925744 0.0204797797 -0.1800189912 -0.4492668509 -0.0419507548 -0.1316489875 0.3291319907 -0.0241987109 -0.0577292442 0.0709096268 0.0303340741 -0.0367438942 -0.1831509769 -0.0417431183 -0.0028884341 0.0917340294 0.1640610397 -0.0335166752 0.0127861444 -0.3680341244 0.3374363184 -0.2206006497 -0.0696083680 -0.0448130891 -0.3503807783 -0.5347077250 0.4785206020 -0.0380426198 0.0986472219 0.0216282532 0.4611601830 -0.1171986461 0.1299180239 -0.5053051114 -0.0083028972 -0.1482761353 -0.3182770312
-0.0466021672 -0.0575654246 -0.0027501881 0.0327665061 -0.0115107084 -0.0581593700 0.0252917726 0.0465370938 0.0453100540 -0.0150862141 -0.0634422079 0.0079709599 0.0220869072 -0.0471379124 -0.0322598666 -0.0490671806 -0.0615785122 0.0221153423 -0.0787665173 -0.0772952139 0.0012136197 0.0427874140 0.0236002356 -0.0574282259 -0.0300943125 -0.0460213721 0.0300119221 0.0048500947 0.0281462222 -0.0595055744 0.0379198194 -0.0170465577 0.0242449641 0.0070712566 -0.0312645473 0.0620536730 -0.0329021662 -0.0273116231 -0.0036587173 -0.0001139361 -0.0457214266 0.0312199295 -0.0594098046 -0.0465400591 0.0280430615 0.0185704250 -0.0631549656 -0.0061894921 0.0419794098 0.0289861057 0.0040747859 -0.0581136346 -0.0086732805 0.0333085358 -0.0636798814 -0.0409549251 -0.0633670837 0.0129121710 -0.0071462756 -0.0080535840 -0.0319039635 -0.0917550996 -0.0154159032 -0.0451821089 0.0042644702 0.0212174188 -0.0483958796 0.0241768565 0.0433601812 0.0485360324 -0.0722803324 0.0516527742 0.0348248370 -0.0704333931 -0.0058313753 -0.0142104942 -0.0104459627 -0.0383310206 -0.0389084704 -0.0808730796 0.0223224703 -0.0002857423 -0.0200357437 -0.0098285899 -0.0653386787 0.0056005060 -0.0037216896 0.0321720466 -0.0506794862 -0.0587280542 -0.0022912165 -0.0005263654 0.0243611000 0.0445922092 -0.0577981584 -0.0383203626 -0.0572093092 -0.0610787235 -0.0008449331 -0.0446095094 -0.0487704501 -0.0177578591 0.0081554996 -0.0345809571 -0.0232435297 -0.0371693447 0.0181383789 -0.0578731596 -0.0023922750 -0.0322569050 -0.0547018275 -0.0678783283 0.0294843838 -0.0000434223 -0.0540068969 -0.0431032963 -0.0529089384 0.0234602205 0.0460454300 -0.0402447581 -0.0592889823 -0.0649013072 0.0294570997 -0.0225643255 -0.0369971730 0.0198811423 -0.0347065665 -0.0464276336 -0.0307700299 -0.0182166696 -0.0237327684 -0.0079904832 -0.0569259077 -0.0201038104 -0.0079614781 -0.0366566442 0.0267861858 0.0404189825 0.0495193824 -0.0244061500 -0.0026844069 -0.0569462776 -0.0162166860 -0.0621314794 -0.0695792437 0.0187175181 -0.0356353745 -0.0223648287 -0.0244509857 -0.0558548570 -0.0059864298 0.0425661951 0.0423502438 -0.0796937346 0.0434715115 0.0080817714 0.0140827131 -0.0533943959 0.0203985963 -0.0390903875 0.0391256660 0.0213464852 -0.0378661044 0.0207464546 0.0202710982 -0.0345737189 0.0255730227 0.0350174606 -0.0513264984 0.0151091041 -0.0063321972 0.0369933844 0.0291642174 0.0260909870 -0.0428915806 -0.0208888277 0.0181640591 0.0126644289 -0.0333469398 0.0052782493 -0.0687836558 -0.0521912500 0.0262256339 0.0337525010 -0.0024941047 0.0428619199 -0.0309122596 -0.0526851304 -0.0208693575 0.0426837616 0.0119390590 0.0018045580 -0.0520621687 -0.0399354696 -0.0496102795 -0.0080145169 0.0307283960 0.0209043417 0.0012627000 0.0234702826 -0.0283999704 -0.0216795355 0.0173806231 -0.0872217640 -0.0396822058 0.0009060234 -0.0710867196 0.0279641692 -0.0310576130 -0.0479986593 -0.0384579636 0.0339613929 -0.0417720675 -0.0195349976 -0.0805425271 0.0339816064 -0.0140765309 -0.0492747799 0.0254793093 -0.0698423162 0.0203521904 -0.0465697907 -0.0061651394 0.0182059407 0.0058337646 0.0336965695 -0.0061219335 -0.0267248303 -0.0816827118 -0.0177205428 0.0011347174 -0.0401130468 -0.0382622853 0.0456313118 0.0616620779 0.0533525944 0.0116396472 0.0205219686 -0.0523917899 -0.0395482518 0.0379408002 0.0443308428 0.0385486819 0.0144248828 0.0163723771 -0.0564190373 0.0590241849 0.0003118997 -0.0492425263 -0.0553258359 0.0247743018 -0.0751839504 -0.0199957155 -0.0641340017 -0.0551570542 -0.0089300768
-0.0877764001 0.0357330777 -0.0226185322 -0.0399936140 -0.0621804632 0.0333306566 -0.0072138603 0.0027194356 -0.0143004879 0.0133131454 -0.0289956499 -0.0398349725 -0.0150404833 0.0230636429 0.0379908793 -0.0273407698 0.0358328186 -0.0260238722 0.0066739838 -0.0431447588 -0.0720471740 0.0161627252 -0.0469122007 0.0310427994 -0.0057760654 0.0302553698 -0.0199130513 -0.0430099033 0.0163775906 -0.0082740560 -0.0555117242 0.0292469878 0.0228196550 -0.0354341827 -0.0497705303 -0.0102930292 -0.0301107392 0.0004724901 0.0183096603 0.0516175553 0.0418548658 -0.0506082326 -0.0619041994 -0.0638081953 -0.0295040831 -0.0238553975 -0.0746807307 -0.0449993722 0.0115932683 -0.0521817207 -0.0054769046 0.0113971140 0.0521262288 -0.0669959337 -0.0154839102 -0.0252197981 -0.0797011852 -0.0201849863 0.0384038277 0.0238486305 0.0039220415 -0.0319316909 -0.0607406721 0.0399295390 -0.0489232689 0.0617195740 0.0473200828 0.0163461231 -0.0187936276 0.0243928600 -0.0366100334 0.0518311709 0.0081636673 -0.0343780555 0.0082724327 -0.0539664365 0.0398709923 -0.0074091209 -0.0195922703 -0.0471624471 0.0009113493 -0.0314542428 0.0508102328 0.0375799611 0.0174610578 0.0047542998 -0.0465671271 -0.0249898061 -0.0918756649 0.0419905074 0.0264474191 0.0171832014 -0.0052654766 0.0139108514 -0.0378739461 -0.0490636751 -0.0535183065 0.0372151025 -0.0449001044 -0.0331623927 0.0407636911 -0.0846291557 -0.0454143584 0.0274820328 -0.0555569716 -0.0480557606 0.0131045412 0.0545841269 0.0104344198 -0.0621626265 -0.0741992369 -0.0530974604 0.0563582182 -0.0668258518 0.0279975571 0.0131286336 0.0048458274 -0.0308325347 -0.0154442163 0.0365691856 -0.0265444797 -0.0471241772 0.0279471967 -0.0292530619 -0.0308029018 -0.0155821554 -0.0126714781 0.0499022976 -0.0411219373 -0.0563791059 0.0150062982 0.0467962250 0.0046114940 -0.0524373651 0.0106080007 0.0135705248 -0.0115072280 -0.0484325811 0.0279850215 0.0456917137 -0.0056171119 0.0436295010 0.0167672466 -0.0155463731 -0.0879208744 0.0431731604 0.0155639425 0.0337315314 -0.0311461687 -0.0225550216 -0.0221646652 -0.0300429612 -0.0224280413 -0.0079202903 -0.0553934164 -0.0333786868 0.0359386578 0.0536803678 0.0207872111 0.0427077562 -0.0507875122 -0.0612662509 0.0156127987 -0.0491880067 0.0176048409 -0.0364141501 0.0272834469 -0.0534069166 0.0194033142 0.0439537503 0.0136453845 0.0307225659 -0.0575667098 -0.0546217076 0.0404465124 -0.0494191125 -0.0851019770 -0.0634137988 -0.0522868112 0.0392183587 -0.0088553857 0.0296502654 -0.0575138479 -0.0310286134 -0.0112974867 -0.0545696802 0.0427232124 -0.0654092208 0.0521391928 0.0389247723 -0.0134714395 -0.0240869615 -0.0467316173 0.0429339074 0.0067971549 -0.0066163410 0.0173807852 -0.0020036995 0.0121203139 -0.0241669938 -0.0629552826 -0.0262198802 -0.0166799668 0.0297410525 0.0149372350 0.0013009940 0.0393813290 -0.0325278156 -0.0381690301 -0.0107755596 0.0134789944 -0.0082359305 0.0595626459 0.0306833554 -0.0770727694 0.0378040746 0.0546589270 -0.0442119241 0.0399512798 0.0097123533 0.0285031982 0.0115164220 -0.0553855337 -0.0337970108 0.0141214365 0.0178686734 -0.0421375334 0.0217620730 -0.0458771177 -0.0558632463 -0.0380813032 0.0254858583 0.0290248040 -0.0622534044 -0.0301690530 -0.0503727794 0.0620865598 0.0057938369 -0.0293460935 0.0066946940 0.0488199368 0.0195176266 0.0125256777 -0.0581688620 -0.0902826935 0.0174230300 -0.0159745738 0.0045734779 0.0602641851 0.0408215895 -0.0024889952 0.0187467076 -0.0882819220 0.0420643203 -0.0464370511 -0.0742377117
0.6884159446 0.3916320503 0.1436035335 0.0737211630 -1.0518462658 1.1224657297 -0.1923886091 -0.1172131523 -0.8148769140 -0.1196373552 0.2777575552 -1.9300622940 -0.2808501124 -0.1404363513 0.8190485835 0.2307244241 -0.5908032656 0.0447780602 -0.2924557328 0.3221642673 -0.7666649818 -0.2027521133 0.4680970311 -0.0586270839 -0.3958335519 -0.7598328590 -0.0618347973 0.0509753972 -1.4651952982 0.0527737103 -0.6155607104 -0.4474303424 -0.7627465129 -0.0062753516 -0.0456327237 -0.2843838334 0.0917881131 0.0066735307 0.5074881911 0.9870508313 -0.5001692176 0.0585686937 -0.0605799742 -0.0728095025 -0.3782272339 -0.0609596148 0.2722876370 0.1206421554 -0.9283153415 -0.4642683864 -1.0170987844 1.2642259598 0.5945983529 -0.0774384663 -0.3886154294 0.5878023505 -0.7087289691 0.0897378772 -1.2386806011 -0.7114480138 -0.7317674756 -0.1879723817 -0.4082286656 -0.0060503953 -0.6308834553 -0.4184364676 -0.3289681375 -0.2296957523 -0.5065895915 -0.2006653249 -0.4983122945 -0.0082634166 -0.0955927074 -0.4588708580 0.1836356670 -0.1553888321 -1.3737218380 -0.4913793802 -0.2707183361 -0.4600890577 -0.2733964324 -0.1617195308 -0.0226403624 0.0367192253 -0.8723549247 0.0530898459 -0.1650215834 -0.6267935634 -0.6251580715 0.4095414281 -0.3033415973 0.0635080114 -0.0652697608 -0.6622717381 0.4744350612 -0.5269514322 -0.3752094805 -0.2771506906 -0.0205827132 -0.0392572470 0.5671331882 -0.6184789538 -0.3417393267 0.4101469815 0.0713350400 -0.9309582114 0.4567869902 0.2660605907 -0.0375538245 -0.5223171711 -0.1596629918 -0.5939502120 -0.0881071985 -1.3789634705 -1.1110428572 0.0000543164 0.0542728156 -0.1038944349 -0.0652158856 -0.2885162234 -0.2489710301 0.0144776311 -0.2042977065 -0.3723300397 0.0105981333 -0.2210344970 -0.2354344875 0.2607683539 -0.6475312114 0.1695856899 0.1235022619 -0.3027726412 -0.2384433299 -0.2124275565 -0.8709365129 -0.2197616994 0.0369415283 -0.0130852051 -0.1978407204 -0.0566931218 -0.0064892620 -0.3238405287 -0.4116995633 -0.7593146563 0.3983880281 -0.1566803008 -0.2274927944 -0.3331619203 -0.4853288531 0.0228667054 -0.0794822797 0.0554407500 -0.2319835126 0.3144459724 0.0931345522 -0.3622375131 -0.7713773847 0.0314408764 -0.4083697796 -0.1303207129 -0.0907597467 0.5793069005 -0.2234335542 -1.4646853209 -0.8067574501 -0.2380197346 -0.1000196412 0.2408451289 -0.1208961904 -0.3182089925 -0.1466701627 0.2527462542 0.0479248762 0.8270471096 -0.6711128354 0.0278037786 0.0728620812 -0.5635313392 -0.7278131843 0.2005508542 0.2428390533 -0.2184013277 0.4324055314 -0.4436852038 -0.7071807384 -0.3662296236 -0.3102352619 -0.3794875741 -0.4005034864 0.0909232050 -0.4324423373 0.1223928779 -1.1575305462 -1.0199254751 -0.3913568556 0.7345487475 0.1912119836 -0.0736697391 0.0515872613 0.0205050334 0.1513760090 -0.4727102816 -0.1078356057 -1.1572043896 0.0543779321 -0.8014988899 -0.3755297065 -0.7803279757 0.4201906323 -0.5038128495 0.6485137939 -0.5579172969 -0.1721709520 0.0340167582 -0.0938173458 0.0899378285 -0.8225947022 -0.0719851479 0.0034655195 0.1097676903 -0.2637533545 1.0218228102 -0.4741978347 0.5967279673 -0.2234923542 -0.0364740118 0.0734681413 -0.0179920718 -0.3703503907 0.4438401163 -0.6814620495 1.0263354778 0.1482306123 0.2561748624 0.2124779820 0.2455375344 -0.0224827081 0.6502785683 -0.0343685485 -0.1976000071 -0.0836791694 0.0270442069 -0.2130748928 0.0883489475 0.2441883534 0.5328511596 -0.3905068040 0.7334342599 0.0160777941 0.1435130388 -0.4994108081 0.3123880029 -0.6395368576 0.6175287962 -0.0010449404 -0.4650376439
-0.3299584985 -0.9192186594 0.1262515783 0.1660958827 0.8088822961 0.0612798110 0.5855216980 -0.1531201899 -0.9983218312 0.1614035517 -0.8111425638 0.0585454479 -0.5345783830 -0.1924576759 -1.9164699316 -1.1049463749 0.0153077627 0.3263379335 -1.3749938011 0.7807257175 0.5879738331 0.6166895032 -0.2332868278 0.0079496205 -2.0329935551 0.2597943544 0.6891498566 -1.1737078428 -1.4977149963 -0.2160134912 -0.6024532318 0.6917369962 -0.5675855875 -1.6186048985 0.2132704556 0.1959762871 0.3491868675 0.2360614985 -0.1950080395 0.1333750635 -1.4841513634 0.0145251947 -0.3706529140 0.8281155825 0.8303535581 0.1419639736 0.0581452325 0.8534685969 -0.9421423674 -0.6896847486 -0.3812941909 0.1271047592 0.3410767317 -1.5705155134 -0.9155712724 -0.5107584000 0.0874973089 -1.3446629047 0.3032885492 0.0807063282 -1.5396583080 -0.5978394747 -1.2242044210 -0.0047995187 -0.0743189976 -0.1225193441 -0.7581834793 -1.2382577658 -0.2034759969 -1.0866545439 -0.7035874128 -0.0070971921 0.4959278107 -0.2983055115 -0.3718490601 -0.2393693775 -0.1771787405 -0.0014215423 -1.0515959263 0.3173149824 -0.6853445172 0.0979017839 -0.0529338568 -0.0557904691 -0.3735767305 0.8054832220 0.3879794180 0.3765361905 -0.2984986901 -0.3665390015 0.0340855047 -0.5274436474 -0.1566715389 -0.3335250318 -0.5111039281 -0.4078085124 -0.4143289328 0.4465667903 -0.0408850759 -0.9820723534 -0.3975200951 -2.3394870758 -0.1144654006 -1.4293158054 -0.7439365387 -1.7136462927 -0.1512662768 0.0294979513 -0.5142195225 -0.3564730287 -0.0430640988 -1.7572137117 -0.5634732842 0.1327364147 -0.4240657687 0.1623078734 0.6560450196 -2.5466079712 0.1399024874 0.7998107076 0.5818325877 -0.3268651068 -0.5435544252 0.9112474322 -0.2922873795 1.0047106743 -0.3033220172 -0.5855890512 -0.2913931608 0.0383319817 1.0537397861 0.2732195258 -0.1597462147 -0.0924317017 -0.3781743050 -0.5824130774 -0.0052277371 -1.8747142553 -0.4898970723 -0.0191083401 -0.0430004522 -0.6221710443 -0.0148821231 -0.9617807865 -0.4628436863 -0.8658021688 0.6894351840 0.1867969483 -1.3018281460 -0.4930486977 0.0048737382 -1.4452700615 -0.4366470575 -0.1464992464 -0.1350910813 -1.7333345413 -0.4632369876 -0.1062824056 -1.0913738012 -0.2159714252 0.4275939465 0.1121938527 0.2507585585 -0.2094397843 -0.6351237297 0.6112305522 -0.1822734773 0.1101524979 -0.2366268039 -0.5814678669 -0.7061250806 -0.6008141637 0.0300965905 -0.1044235304 -1.4019950628 0.0385382771 1.0605796576 -1.0863274336 -0.1900000423 -1.1088082790 -1.6183514595 0.7963538766 0.1417774558 0.4019822776 -0.4984227121 -0.1282355785 -0.1140652522 -0.7450364828 -1.4127962589 0.7190688252 -1.0605809689 -1.0144332647 -0.6138055921 -0.3815118074 -0.5463165045 0.1582477838 0.0850552320 -0.2041261941 0.0044054091 0.0435624346 0.3181733787 -1.1427919865 0.7049815655 -0.0625969470 -0.6093022823 -0.0215280205 0.0947205126 0.1658748239 -0.8141403198 -0.7447980642 0.2503497303 -1.0212615728 0.0151186408 -0.7813637853 -0.1963280290 -0.0529257804 -0.9101999998 -0.2425642610 0.1261435300 -0.1862874180 0.3271722198 -1.2766305208 -0.6322338581 0.8918958902 -0.6158333421 -0.4207459092 -0.0150766969 -0.0328073949 -1.3041162491 -0.4619518518 0.1461321414 1.0616236925 -0.3416314721 -0.8488152623 -0.2012646049 0.8138110042 0.0017807707 -1.0066924095 -1.0307989120 -0.1243500859 -0.8118451238 -1.2352268696 -0.0681911334 -0.4625258148 -0.2011928111 -0.2354869843 -0.3297803104 -0.4957678318 0.0244506001 -0.3955670297 0.2156906724 -0.2555555105 0.7482144833 -0.9651074409 0.4093499482 -0.1028345227
-0.0148385949 -0.0597324297 0.0493353456 0.0617027655 0.0182163119 -0.0219671000 0.0478923135 -0.0156733785 -0.0199466329 -0.0359082371 -0.0297971908 -0.0784800425 -0.0178593472 -0.0069764121 -0.0824000910 -0.0089317476 0.0493041687 -0.0325576141 0.0186871048 0.0574808493 -0.0437838323 0.0069981110 0.0191607326 -0.0123810768 0.0307652615 0.0288213957 -0.0193353295 0.0427436978 0.0123550147 0.0284715481 -0.0091711953 -0.0170528144 -0.0712771937 -0.0662731379 0.0235713292 -0.0312665105 0.0041630180 -0.0238248259 -0.0006153733 0.0010643224 -0.0229545999 -0.0040881038 0.0071114791 0.0022921159 0.0356033370 -0.0206958279 -0.0494420752 -0.0472239815 0.0057519162 0.0179852173 0.0151378792 -0.0053163380 -0.0595227182 -0.0329409391 -0.0443275906 -0.0422861651 -0.0284769200 0.0160633475 -0.0178716779 0.0130705331 0.0494742878 0.0099476622 0.0382174626 -0.0518539175 0.0236791987 -0.0266542807 0.0208317153 0.0374348313 0.0450132489 0.0495198071 0.0454423726 -0.0096450821 0.0552630834 -0.0424127281 0.0156917442 0.0301837754 0.0366057418 -0.0330398418 -0.0079437736 -0.0516462997 -0.0597389042 -0.0257978793 -0.0280708075 0.0205447227 -0.0611957349 -0.0131741315 -0.0066539599 -0.0359781086 -0.0170440283 -0.0412482582 -0.0404756106 -0.0484784245 -0.0496716872 -0.0261312053 -0.0415993780 0.0203842800 0.0499523804 -0.0049295160 0.0608444065 0.0565497875 -0.0572002009 -0.0724797100 -0.0480318740 0.0124687376 -0.0186854079 -0.0196505804 0.0618109703 0.0036292947 -0.0522151105 0.0036626619 0.0006777044 -0.0509123430 -0.0653793663 0.0102413064 -0.0758548379 -0.0463955961 -0.0954194143 -0.0511765182 0.0293191690 -0.0330154821 -0.0810719058 0.0280509889 -0.0493041202 0.0319499634 0.0311412290 -0.0498687737 -0.1065958887 0.0455768257 0.0017538518 0.0032334551 -0.0230784416 -0.0685088560 -0.0152416080 0.0224603619 -0.0216932576 -0.0014728890 -0.0442094654 0.0463763699 0.0446787886 0.0124506876 0.0573050305 0.0416562334 -0.0596179813 -0.0547075421 -0.0154504096 -0.0150633901 -0.0082736434 0.0379689410 -0.0684676394 -0.0545602068 0.0195999220 -0.0122364685 -0.0526759103 -0.0284849107 -0.0016845373 -0.0698041022 0.0241329484 0.0351030119 -0.0368877463 -0.0514881685 0.0132140033 -0.0441280566 -0.0507604331 -0.0550955236 0.0138371093 0.0149691999 -0.0435635783 0.0021019354 0.0048278794 -0.0104053663 0.0112743955 -0.0392108113 -0.0072866306 -0.0321918689 -0.0187153853 0.0510397404 -0.0164858457 -0.0798331648 0.0052058622 -0.0575177521 -0.0217451192 0.0038859106 -0.0071898387 -0.0468637981 -0.0394735597 -0.0264753774 -0.0162493847 -0.0508082211 -0.0382273979 0.0429244153 -0.0214340892 -0.0180982109 0.0285382587 -0.0805853680 -0.0419460088 0.0148565238 0.0226203520 0.0144362468 0.0256655794 -0.0188137814 0.0165929776 0.0356481187 -0.0569473132 -0.0550301373 0.0414287485 0.0327557996 0.0323443525 -0.0337048844 0.0200037938 0.0282628220 0.0366545320 -0.0634957999 0.0454392433 0.0216046851 -0.0320023969 0.0418518111 -0.0788587183 -0.0572124980 0.0084575191 -0.0462791994 -0.0444457717 -0.0162223335 -0.0520986319 -0.0494847298 0.0303228702 0.0099119768 0.0316445157 0.0213856772 -0.0322017893 0.0192487091 -0.0447169505 0.0274407119 -0.0657910481 -0.0143448431 0.0189569890 -0.0488175116 -0.0104223266 0.0244861543 -0.0769303888 -0.0243007746 -0.0349219069 -0.0578137226 -0.0204950720 -0.0484929681 0.0221118480 0.0359644555 -0.0299836174 -0.0308938920 -0.0345821306 -0.0242010672 -0.0147542404 -0.0592430755 0.0169549435 -0.0578278527 -0.0561816804 -0.0438167751
0.0166412704 -0.0437241048 0.0016911477 0.0116730565 -0.0694471225 -0.0552870259 0.0226626545 -0.0212757904 0.0151877906 0.0192051791 -0.0313218720 -0.0423756428 0.0185430795 -0.0248870049 0.0431649797 -0.0521559119 -0.0026577017 -0.0162471011 -0.0151515268 -0.0441321209 -0.0768202096 0.0266875736 -0.0369863957 -0.0190036371 0.0109293666 -0.0814417154 -0.0753944293 -0.0845981762 0.0105157411 -0.0184739307 0.0030814081 -0.0242039394 -0.0329181589 -0.0231858045 0.0354100280 0.0098778158 -0.0420551673 0.0155448308 -0.0369236991 -0.0600259304 -0.0612343922 -0.0514029264 0.0485235155 -0.0668382049 -0.0076621068 0.0144972503 -0.0404198542 -0.0622107498 -0.0055205757 0.0214634649 0.0364688039 0.0452755280 -0.0190375149 -0.0189670622 -0.0326937027 -0.0250838622 0.0243153609 0.0423783362 0.0269427616 -0.0292383488 -0.0560542494 -0.0407054201 -0.0237799436 -0.0639881641 -0.0736743361 -0.0353425331 -0.0362922065 0.0386383571 -0.0407946259 0.0172756240 0.0258853957 -0.0169979259 0.0008292131 0.0565447174 -0.0154289268 -0.0513904393 -0.0365927443 -0.0613971986 -0.0401568487 0.0232079718 -0.0591367334 -0.0699277818 0.0397553667 -0.0186100975 -0.0359755009 0.0207741484 -0.0524613634 0.0284243599 0.0116937822 -0.0831800103 -0.0512507930 -0.0141928317 -0.0445543118 0.0247101095 0.0545583963 -0.0352433994 0.0283996221 -0.0389542282 -0.0251256078 0.0076329741 -0.0718658492 -0.0243778639 -0.0260182954 -0.0568296872 -0.0181145743 0.0055622086 -0.0599088669 -0.0024419304 0.0344591253 0.0197264515 0.0106203463 0.0342408307 -0.0623098202 -0.0611996576 -0.0428887866 0.0282213744 -0.0314790644 0.0289657582 -0.0103420354 0.0539485514 -0.0472926199 -0.0641732663 -0.0733396411 -0.0055850092 -0.0664886534 0.0215815417 0.0116818110 0.0480782241 0.0029421223 -0.0460610464 -0.0567968562 -0.0343438350 0.0337641835 0.0334918685 0.0304423068 0.0132787386 0.0508217663 -0.0447241180 -0.0305615459 -0.0280609205 0.0588376224 0.0367335826 -0.0405435190 0.0243534464 -0.0697707385 -0.0310614947 -0.0333705172 0.0198130421 -0.0157877486 0.0016668765 -0.0379468389 0.0113848746 0.0143727837 0.0377825163 -0.0112754675 -0.0342025273 -0.0582002848 0.0393628255 -0.0053996928 0.0246103890 -0.0021668433 0.0137378788 -0.0478170440 0.0118900631 -0.0401548110 -0.0507319197 -0.0123160798 -0.0504169166 -0.0589687750 -0.0793075040 -0.0245140214 0.0490804166 0.0497943088 0.0200845525 -0.0042350939 0.0542866737 -0.0396323241 -0.0594485700 0.0327614173 0.0607754812 -0.0583329126 -0.0626713336 0.0163567010 0.0040108222 -0.0288717803 -0.0213509742 0.0123080155 -0.0738459080 0.0299401134 0.0286277682 -0.0574983507 -0.0255927574 -0.0074246079 -0.0210213419 0.0087588523 -0.0630419776 -0.0270471573 0.0508103445 0.0215008426 -0.0205755904 -0.0813439116 0.0070506372 -0.0537421405 0.0342294984 -0.0677287132 -0.0291736275 -0.0365173258 0.0322882906 -0.0565457605 0.0056099603 0.0132589778 -0.0283445138 0.0044549927 -0.0117757674 -0.0011434515 0.0572016612 -0.0061148927 -0.0515090078 0.0108567625 -0.0407050066 0.0162949115 -0.0689725280 -0.0743353963 -0.0012590335 -0.0303720422 -0.0593542457 0.0471887514 -0.0228710473 -0.0389442965 -0.0072867870 -0.0811026469 0.0435098149 -0.0745200142 0.0428181551 -0.0359140821 -0.0161339864 -0.0450103879 -0.0202826690 -0.0765820071 -0.0235536322 -0.0341903456 -0.0200242344 0.0475677326 -0.0409579538 0.0314537399 0.0353900306 -0.0075063035 -0.0031500207 0.0208078399 -0.0556536540 -0.0301308222 0.0053056721 0.0319540873 0.0310635567 -0.0612972789 -0.0286019314
-0.7706502676 0.4982379675 -0.1534722745 0.6254309416 0.3743116856 0.2132824510 0.5373448730 -0.6051793694 -1.0311603546 -0.4577364028 0.0496759489 -0.1585035175 -0.2579548061 0.2202587724 -2.0069077015 0.4026927650 -0.5562263131 0.1081750914 0.5683356524 0.7572169900 -0.1185027733 -1.1116881371 0.7213512659 0.0177690759 -1.6423937082 0.1889289618 -1.5262349844 -0.0526608787 -0.6073868871 -0.5671715736 0.0975371599 0.0516080149 0.3043784797 -0.5488824844 -0.8068204522 0.3405139744 0.0342828408 0.5085548162 0.0527952500 0.0530945472 -0.6836570501 -0.0399368070 -1.6951864958 0.5724937916 0.0986786857 0.0667538643 0.0692311376 0.0808882788 -1.1238520145 -0.6821668744 0.1486722380 0.1146604940 -0.1646402329 -0.1101158410 0.0565661080 0.0426584445 -0.1170888245 0.0124457721 0.3822911084 -1.2227207422 -0.9217221737 -0.6182549000 -0.0180073250 0.0382991061 -1.2201293707 -0.6309988499 -0.5756763816 -0.2905239165 0.4907334745 -0.1517761201 -0.4253846705 -0.0109472349 0.6892937422 0.1611218750 -0.1301748008 -0.8712322712 0.2686436474 0.4435892403 -0.4366234839 -0.8481683135 0.6377571225 -0.1951778084 -0.0049643144 -0.0521432683 -0.2052701414 0.1601129919 0.0428727791 -0.0483530723 -0.3067483604 0.1307532340 -0.6608503461 -0.1948756725 0.9771041870 -0.0567482114 -0.2850835323 -1.1510386467 0.0623456351 0.4240103364 0.0130543932 0.5268421769 -0.3031609952 0.4343118966 -0.2444037199 -0.8115055561 0.7282391787 -0.6010091901 -0.1627872735 -0.5859463811 -0.8504062295 -0.3738425374 -0.1991576403 -0.0493492931 -1.3634967804 -0.9232643843 -0.6660373807 -0.2942510247 -0.5278488994 -0.0523201860 -0.2728465796 0.1627869904 0.0855802000 -1.8521400690 -0.6336667538 -0.0246095918 0.4815210402 -0.4438112974 -0.0847083405 0.2793350220 1.7154338360 0.2070510238 -0.3252062201 0.3190543354 -0.2673116922 -0.1032887101 -0.4568715096 0.0816373453 0.0408263430 -0.2580783963 0.7701022029 0.0063740835 0.0521212146 -0.2260310948 -0.5124654770 0.3702214956 0.6362247467 0.1819228083 0.0371889994 0.6446534395 -1.3216265440 -0.5022967458 -0.9831328392 -0.2547408640 0.8165537715 -0.1743266582 -0.6719505787 0.4766354859 -0.1571714580 -0.6519621611 0.2910355031 -1.8233336210 -0.0567624532 -0.3435663581 1.1645687819 0.0072105755 -0.1201156378 0.2345866561 -0.2058890909 0.2707901001 -0.2163938433 0.0466693044 -1.1456499100 -0.0071425694 0.0385635346 0.1878451556 0.2721868157 0.0495852977 0.2561832368 -0.2095643580 0.1114818156 0.4250123203 0.2276192307 -0.4772304296 0.2773956060 -0.3877525032 -0.5875022411 -0.7604759932 -0.1082623154 -0.2071397454 -0.7368786931 -0.0273702461 -0.1985901296 -0.2470151484 -0.3716854751 -0.8410335183 0.7871360779 -0.4626648724 -0.0022898423 -0.7033922076 0.3218662143 0.0278792381 -0.7786998153 1.0847984552 0.2366767973 -0.1367162913 -0.7311087847 0.0079472074 -0.6050963998 -0.5559763908 0.4012546837 1.1905697584 -0.2960283458 0.2355293185 -0.1885175109 -0.0558447391 0.2896047533 0.1936078370 0.2376872301 -0.4218284786 -0.2227147520 -0.0593446642 0.3514342904 -0.0258860979 0.0108276326 -0.5071328878 0.5174266100 1.1920639277 0.0080170576 -0.0361315608 0.3896165192 0.2756890059 -0.4021167755 0.5902101994 -0.3146509230 0.1567673981 1.1901588440 -0.0803387910 -0.0378659591 0.0339082032 0.0837607011 1.5235406160 -0.5929840803 -0.3320826292 -0.6637851596 -0.7829574347 0.3157441318 1.4421374798 -0.1076561585 0.0765086412 0.0229897350 0.8099787235 -0.7086219788 0.8031937480 0.5844200253 -0.0111957565 -0.4282524884 -0.1178413108
-0.2764298618 -0.9906559587 0.3523699045 0.5995550156 0.3051949739 -0.3906352520 0.0197457932 0.3754423261 0.5834801197 0.6109171510 0.3312554955 -1.6283464432 -0.0591666214 0.3895399272 0.0009865137 -0.2699866295 0.7101314664 -0.4187885225 0.1397930682 0.8846138120 -0.6266363859 -1.4480330944 -0.9728651047 -0.0337461382 -0.5817770958 0.2110218257 0.7040549517 0.5633241534 0.1344223320 -0.4603985250 -0.6416851282 0.1493306458 -0.5265425444 0.4842401445 -0.0736469477 -0.9574490190 -0.6384304762 0.0409032181 0.1762108505 -1.7983609438 0.1845009178 0.0016715303 -0.7047488093 0.5917342305 -0.6483457088 -0.4031050503 0.2372987121 0.3895072043 -0.3765804470 -1.5151711702 -0.3807029128 -1.2509243488 0.3538265228 -0.2142892778 0.3948778808 0.3531993032 -0.9596697092 -0.1042862311 -0.0060730842 -1.0565626621 -2.5799903870 0.1742202342 -0.4155479968 0.0095769092 -0.5236451030 -1.0134885311 -1.0902521610 -0.8303135633 -0.0878249332 -0.3239240348 -0.4514838159 -0.0441505462 -1.4724942446 -0.6121121645 -0.2733320594 0.2237249017 -0.9338606596 -0.1461529434 -0.4239628017 -0.4786923826 -0.2903348505 0.1548810601 0.0389767140 0.0558978394 0.1532420963 0.3684510291 -0.9288440943 0.6032928228 -1.0893745422 0.0309516024 -0.8428179026 0.4922834039 -0.1251352727 -1.2911589146 0.4579426944 0.4972346425 0.6296204329 -0.7635124922 0.0147600174 0.8081868887 0.5060092807 -0.3865442872 0.3433552682 -1.0024228096 0.2144232541 0.1269806027 0.2838863730 -0.6273955107 -0.0113678277 -0.8265525103 0.9090886712 -1.0172040462 0.2572381496 0.7878276110 -0.8581002355 -0.7665514350 0.4154424369 -0.7662483454 0.8465214372 0.2096319497 0.5435280204 -1.7904309034 -0.6848318577 0.1739629358 0.6266779304 -1.2270720005 0.1084604636 0.1762060970 -0.1969282776 -0.5087006688 -0.5003970265 0.1172801927 0.2278958410 -0.3680069745 -1.2389959097 0.2471048683 0.0212520435 1.0975577831 -0.0656636953 -0.0079273880 0.0100634247 -0.3843904138 -0.1991788596 0.1637976617 -0.2321026325 0.4654154778 -0.4829407930 -0.5092365146 -1.7453058958 -0.3607234359 0.6696280241 -0.4331822991 -0.3389896750 0.1957089305 -1.2134290934 -0.3843379915 0.7329552174 -0.6442039013 0.2982879281 -2.1376793385 -0.2518434525 -0.4173612595 0.0248810370 -0.2883881629 -0.7330489159 0.4235845208 -0.2474973351 -0.7783595324 0.0773553699 -0.3991551399 -1.7514785528 0.9884583354 0.0091717392 0.0526764505 -1.2956098318 -0.0221424177 0.8012089729 0.1112455875 -0.5886009932 -0.2438478619 -1.6770535707 0.1367630363 -1.2901793718 1.0827486515 0.3531284630 1.7820563316 -0.8931453228 -0.4708683789 -1.0249879360 0.6918196678 0.9791118503 -0.6277015805 -0.0483322144 0.0571052395 -0.4817864597 0.1342894882 1.0231775045 -0.6134735942 -1.0319045782 0.0440060645 0.6555793285 -0.3957765698 0.2440968752 -0.4083417058 -0.3959593177 0.1353424191 -0.2634567618 0.1910261661 1.5483434200 0.7953807712 -0.3206324577 -0.2917701304 0.4442591071 -0.1109040529 -0.6000276804 0.4856492877 0.6030257344 -0.4591146410 0.2991716564 0.4914768934 -0.2297722101 -3.0564351082 -0.0849789530 0.1997853667 -1.4009610415 0.4822790027 -0.8997940421 0.0498671606 -0.2536246777 -0.0012072258 0.0849103034 -0.2195562720 -1.7374047041 -1.3007742167 0.2759267688 0.3028758168 -0.0247794315 -0.4727075696 0.7133812308 0.1391398609 -0.4810040295 -0.7814891338 0.1216121837 0.4539689124 0.7276316881 -0.4747784734 -0.0498170294 0.4724399447 0.0202502087 -1.4390758276 0.1463170648 0.2721903622 -1.4166840315 0.2345221490 -0.3662340045 -0.1253034920
-0.0571508892 0.0229924005 -0.3934020400 -0.1831225306 0.4326854944 0.2648268342 0.3560656309 -0.8196710944 0.5877087116 0.3437420428 -0.5034832954 0.1373208165 -0.1706959605 0.2326199561 0.6015313268 -0.2388958931 0.3862761259 0.0544681065 0.2340535522 0.4829859734 -0.3196949363 -0.1191730648 0.5495902896 -0.0230434462 -0.0429070964 -0.5348873138 -0.7613324523 -1.2907145023 0.2011767477 0.4945138693 0.1402475387 -0.0457908846 -0.1084064841 -0.5379868150 -0.6337522268 -0.0198699404 -0.1195708066 0.4824523628 -0.1799290031 0.0179755446 -0.3547761440 -0.0487519205 0.2482643574 -0.1072592065 -0.2408022434 0.0887434855 0.1214867979 -0.8775895238 -0.6225963235 -0.6548850536 0.2638517618 -0.3070869446 0.0423520617 -0.6894298792 -0.5024068952 0.1561624855 0.4995218515 0.0398164243 0.2329117358 0.0167966839 0.2013418972 0.0519824587 -0.6256710887 -0.0523801148 -1.2912400961 -0.1342856139 0.4729962647 -0.4952430129 -1.1200487614 0.2282205373 -0.1308332533 0.0597471893 -0.3085783124 0.5600409508 0.0967892259 -0.2247229218 -0.0904306918 0.2860667408 -0.2205854654 0.0210570265 -0.8853453994 0.1728597283 -0.0106495246 -0.0362279937 -0.2613781393 0.3601187766 -0.0224758182 -0.0648030341 -0.0296439584 -0.7798221111 0.0078261206 -0.0029258691 0.0197848715 0.0827836096 -0.0284011345 -0.7638462782 -0.3282310963 0.1227571592 -0.0369767472 0.2581884563 -0.1766265184 -0.0951809809 0.2782214284 0.2458974719 0.1663082689 0.1121523529 0.2210752070 -0.0300512202 -0.0622769818 -0.1219000518 -0.6584278941 0.1282953024 -0.3056754768 -0.5583890676 0.0491852649 -0.4629915953 0.0483321510 0.1907044053 -0.0446110629 -0.0263872948 -0.6968442202 -0.8270596266 0.3697355390 -0.4932867289 0.1087771431 0.2785208821 -0.8347637057 0.1307706088 -0.2866716087 -0.1562114805 0.3414295018 -0.3448291421 -0.1870952398 -0.2349609435 0.0395976417 -0.4413830936 -0.0203750581 0.0475717969 -0.1279890984 -0.0024905503 -0.0411077067 0.1476262659 0.3583240509 -0.6516016722 0.2304106653 -0.3033588231 0.1456030607 -0.0319833197 0.1342931986 0.5934916139 0.6648737788 -0.0776318461 -0.5475278497 -0.2900755405 -1.0323951244 -0.8475145102 -0.0344816707 -0.1412898451 -0.0916809738 -0.1061765477 -0.3404826224 -0.7377100587 0.3217711151 0.2041122466 -1.3061953783 0.0789672285 -0.2084653974 -0.2483084202 -0.0238698125 -0.1330482066 0.0019066964 0.2080945373 0.0035432950 0.0521373972 0.0509895943 0.0545705408 -0.2283564061 0.1164384261 -0.3739874661 0.5954255462 -0.0032273864 -0.1243268996 0.3337883055 0.5887278914 -0.9928492904 0.4922563434 0.4644997716 -0.5009686947 -0.3216397166 1.2419328690 -0.0551594906 0.3089659214 0.6009234190 -1.8251843452 0.4932485819 -0.4103124440 0.7614533305 -1.0468797684 0.0152127678 -0.0031478330 0.3007605374 0.5172020793 -0.3977896273 -0.1472590715 -0.2830306888 0.0587855875 0.4240502119 -0.6369513869 0.7580469847 -0.2422003448 -0.4307688475 -0.2012433708 -0.0800700337 0.0266258176 0.2777699530 -0.0668379217 -0.3175717592 -0.1201515496 0.2050259858 -0.4125433862 0.3512974381 0.0576352887 0.1607099771 0.1975509226 0.1695622951 -0.1392941624 -0.3548770845 0.0055181608 0.0724137798 -0.1131612360 -0.7961303592 -0.5374917388 0.0355333537 0.4270600975 0.3838952482 0.1288195401 0.0563428029 0.1505001038 0.2345712334 0.5986855626 -0.0469609946 0.2026571482 -0.0873530284 0.2110621184 -0.5010818243 0.0133616645 -0.2012397498 -0.4343147576 -0.0015452355 0.2125795186 -0.2740048170 -0.0356061645 0.2159979194 -0.2742926478 0.2250728011 0.1655402631
0.0411056578 0.0492111817 0.0576952994 -0.0369417854 -0.0620451830 -0.0250496715 0.0452850461 0.0560055822 0.0246693492 0.0110942582 -0.0645978078 0.0171704926 0.0107254907 0.0212673284 -0.0226825811 0.0230748393 -0.0261424035 0.0429096669 -0.0511442944 -0.0357262269 0.0351477265 -0.0274218246 -0.0106293699 0.0453825444 -0.0537914112 0.0303983595 -0.0220329724 -0.0519675165 0.0541024692 0.0232918113 -0.0153040066 0.0004571792 0.0141217532 -0.0004043385 -0.0034116134 0.0324581638 0.0162835959 0.0369819924 -0.0092920819 -0.0146183576 -0.0693495423 -0.0314929709 -0.0030203313 -0.0139436051 -0.0108802691 0.0199692156 -0.0790888146 0.0528835952 0.0369741544 0.0036380664 -0.0536660776 0.0163419563 0.0172571242 0.0040795803 -0.0054631941 0.0590896383 -0.0331468359 0.0207400396 0.0265116170 -0.0095095858 -0.0237420630 -0.0128406491 0.0195296258 -0.0290047005 -0.0464383624 -0.0603020713 -0.0262397565 -0.0668232739 -0.0318987221 0.0152124390 -0.0314922668 0.0038772076 0.0300879665 0.0320342109 -0.0307592135 -0.0514525697 0.0268717855 0.0559217185 -0.0642213747 -0.0439281873 0.0117914304 -0.0291186459 0.0551434904 -0.0238574594 -0.0720455050 0.0148456544 0.0242266394 -0.0075388178 -0.0103077712 -0.0694492236 -0.0136056850 -0.0707567036 -0.0162890051 -0.0385826305 0.0240947753 -0.0615278408 -0.0688766018 -0.0330205970 -0.0425480530 -0.0556621775 -0.0314203799 -0.0383735076 -0.0630475804 -0.0557023697 -0.0324994549 -0.0371115692 -0.0620115735 -0.0525705591 0.0407593809 -0.0639294386 0.0058052880 -0.0246689022 -0.0206062496 -0.0276557282 0.0157886799 -0.0510124452 -0.0226952992 -0.0298050344 -0.0434341356 -0.0021035671 0.0213907268 0.0026461349 -0.0310378950 0.0089297574 0.0411476828 -0.0174671095 -0.0688945949 0.0476263054 -0.0554874651 -0.0029734969 -0.0133515801 0.0065904218 -0.0460299104 0.0458654054 -0.0451183692 0.0099028731 0.0598920882 0.0333099626 0.0127144689 -0.0177252889 0.0440210924 0.0623515919 0.0274358373 0.0422233269 0.0251929630 -0.0219948813 -0.0552307852 0.0040174257 -0.0173428804 -0.0602934510 -0.0351983979 -0.0271325409 0.0330623798 -0.0037693302 0.0476366729 0.0101927379 -0.0534522980 0.0055732164 0.0322803333 -0.0318175852 -0.0059014084 0.0315484218 0.0077404347 -0.0251194462 0.0452650934 -0.0476508513 -0.0186502617 0.0622807145 -0.0006725118 -0.0182971489 0.0008366674 -0.0319471434 0.0306240618 0.0365003645 -0.0361638293 -0.0527032390 0.0147124762 -0.0617221594 -0.0419937968 -0.0182294752 -0.0089011705 0.0336811133 -0.0515302941 -0.0008938001 -0.0816588923 0.0031671925 -0.0520870313 -0.0443706587 -0.0605543181 0.0181019269 0.0369182229 -0.0114301806 -0.0388348997 0.0322743654 0.0348675847 -0.0555616692 -0.0364812501 0.0057974071 0.0017115995 0.0317718238 0.0006944098 -0.0686816275 -0.0496572629 -0.0543360375 -0.0051607909 -0.0539169759 -0.0690629706 0.0242988318 0.0423337743 -0.0097425859 -0.0329041630 -0.0254976023 -0.0528407320 -0.0351775773 -0.0623323023 -0.0414293408 -0.0193665475 -0.0292782392 -0.0547131300 0.0096651856 -0.0544494949 -0.0621795394 -0.0492073335 -0.0439771265 -0.0309096109 0.0224889200 0.0107675791 0.0125764534 -0.0283568073 -0.0517634824 0.0131627722 0.0168395713 0.0007678494 -0.0229777265 0.0124459211 0.0457452834 -0.0584001690 -0.0399950445 -0.0488342680 0.0139176734 -0.0691096559 -0.0394574404 -0.0333939567 0.0053971708 -0.0508048199 0.0008473527 -0.0027935430 -0.0208574403 0.0136284456 -0.0438873917 0.0262115169 -0.0403850898 -0.0395176113 0.0168454126 -0.0075174500 -0.0561368428
0.3225446045 0.0307803079 0.0263197944 -0.4394139349 0.6360893846 -0.4915681481 -0.0465009883 -0.0743330866 0.1311064810 0.1856287271 0.0074055884 -1.2473142147 1.1666008234 -0.4753564894 -0.1587693095 0.0374826267 -0.3275219798 -0.0879288688 -0.3992362320 0.1571152061 -0.6004893780 0.0437762737 -1.4865504503 -0.0603852943 -0.7511566877 -0.0800040737 0.2773948312 -0.0910038128 -1.1869107485 -0.8937150836 -0.6187695265 0.7172569036 -1.3832582235 -0.6353529096 -0.5141999125 -0.3665324748 -0.2557916045 -1.4327445030 -0.5065174103 0.3539248109 -0.4268657267 0.0020574555 -0.6940394640 -0.3015349209 -0.1600218117 -0.2211742997 0.3231652081 -0.3742429018 0.6218488812 0.5921378136 -0.3769477606 -1.0015822649 0.3807786703 0.1855431050 -1.0639488697 -0.5648453236 -0.8324394822 -0.1064688489 0.4183005095 -0.3029820323 0.0806455612 -0.0073450198 -0.0458581895 0.0607358441 -2.0052154064 -0.0700067878 -0.2029832155 -1.5830292702 0.7491941452 0.1936018467 0.7025797367 -0.0456471741 -0.0925103426 1.3119640350 -0.3816648424 0.1114429682 -0.2243720442 -0.0015633046 0.0130713945 -0.9733147025 -0.6314061880 0.0379900262 -0.0482263938 0.0231537893 -1.8670734167 0.4541025460 0.0763042569 -0.8241128325 0.1680063456 -0.9304803014 0.3692595363 0.2382836342 0.6450253129 0.9660701752 0.0835163668 0.1204554588 -0.2964972258 -1.0868246555 -0.0608315840 -0.5076415539 0.0985649750 -0.3097293079 -0.2871908545 -2.0211458206 -0.2248413712 -0.0678992122 -0.6537024975 -0.1485858113 0.3111472130 -0.3225286603 -0.1600267440 -1.0075988770 0.0591197349 -0.4554248154 -0.3841525912 0.3039204478 -0.8929376006 -0.6140991449 0.4714047909 0.0514990054 -0.3245737851 -0.8587487340 -0.7143675685 -0.1129419655 0.5167657733 0.8523809910 -0.4522767961 1.2388181686 -0.7893099189 -0.1842373013 -0.1690786630 -0.8778651357 0.5820162296 1.2520039082 -0.7088006139 0.1163985208 -0.0416982695 -0.3712188303 -0.9096151590 0.0063092411 -0.0118938014 0.4406303167 -0.2755003870 0.0448092856 0.0657266155 -0.2842937112 0.5630617738 -0.6215760708 -1.2863667011 -1.0229922533 -0.3980973661 -0.5150090456 0.2612088323 0.0605679564 -0.6072325110 -1.1272516251 0.2456927449 0.0018951859 0.3221362829 -0.7854356766 0.0940972716 0.1564705968 -0.2954682708 0.6764279008 0.1285936236 -0.5034171939 -0.3243786693 -0.0051222346 0.1877836734 0.0393884815 -0.7552924156 0.0311219953 0.0528974161 -2.3832747936 -0.9485508800 0.0423616543 -0.7015367746 -0.4475266933 -0.1228527874 -0.2917549908 0.9678705931 -0.3496248424 -0.6572083235 0.9623099566 -0.0294805970 -0.3000141084 -0.7401286364 1.3724571466 -0.6346330643 1.4347743988 0.9134901762 -0.8587551713 0.1788367480 -0.0109331831 -0.5519715548 -0.0241072811 0.6777356863 -0.9784479737 -0.3072076142 0.0181681886 0.3910906315 -0.2508129776 -0.4682245851 -0.5083167553 -0.4744137824 0.5185562372 0.4512292743 0.7539327145 -1.0418365002 0.0645021647 -0.3227252066 -1.2987805605 0.1081809327 -0.0025167351 -0.9805506468 0.4172412753 -0.2398505509 -0.1355952024 0.4791083932 -0.1067794114 0.2341328561 -1.2519075871 -1.3200974464 -1.0970935822 0.0046405308 0.4663683176 -0.3893401027 0.0474069864 -0.0901155919 0.7678537369 1.3581662178 -2.1781408787 0.2388467193 -0.6352387071 -0.1829885393 0.3920537531 -0.0063094124 0.5510662794 -1.9408113956 0.2373248041 -0.3198784888 -0.3778602779 -0.0165105108 -0.9416230321 0.5743013024 -0.5346114635 0.0790848807 0.5682598948 0.0083508566 0.0571187250 -0.6065652370 -0.5027663708 1.0404248238 0.5222823620 1.0893557072 -0.9222678542
0.0066567156 -0.0686366707 0.0076357126 -0.0384945758 -0.0866152346 -0.0797680169 -0.0086925812 -0.0620236136 -0.0340591483 0.0430984609 0.0225788038 -0.0099611869 -0.0452677980 -0.0469689034 -0.0451870300 0.0407534428 0.0613964386 -0.0555106625 -0.0068583707 -0.0912236720 -0.0472813919 0.0533753708 -0.0645491332 -0.0066665560 0.0227959547 0.0342126973 0.0060079033 0.0353348404 -0.0217440315 -0.0181462020 0.0321607925 -0.0181172527 -0.0039413273 -0.0703289732 0.0082666343 0.0463081077 -0.0979721248 -0.0418061204 0.0003306144 -0.0587685853 0.0011662319 0.0249096602 -0.0272112079 -0.0190974548 0.0008191512 -0.0306304954 0.0203701537 0.0474338755 -0.0435680002 0.0202404112 -0.0378306955 -0.0611639358 0.0502275378 -0.0028756708 -0.0560613833 -0.0476280376 0.0198674239 0.0228193253 -0.0404258147 -0.0199652798 0.0259708241 -0.0372796841 -0.0422598124 -0.0319565646 -0.0780196190 -0.0714205205 0.0305131730 -0.0210702308 0.0136246309 -0.0048160627 -0.0488786362 0.0336214229 -0.0776577368 0.0307837706 -0.0709003657 -0.0304925218 -0.0055435910 -0.0480825156 -0.0899200663 0.0145841576 -0.0326452479 -0.0757636353 -0.0449168608 0.0155559629 -0.0514551774 0.0484257713 -0.0644018650 0.0136264786 0.0251793452 0.0049952152 -0.0813309401 -0.0355354734 0.0614682138 0.0365219116 -0.0304104313 -0.0580696501 -0.0707783774 -0.0670697242 -0.0465491787 -0.0382954553 -0.0327713341 -0.0232590958 -0.0295877587 -0.0248944853 -0.0376895182 -0.0402773358 0.0546451695 0.0047622873 0.0415328220 0.0220541023 -0.0826657191 0.0133430827 -0.0573535636 0.0067200484 -0.0559165291 -0.0035567286 -0.1155521870 -0.0477279797 -0.0178628936 -0.0014265403 -0.0361325741 0.0254669432 -0.0038843066 -0.0609471798 0.0571924895 -0.0798988864 -0.0132155726 -0.0464403816 -0.0283457041 0.0258045122 -0.0658854023 -0.0644313693 0.0426029637 -0.0412349626 -0.0694676340 -0.0382830389 0.0225633681 -0.0777422190 0.0525208563 0.0509290323 0.0060900971 -0.0661245733 -0.0807709396 -0.0133923935 -0.0895155296 -0.0326505378 -0.0642956868 0.0233123675 -0.0598584004 -0.0497716926 -0.0176267009 -0.0292103961 -0.0518224090 -0.0867923647 0.0037711135 -0.0363084152 -0.0664348826 -0.0701251552 -0.0131117087 -0.0463276654 -0.0863463730 -0.0697732344 0.0078898715 0.0229025781 0.0504292697 0.0297148377 0.0594238043 -0.0401265472 -0.0429124385 0.0009506065 0.0048607001 0.0392339379 -0.0246030837 0.0464706346 -0.0437420495 0.0458209217 -0.0325984135 -0.0319522694 -0.0391300693 -0.0335524678 0.0186639708 -0.0045535928 -0.0065785237 0.0299240071 -0.0037143647 -0.0604023747 -0.0262268316 -0.0324558504 0.0078513045 -0.0303049590 0.0035542138 0.0008864398 -0.0521900356 -0.0659733266 -0.0157925803 -0.0387825593 0.0032451439 -0.0553301200 0.0443086736 0.0088403821 -0.0609399080 -0.0279385429 -0.0960865095 0.0291618183 -0.0066873184 0.0260801520 -0.0394665636 0.0411323011 -0.0388994068 -0.0458520241 -0.0558929518 -0.0690876991 0.0312161222 -0.0417902768 -0.0207301639 0.0252876058 0.0548089892 -0.0181044247 -0.0137168169 0.0133888619 -0.0834915340 0.0005884012 -0.0693014190 0.0499379560 0.0545381308 0.0386471972 -0.0094153658 -0.0406002626 -0.0471786000 -0.0217484906 -0.0911877155 -0.0701209381 -0.0453725643 -0.0058494378 0.0329741463 0.0087084621 -0.0225278139 -0.0830783918 -0.0830548257 -0.0600783452 -0.0465664007 0.0295104254 0.0019887388 -0.0255632102 -0.0164884739 -0.0633780211 -0.0349190310 -0.0757761151 0.0011407435 0.0588200837 -0.0382401794 -0.0357046574 -0.0355237760 0.0148603991 0.0290771723 0.0282275248
0.0216693319 -0.0224840492 -0.0473482162 -0.0582736805 0.0249754190 0.0386689007 0.0038547299 -0.0274901055 0.0182854477 -0.0466297157 -0.0845700428 -0.0406890251 0.0567713529 -0.0621468574 0.0049239243 -0.0229509603 -0.0023072099 -0.0469472632 0.0224442892 -0.0318116844 -0.0049470495 0.0097169485 -0.0621813014 -0.0540659651 -0.0028411788 -0.0616832599 -0.0820999891 -0.0191799141 -0.0726960227 0.0198733807 -0.0292255543 -0.0040297471 0.0113026910 -0.0388034359 -0.0662539601 -0.0378854051 -0.0373254679 0.0129430750 -0.0130835781 0.0148462290 -0.0619254485 -0.0548917279 -0.0412801877 -0.0045433771 0.0440555923 -0.0861142352 0.0352955349 -0.0808172077 -0.0661003515 0.0386128500 0.0247765034 0.0213888083 -0.0419808477 0.0159058496 -0.0828220844 0.0153618902 -0.0367511697 0.0486750118 0.0080943555 0.0212761834 -0.0164046492 -0.0213298369 0.0002202515 0.0330257751 -0.0277768280 -0.0307644475 0.0072274134 -0.0506349243 -0.0207822174 0.0053627901 0.0114901541 -0.0580010116 -0.0253974479 -0.0646339208 -0.0579064228 0.0068717748 -0.0119852824 0.0152672036 -0.0369303785 0.0002045655 -0.0443274379 -0.0097652683 0.0412852168 0.0180407986 -0.0272846892 -0.0469623469 -0.0211300887 0.0079458999 0.0041845813 0.0010710150 0.0001217940 -0.0099929431 0.0172354057 -0.0823461413 0.0485991724 -0.0030591525 -0.0786150694 -0.0397161096 -0.0159981549 0.0165982842 -0.0385614634 -0.0639413893 0.0498755351 -0.0127483867 0.0508385412 0.0132896109 -0.0240520220 -0.0694307387 -0.0255777333 -0.0414138399 -0.0467230156 0.0032310337 -0.0706357285 -0.0557885095 0.0232979171 -0.0381037705 -0.0412582047 0.0151548982 0.0291590989 0.0559673458 -0.0407134369 -0.0672029927 -0.0668596998 -0.0707104653 -0.0009624138 0.0177157447 -0.0079411902 -0.0603374392 -0.0169569552 -0.0116019174 -0.0038234678 -0.0092084939 -0.0358875729 -0.0287145246 0.0091887256 -0.0396942608 0.0489771217 -0.0211609509 -0.0504894555 -0.0423626900 -0.0334501863 -0.0493793041 -0.0071486966 -0.0326663740 -0.0294180494 -0.0607019737 0.0305960886 -0.0736678913 -0.0045067263 -0.0232643634 0.0279409233 0.0347649679 -0.0410624668 -0.0617530942 0.0247339197 -0.0479951575 -0.0750500187 -0.0350317471 -0.0542742014 -0.0540350601 -0.0626733974 -0.0728230253 -0.0206838511 -0.0522685871 -0.0648355410 -0.0164854228 -0.0123568093 -0.0047941976 0.0118804611 -0.0701703280 -0.0571994632 0.0182944834 0.0082700551 -0.0877185836 -0.0701806545 0.0030716509 0.0145634757 -0.0245696791 0.0423290916 -0.0559478141 -0.0061358991 -0.0562069230 -0.0118572824 0.0308746807 0.0216847397 0.0359151810 0.0053655496 -0.0593620092 -0.0608967841 -0.0479822308 -0.0188666359 -0.0293695219 0.0049946615 -0.0591947101 -0.0273201279 -0.0103833647 -0.0637352169 0.0285250712 -0.0239253473 -0.0433389470 0.0334601998 -0.0215459447 0.0491477735 -0.0636759847 -0.0238271914 0.0078195781 -0.0499840342 -0.0192887336 -0.0482998081 -0.0579488762 -0.0138926180 -0.0078267017 0.0520316586 -0.0278277192 -0.0207406804 0.0135578876 -0.0354324952 -0.0180778876 -0.0428397283 0.0059972280 0.0001658070 0.0066003948 -0.0576136746 -0.0346657522 -0.0813525170 0.0409173183 0.0389257818 -0.0254823267 0.0395269915 -0.0153856566 -0.0024270394 -0.0350778177 -0.0406530686 -0.0280381627 0.0511938073 0.0023873870 0.0286223069 -0.0149747077 0.0256032255 -0.0266623702 0.0183460992 -0.0612162203 0.0018304139 0.0105788000 0.0165341292 -0.0802003592 0.0567895472 -0.0273750033 -0.0056741014 -0.0097186882 -0.0100627933 0.0161895752 -0.0582807101 0.0251991600 -0.0015158528 -0.0581229553
-0.0229764543 -2.0091800690 0.3699411750 0.0649871752 0.2335893065 0.3191123009 -0.9401336312 -1.5488948822 0.5276855826 0.6933717132 0.1740519404 0.4575428367 -0.5635562539 -0.6698749065 0.0223022103 0.5932780504 0.4477584660 -0.0008550666 1.2447072268 -1.4318227768 0.3701166213 0.1348693669 -0.0892717615 0.0667757615 -0.7510872483 -0.0072336667 -0.5906929970 -0.5350789428 0.4108288288 0.2759476006 0.3868114352 -0.2898098528 0.0566543639 0.5323810577 -0.1659585238 -0.5284299850 -0.1257565618 0.3911263049 -0.1360079795 0.9496746659 0.1988887340 0.0129846269 -0.1954983026 0.7188665271 0.2073500007 -0.2535493374 0.4691728950 0.3580722511 0.8013052344 -1.2121770382 0.0308762398 -0.5593996644 -0.0502903983 -0.3080797493 -0.2631069720 0.5357320905 -0.5156494975 0.6455664635 -0.3139642179 -0.7830333114 0.3280401528 -0.5040957332 -2.4182431698 -0.0270575657 0.4730420113 0.2836845815 0.6971786618 0.0848960504 -0.8778829575 -0.2654213905 -0.6796630621 -0.0234465376 -0.0944572687 -0.6406714916 0.5650281310 -0.5486631393 0.1171519235 -2.1261835098 -0.3012183309 0.5268025994 0.3956628442 -0.6844556928 0.0049478114 0.0323940888 0.0652340949 -0.0509310439 -0.7217360735 -0.5784884095 -0.0212592669 -1.1593108177 -0.6010319591 -0.2605104744 -0.4770222008 -0.0304054972 0.3371796906 0.7527101636 -0.5019868612 0.3940534592 -0.0014763102 0.3262636364 -1.0952454805 -1.2857382298 0.6362707019 -0.4480682611 -0.1909445971 0.7347404957 -1.9258118868 0.5132281184 -0.0610144772 -1.8728857040 0.4868257940 -0.6402609944 -0.6928389072 -0.0750069171 0.2326434404 0.4815997183 -0.6854677796 -2.0366911888 -0.3859208822 0.1508168727 0.1739868075 -0.8380501270 -0.3996721804 0.8433302045 -0.4650111496 0.2100714743 -0.2121930569 -0.8244319558 -1.0011972189 0.2056139410 0.0645708591 0.2796196640 -0.3706741035 0.6630459428 -1.2989085913 0.7334681153 -0.0500039533 -1.0210659504 -0.4725598693 -0.0563966744 0.0158893690 -1.9661873579 0.3651362062 -0.0785645321 -0.1219683737 0.3444305956 0.2280087769 0.3724945188 -0.0631834567 -0.7683041096 -1.0902142525 0.0104948850 -1.0620406866 0.7663897276 0.4220522642 1.1745264530 -0.6033785939 -0.4637264311 0.0633744225 -0.9326662421 0.6633532047 0.3968193829 1.2296183109 -0.7340921760 0.4901828170 -0.1529011130 -0.7707547545 0.8162761331 0.1209904104 -0.5094957948 -1.1562054157 0.5337137580 -0.0540424883 0.4385441542 -1.6636893749 -0.0101555437 0.7752864361 -0.6866660118 0.3808362186 0.4794072807 0.1732965261 -0.0183716398 -0.4331827164 -0.3168530464 0.3032682240 -0.6459288001 0.8267432451 -0.3543324172 0.7232085466 0.8773882985 -0.3856853247 -0.4855781198 0.0696718916 -1.6551398039 1.3304278851 0.2279635519 0.7360196114 0.5696465373 -0.2965244055 0.0050958171 -0.2577259839 0.5441979170 0.1878742427 0.7969402671 0.3653226793 0.2849464715 -0.1123781055 0.0708145499 -0.8500356674 -0.5735474229 -0.3223739266 -0.7404205799 0.2288287282 -0.0248084478 -1.0046138763 -1.0541253090 0.4163005352 -0.5250834823 -0.0650232732 0.5199876428 0.0716729686 -0.5537745953 0.3619115353 -0.1590167433 0.2262010872 -1.0944014788 -0.6428683400 -0.0177770257 0.9889324903 -0.0040934598 0.8675377965 -0.2892512679 -0.5539357662 -0.3566335440 0.5444242358 -0.3279245496 -0.0132269636 0.3191049099 -1.8218786716 -0.5058137774 -0.7475085855 0.2262457460 -0.4436204135 -0.1481442451 0.1930706203 -0.5792180896 0.1870409548 0.6312550902 -0.0288441032 -0.3791639805 0.8454898596 -0.3830843568 -0.5381650329 0.0331137404 -0.3436612785 -0.4593252242
0.6931025982 -1.2682770491 -0.2100852430 0.1433329731 0.1741625965 -0.3302568197 0.1135135964 -0.9681198597 -1.0958838463 -0.2032262534 -1.6499832869 1.3831713200 -0.3630578816 -3.2687034607 -1.0298545361 -0.9136500955 0.2314911038 0.0943539813 -0.0852451101 -0.5926177502 -0.3099519610 -0.1782925129 -0.5927816033 -0.0325654671 0.0213435125 -0.0647310615 -0.2445082664 0.7453601956 0.5190338492 0.5548601747 -0.0096089980 0.2671648562 -0.3646253645 -0.6252775192 -2.4586827755 0.0342002437 0.2730008960 -0.6551337838 -0.2092389166 -0.5484786034 -2.0153191090 -0.0555530004 -0.3938684762 0.0440181084 -1.7716574669 -0.8855600953 0.2560055554 0.0297851898 -0.1509443074 -0.5591475964 -0.8350892067 -0.4187580645 -0.0262486823 -0.3917674422 -0.5704719424 0.2053451538 -1.0734945536 0.4452437460 -0.3996203542 0.6182758808 1.2221552134 -0.4413776696 -1.2122167349 -0.0677511469 -0.5926452875 0.4936007559 -0.1761322021 -0.2784765065 0.7504180074 -0.4149333835 1.9628117085 0.0302220732 -0.4078604877 0.3409831226 0.1498564631 -0.3107223809 -0.1475839317 1.0110605955 0.3401837647 -2.5614218712 -0.9055495858 -1.7314807177 0.0166236460 -0.0450825766 0.1738549024 -0.2960889041 -0.7511821389 0.1898877472 0.0137346620 -0.3837447464 -0.1681959033 -0.2325553596 -0.2443321198 1.2442402840 0.2250081003 -0.2023457289 0.2249002606 -0.5382691622 0.0303131640 -0.4919262230 -0.2843752801 -0.0106386030 0.8113998175 -0.0454447418 -0.2181651890 -1.6463410854 -1.4120246172 0.2935236096 0.5539267659 0.9813938141 -1.7581964731 -0.1203904301 -0.4128903151 -0.3355402052 -0.6360458732 0.1187210605 -1.8042452335 -0.5233363509 -0.5772316456 -1.3366993666 -0.2808535099 -0.2918232381 -0.0082120560 -0.2451071441 -0.6878516078 0.8437955976 -1.2861893177 0.3536668718 0.5368219018 -1.4882313013 -0.3561640382 0.3270478547 0.2768514156 -0.3993795514 -1.3640716076 0.3238423169 -0.0256424025 -0.3704778254 0.0385962985 0.0523646176 -0.0208186954 -0.1252026111 -0.6056783199 0.4722861648 0.2696052790 -0.0155892149 1.0719503164 0.2465577126 0.2325599194 0.6016475558 -1.8475052118 0.7699736953 -1.4455124140 -0.3321032226 0.0804100335 -1.6536438465 -1.6620078087 -1.7049336433 -0.3796498179 -0.2919093370 -0.4554925561 0.4451249242 0.3509690166 -0.2539049387 -0.3774085641 -0.5492402911 0.5985056758 -0.2552363276 -0.6752157807 -0.9251165986 -0.6373890638 -0.9665017724 0.0227927342 -0.5965173244 0.1044150814 -0.0506759509 -0.2902325690 0.0468665436 -0.8453444839 -0.3554758728 -1.3433096409 -0.6486448050 -0.1372070909 -0.6198464036 -0.0083896760 0.4064016640 -0.1673211604 -0.0754520446 -0.0361732543 -0.1373654455 -0.2130264342 -0.8048787117 -1.0225555897 -0.3554604352 0.2224650830 -1.0766422749 0.2865460217 -0.1036903113 0.3868426383 0.0523014069 -0.3485327661 -0.1978685856 -2.7457106113 -0.9928764105 -0.3526025712 -0.2283947915 -1.4339541197 -0.3379635811 -1.4371579885 -1.3136209249 -1.0951157808 -0.8940135837 -0.0866282508 0.0500794463 -0.7063971162 -0.1757706106 -0.2209914029 -0.4860193431 -0.5320583582 -0.6505746245 -1.2915935516 -0.6573020816 0.8567209244 -0.0594174005 0.8212500215 -0.0172407962 0.0408074595 0.0523276851 -0.0091729360 0.2895353734 0.1643643081 -0.1685162932 -0.3814074993 0.3906881511 0.1322638988 0.2877032459 -0.0488985926 -0.9221082926 -0.4220401943 -0.6003369689 0.6373453140 -0.4378511012 -0.0570866987 1.0418361425 0.0480368175 -0.1093427688 -0.4846387208 -0.2944508493 0.0393593311 -0.9941712022 0.5785905719 -0.6160835028 0.2032008916 -0.1587020308 -1.0894097090 -0.0263790321
-1.3410768509 -1.2966755629 -0.3131804764 -0.5088816285 -0.1089004278 0.1463403851 -2.0789914131 0.3518074155 -1.3712717295 -0.3843672872 -0.1987819523 -1.7221745253 -0.0595402271 -0.1874452084 0.0822496265 -0.1490696520 -0.5197551250 0.3023427725 -1.1638094187 -1.0056221485 -0.3735983968 -0.3791775107 -0.0018248305 0.0003523827 -0.3796754479 0.6083156466 -0.2269254178 -0.2763408720 1.1650869846 0.6033251286 0.2516207695 -0.2601639032 -1.1890780926 0.6577478647 -0.5027707815 -0.8612283468 -0.5275049806 -0.2987396121 -0.5030081868 -0.9283767343 0.0195055827 -0.0503361076 -0.1502161324 0.8364519477 -0.0780719668 -0.3336172104 0.1821757555 0.1501349658 -0.2201665491 -0.1888152659 -0.0834430158 -0.8073055744 -0.2619954944 -0.3698327541 -0.1329888552 0.5776315331 -0.3025580347 0.2028310448 0.4276168644 -2.0744760036 -2.0360851288 0.4241329134 -1.6718204021 -0.0428124368 0.0546043925 -1.8244024515 -0.2125848085 -0.9918792844 1.6455100775 0.0910202563 -0.7232580781 0.0278872848 0.3727157712 -0.1493584365 0.6786617041 0.3540236652 -0.4419773817 -1.9414650202 0.4851076901 -1.1232376099 -0.3150982559 -0.1313447058 0.0594562888 0.0045108050 -0.8530185819 -0.0542506613 -0.2979984283 0.3246847987 -0.1779142767 -0.2101526707 -0.9797645211 0.5017288923 0.5939175487 -0.2942821085 -0.1531342417 0.8259830475 -0.2536687255 -0.3002239466 0.0281700045 -0.2337808311 0.0176448580 -0.7915312052 -0.5202487111 -0.3101746440 -0.3361654282 0.1097567976 -0.0320696719 -0.3972788453 -0.2715952992 -0.0826027691 -0.8679527044 -0.5535562038 -0.2405861169 0.3061452806 0.8001760840 0.5067132711 0.5289677978 -0.3099484444 0.9083582759 0.5189140439 0.0925537646 -0.0929542109 -0.2165391445 -0.2625788748 -0.0437003933 -0.0789117962 0.1275040060 -0.0684719682 -0.2418052703 0.3068677187 -0.0080312090 -0.3313659430 0.0276892148 -0.6398556232 -0.0837114528 -0.3212651610 -0.0524640754 0.0096863462 0.0446811244 -0.0454588942 -0.0182112977 -0.4774674177 0.9111214876 -0.0529650860 0.5225553513 -0.1811094135 -2.4990837574 -0.2365054786 0.9930077195 -0.3242080808 -0.1444755197 0.7146534920 0.0231091585 -0.4498163164 0.0126651358 -0.2167238891 -0.2702589631 -0.0331481658 0.2863796949 0.0794656947 -0.3149612248 -0.0739493147 -0.4941687584 0.5678363442 0.8142603636 0.1805268228 -0.5573400855 0.1622794122 -0.5873919725 -0.1793809086 -1.0748276711 0.6788929701 0.0523755625 -0.8160819411 -1.3757259846 -0.0457603261 -0.3701961040 -0.0869390965 -0.7002491355 -1.4335234165 -1.2202678919 -0.6430013776 -0.5486102700 0.3557841182 0.7000364661 0.4468492270 0.0586436428 0.4620310366 0.3100222051 0.4901776314 -0.0726816803 -0.1016085967 -0.8110362887 -0.8373531103 0.7219197154 0.5448686481 0.3457363844 0.5416538715 -0.7626367211 -0.0449825004 0.3813908398 -0.1881531030 -0.4586496651 0.3093789518 0.2660140693 0.4323791265 -1.9502947330 0.0918993577 0.1919101924 -0.2331546247 0.4319289029 -1.6754090786 -0.8132432699 -0.1852978617 -1.6178034544 0.9866034389 -0.2804982960 0.0341444686 0.0492356643 0.4463585019 0.7416118383 0.1375720352 -0.6947497725 0.2173753530 0.4073998630 -0.0236387011 0.7537931800 0.0080406815 0.2824926376 0.9033808112 -0.2248071581 -0.1994303018 -0.3378479481 -0.8672068715 0.0517732054 0.5471311212 -0.0026294738 -2.6753849983 -0.4986249506 -0.1204666346 -0.4603188038 -0.7217937708 -0.1925352514 -0.3894420564 -0.0718247965 0.0389964245 -0.5348824859 -0.0810620487 0.0257976800 1.6235486269 0.1501756608 -0.0726270452 0.3921760321 -0.4996356368 -0.4272646606 -0.5881686807
-0.4098788202 -0.0238719862 0.2899014950 0.0374859497 -0.2951485217 -0.4628026783 -0.7344769239 0.1990423203 0.1554975808 -0.5038403273 -0.0459715277 -0.6536073685 -0.0786387920 -0.0426883586 0.4054113328 -0.0278538931 0.1721673757 0.2149858475 -0.2772316933 0.2478356808 -0.6537140012 0.3008820415 0.3692266941 0.0441426933 -0.4820230901 -0.1909262985 0.0338546112 0.1969156265 -0.6947722435 -0.1107841283 -0.0338212326 -0.1684599519 0.0556888245 0.0704610348 0.1353338808 -0.2015836090 0.1983321309 -0.5835277438 0.3728197813 -0.4094831944 0.1467589736 0.0452554300 -0.0254358947 -0.1437082738 0.1483484358 0.0416496806 -0.1653708816 -0.3038709462 -0.1972812414 0.0030959514 0.0950470567 -0.2116623819 0.2062626481 0.2152050138 -0.0277560055 0.2023246288 -0.0589361973 -0.2477228194 0.7068482637 -0.7211736441 -0.2828344107 -0.2529682517 0.0146197509 -0.0640385002 0.0513365753 0.1996919066 -0.0178061333 0.1149761900 -1.1464326382 -0.2683873177 -0.0602533184 0.0526468456 -0.2144643813 -0.1658679098 -0.6354183555 -0.7363662720 -0.4481471181 -0.1939950287 -0.0196491536 0.3373874724 -0.1031480581 -0.2365698367 -0.0249134749 -0.0051808432 -0.2849232852 -0.2883788943 -1.8861699104 0.3682263494 0.0004964578 0.0547684915 -0.1430805624 -0.1918753237 0.0933534577 -0.1186322272 0.0555578396 0.9997178912 -0.0844785422 0.1123929322 0.0318026245 -0.0431584157 -0.3253387511 -0.2471500933 0.1822007596 -1.1282763481 -0.0269805305 -0.0487657711 1.0701549053 -0.9629796147 -0.0632929727 -0.3099209070 -0.2623488605 0.2804880738 -0.0224206522 -0.0008829979 0.0884254053 0.1805213839 -0.0655623972 -0.1524067968 -0.3622210920 0.1409394741 -0.0279038772 -0.0719108582 0.0431442186 -0.0282378085 -0.0319130681 -0.2455647588 0.0387432836 0.2805069983 0.0453788675 0.0819945410 0.0588949174 -0.0542824529 0.1219446957 0.0695844740 -0.7490034103 -0.1504203230 0.0514928326 -0.0754630268 -0.5181981921 0.0592766777 0.0351957455 0.0804672092 0.3730856478 -0.0163269173 0.0135486070 -0.0551203042 -0.0986682177 -0.4274238050 0.5283193588 -0.0027388998 -0.0589818954 0.1942586899 0.0002272944 0.2369774282 -0.1291842461 0.0445057414 -0.1237744987 0.0053964737 0.0688314661 -0.0053697033 -0.5687350035 0.1608642191 -0.5332494974 -0.5849158168 -0.2306381911 0.2270575315 0.1370498985 -0.2473085076 0.0141636264 -0.1192062348 0.0196302701 0.0711546093 -0.0473554209 0.2072580159 0.1337877661 0.0389589220 -0.5896917582 -0.0108490353 0.0779161155 -0.3584820032 0.0183909498 0.0348333195 -0.1765647680 0.2169800401 -0.0682449117 0.0786595941 0.0013445693 0.2309104800 0.9404979348 0.1477628350 -0.2656408846 0.2255967855 0.2663837969 0.1656917185 -0.2114954591 -0.1684170514 -0.7663095593 -0.0335560553 1.2569415569 -0.0029973760 0.5627486706 -0.0992161930 0.0543596596 0.0363289490 -0.3482954502 0.0444575176 -0.1420385987 -0.2003334016 0.6103240848 0.0075308802 -0.0652805865 0.3044568002 -0.5801743269 -0.0627024099 -0.2006886303 -0.0233736448 0.2477811426 0.0013045169 0.2239502370 -0.4935514629 0.0665030032 0.5836095810 -0.5222421288 0.2262715101 -0.8961737752 0.0549303629 0.1388001591 -0.0145915896 -0.1910229623 0.2311870605 0.0778893381 -0.2111838460 -0.4700263739 -0.3319490552 0.0529239736 -0.0443317443 0.0302809551 -0.2563579381 -0.3886022568 0.0442165956 -0.5599097610 -0.3639388084 0.3294488192 -0.0131273344 -0.0175597407 0.5344911814 0.1265609413 -0.3521191776 -0.0153987780 -0.0095610339 0.1964457631 -0.0224730819 -0.8497931957 0.1983171403 0.2797780633 -0.1088587716
0.8305873275 -0.5305305719 -0.1953449696 -1.2148603201 0.9710513949 -0.2085941434 -1.3770008087 0.2199734300 0.0452537462 0.4767954051 -0.3057552576 -0.8497852683 -0.2394668162 -0.1927809268 0.7773332596 0.3483090103 0.1607602388 -0.9105918407 -0.9656165838 -0.1941202134 -0.5653507113 -0.2573367953 -0.2372784913 0.0539899245 -1.1072655916 -0.1136308834 0.5847863555 0.2495696396 -0.7692052126 0.4806483090 0.6066255569 -1.9129166603 -0.0710697845 0.6552895308 0.4422068596 -1.2121199369 -0.7058776617 0.0982011035 0.0493594445 -0.3485990167 0.2040043324 -0.0159238130 -0.4369515777 0.2492318153 0.2524017990 0.5584018826 0.4629325867 0.5121861100 -0.1068286449 -0.3224616349 0.2811659873 -1.7081229687 -0.3861309588 -0.9538536668 0.1145032719 -0.0272923857 1.0115699768 -0.7360118628 -0.2170361280 0.5043786168 -0.6275593042 0.4546077847 0.2778607607 -0.0466082729 0.3840865195 -2.0172071457 -0.2133947313 0.3426713943 -1.0089926720 0.8469717503 0.1142106801 0.0091814771 -0.5474787354 -0.9592844248 -0.2528723776 0.5810655951 1.2875223160 -0.8706661463 -0.1253676116 1.0536090136 -0.2791410983 -0.4428816736 -0.0152944922 0.0225397795 0.0273734704 0.1785591990 -0.0687656701 -0.6964965463 0.1659979075 0.0484527089 -0.0866113976 -0.2108690888 -1.2458856106 -0.3512433171 -0.8038833141 0.7851189971 -0.4442940950 0.1329528242 0.0496448725 0.0466154255 -0.6192513108 0.2913505435 -0.2079023570 0.3081924915 -0.6741475463 0.1008436978 -0.0946174636 0.8154709935 -0.1357483566 -0.3214129210 -0.6224486828 0.1349199563 -0.0831188038 -0.1634010673 -0.8711669445 -0.6463772058 0.3488728702 -0.0404717848 -1.0082211494 1.3246896267 1.3342924118 0.0481338836 0.5391222239 0.0259305630 -0.2245386839 -1.0340520144 0.2278715521 -0.2672186792 -0.4135200679 -0.8474744558 -0.4347810447 -0.5017419457 0.0499447137 0.2394755334 0.6355352402 0.4032568634 0.0151301622 -2.3090765476 -0.4923236668 0.0032552481 0.0192729607 0.0356425755 -0.1424472183 1.4261244535 -0.7711042166 -0.7774712443 0.5559400320 0.5759801865 0.6232789755 -0.4657231569 0.4654346704 -0.0907561406 -1.0173661709 -1.1283416748 0.2595027685 -1.2835724354 -0.0910757706 -1.0650929213 0.2396747470 -0.3919650018 0.4135686457 -0.3991438150 -0.6185907722 -0.6018533707 0.9909877181 0.0481648929 -0.7344617844 -0.8263769746 -1.2707378864 -0.2098850608 -0.5150543451 0.2385986894 -0.0341267437 -0.2186670005 -0.2376981080 0.0000805631 -0.9457992315 0.6996418834 0.3918638527 -0.6433198452 -1.7528495789 0.2715240717 -0.2683305144 -0.7062335610 0.2510842681 -1.2614185810 1.1765813828 -1.7388024330 -0.3881506324 0.2850504518 0.4510864615 -0.6251240969 1.2138128281 1.0205245018 -1.4164776802 0.0041251015 -0.2096649557 -1.3850404024 0.2466591597 -0.0220066234 0.5649874210 -0.8975927234 0.2704795599 0.0186938606 -2.1007246971 -0.2659392655 -0.5545697808 0.8766455650 -0.3259669244 0.0814534798 -0.0224244688 -0.9399456978 0.4492410719 0.0527123399 -1.0431594849 -0.8536171317 -1.4641065598 0.2980677187 -0.8290240169 0.3389796019 -0.4387079477 -0.8284169436 0.1127096042 0.1469769031 1.0740541220 0.2833955288 -0.8106016517 0.0175948627 -0.3757929802 1.5792145729 -0.7631352544 -0.6928825974 -0.2875728309 -0.6782262921 -0.6232764125 -0.2983262539 0.0336332917 0.8563537002 0.0573904738 0.2312934101 0.4758597612 0.6172797084 -1.5572286844 0.5413066149 0.3368568718 0.0472652689 0.0596416816 -1.6202971935 0.0004600435 0.1291789860 0.2457276434 -0.4106361866 -0.2627586722 0.0523852929 -0.9960956573 0.4874298275
-0.2837756574 -0.1628183872 -0.1513092369 -0.0223201830 -0.0070042498 -0.0825226307 -1.2995382547 -0.0807978213 -0.0223919097 -0.5343574882 -0.0547947846 -0.3428100944 -0.2568802238 0.1637386829 -0.2380567342 0.4068814814 -0.2885254920 -0.0130925318 -0.5658645630 0.4376654029 -0.3596823812 -0.9104899168 0.7322390079 -0.0283544436 -0.5390375257 -0.5152215362 -0.5661499500 0.0093667014 -0.1161020175 -0.0696547627 -0.3312609196 0.3186570406 0.0537057780 0.1145465374 -0.2116536349 -0.0483985692 0.2898424566 0.6963260770 0.2153660059 0.4943271577 -0.9294126630 0.0447306558 0.0104704592 0.8632357121 0.0716607347 -0.1700746715 -0.2377304584 1.2803071737 0.0069574574 -0.4457865953 -0.2946487963 -1.8381584883 0.0268936139 -0.2551175654 -0.2608603239 -0.0683944449 -0.9784452915 -0.0841009170 0.0786812380 -1.4470442533 -1.5633740425 -0.6853978634 -0.5824441314 0.0396565646 -0.4985465109 -0.4578932226 -0.0572939068 -0.3303569257 -0.2536673248 0.0377352349 -0.3169715106 0.0089462250 -0.3628561199 0.2533337176 -0.2525096536 -0.4665090442 -0.4514603615 -0.3387203217 -0.4871858656 -0.6794669628 -0.3978004456 -0.5553119779 0.0246540159 -0.0402928814 0.1064379737 0.0823496953 -0.0883628950 -0.0027330997 0.2084737271 0.3186188042 -0.2404781580 -0.1144176573 0.4413731396 -0.2886041105 -0.0767725855 0.3004391789 0.0637569949 -1.3468414545 0.0142192096 -0.2393566221 -0.2548228502 0.0416009054 -0.4096965492 0.1080718488 0.0289889984 -0.5854064226 0.2480821759 -0.2589854896 -0.3235333562 0.2343236208 0.1578907818 -0.0478624888 0.1084096804 0.0137244286 0.4381302893 -0.5918274522 -0.1893077940 0.1142459363 -0.5327389240 -0.0595803894 -0.0907618999 -0.2636117935 -0.7346451879 -0.3672616184 0.0733271167 -2.3153996468 -0.0054145316 -0.1885673404 -0.4275700450 -0.1521479487 0.4712429345 -0.1999561042 -0.0344342478 -0.0325439982 -0.5009570122 -0.6195663810 -0.0443684161 -0.0063329549 0.1303540915 0.0182132199 -0.0209788531 0.3539338410 -0.6284843087 -0.5229326487 -0.7905498147 0.0003886372 -0.3699333966 0.1521510184 -0.8820922971 -0.0614768974 -0.4345127046 -0.2128612846 0.3335357308 0.5350441933 -0.0820236355 -0.1042862833 -0.0854529962 0.0539527684 0.4802075624 0.0148515413 -0.2104937732 -0.6470907927 -0.6174564362 0.0199480299 -0.7878097296 0.0160205383 0.6325186491 -0.2719898224 0.0361852758 -0.3468413651 -0.2232917547 -0.1047740951 -0.0185922608 0.1587945819 -0.3306463659 0.0469679460 0.0446460024 -0.1813653558 -0.2987032235 -0.1213820428 0.2283588797 -0.0287583526 0.8911117911 0.0336319655 -0.0857467651 0.5409973860 0.0412600078 -0.0181065984 0.8926701546 -0.4563383460 0.5955483317 0.9537650943 0.1204392314 0.1834679693 -0.0281273406 0.0946179405 -0.0094191469 -0.1732280701 -0.7014109492 0.0051005930 0.3685184717 -0.1934602261 -0.5086049438 0.2079746127 -0.0325532444 -0.1061201617 -0.2287869602 0.2441924512 -0.5485336185 -0.1934824884 -0.0432294048 0.1614199877 0.0636042953 0.2234619260 -0.0989262834 0.0965543166 -0.2059566826 -0.3241159618 -0.0339097306 -0.3170093596 -0.9567618370 -0.7418310046 -0.0899993703 -0.1945090741 1.1341242790 0.5735342503 -0.2256376594 -0.0484654680 -0.5607275367 -0.1972579807 0.4185243845 0.8463259935 0.0580938756 0.1248638183 0.1891930550 -0.2190670818 -0.0234239027 -0.3718417883 -1.0537075996 0.5386617184 -0.7197015285 0.2164690197 0.1839440912 -1.3369647264 0.3430352509 -0.0208214223 0.0165174007 -0.6164624691 -0.0591741577 0.2806538343 -0.2256424725 0.1235507652 -0.8289619088 0.2776190639 0.3025540411 -0.4920505285
0.0391158201 0.7370517254 0.3649330735 0.5854287744 -0.5563354492 1.0495703220 -0.0576079935 0.1216361895 -1.6904929876 0.0775284618 -0.1411855668 -0.6414816976 -0.5113135576 -0.2649603486 -0.0585692301 0.4157185256 1.1143434048 -0.5446729064 0.9487144947 0.6139112711 -0.5283723474 -0.2142728269 -1.5887113810 0.0570823029 -1.0898133516 -0.3788309395 0.2131026387 1.3495702744 -0.6976892948 -0.8780264854 0.6989673972 -1.3211936951 -1.0235252380 -1.3847697973 -0.2508778870 -0.6054988503 -0.6597654223 -0.2576980293 0.2952282131 0.5645415187 0.2093542516 -0.0311663952 0.7931640148 0.6621500254 0.5227680206 -0.0730273053 -0.5484688878 1.0912419558 -1.5164355040 -0.6658791900 0.6941275597 0.9076538086 0.0048875706 -0.1629243046 -0.0663598403 -0.0435700603 -0.0970572829 -0.0654939711 -0.6530797482 -0.7124282718 -0.3992470801 -0.9845344424 -0.0902025551 -0.0360311866 -0.7625568509 -0.3039607108 -1.4284393787 -0.3390277326 0.1131315082 0.3317669928 0.0021677271 -0.0418268144 -0.2161079347 -0.0084073907 -0.2696959674 -1.3517733812 -1.6625934839 0.5457404852 -0.4449155331 -0.2463704944 0.2040988803 1.0828698874 -0.0481884629 -0.0488540381 -0.9088355303 0.2069814056 -0.1709619910 0.9099601507 -0.5472455621 0.4597196877 -0.3595576882 -0.0089792255 0.1108785346 -0.8050594926 0.1019374132 -0.0784241259 -1.0693377256 0.4017307758 -0.0010313839 0.1644194573 0.4816951454 0.3451920152 0.4585554302 -0.0615002662 0.6222910285 -0.0548684113 0.4094338417 0.2930148840 -0.2706783116 0.7736192942 -0.7804760933 -0.2725808322 -1.2896386385 0.1285639852 -0.4535291195 -1.6548310518 -1.3656234741 -0.1774588376 0.3057584465 -0.2023493648 0.4686216414 -2.0732955933 0.6288401484 0.1909637898 -0.2893048227 -0.6839572787 -0.6176654696 -0.3412339389 -0.5480946302 0.6525987387 0.0150509328 -0.4643877149 0.3741710186 0.0461562239 0.2568296492 0.3677684069 -0.0126986429 0.4444855452 -0.3787606955 -0.0542686209 0.0320787653 0.0151697639 -0.3206997216 0.3478752375 0.7294405699 0.0412730314 -0.0627531782 -0.1188724637 -0.7421498895 -1.2041952610 -0.3251157999 -0.2848873138 -0.5427021980 -0.3730826378 -0.1152585521 -0.3469797671 -0.2049185187 -0.4875041246 0.2052690536 -0.5729898810 0.4326927662 -0.6039656997 -0.0689046532 -0.0756732002 -2.0374767780 -0.2980659902 0.1905809641 0.2743245959 0.1510159969 -0.3066345453 -0.9704384208 -0.1100879833 0.0310337692 1.2917376757 -1.0966761112 0.0619500503 0.0439166985 -0.1459450126 -0.2712774873 -0.6006154418 0.2213501483 -0.5355200171 -1.7628365755 -1.0113651752 -0.5802794695 0.3560061753 1.0221176147 -1.1056275368 0.1753490567 0.6183166504 1.6085007191 1.3775024414 0.7003903985 0.1649882942 0.4794508219 0.2888398468 0.9120535254 -0.6684625745 0.1704268008 -0.0189020187 -0.2979125679 -0.4206265509 0.1715384722 -0.1332855970 -0.1506543756 0.5121974349 -0.1409965008 0.3524386883 -0.6172285080 -0.2900650203 -1.2185069323 0.7756204605 -0.0298761614 -0.0135355620 0.2911573350 0.0125133004 -0.3044955432 -0.6307072639 -0.2191744447 -0.3914365470 -1.3743386269 -1.3783974648 -0.3282479346 0.6809064746 -0.2055200189 -1.9539579153 -0.0336429216 0.0356923789 0.2169861794 0.7599397898 0.4536886215 -0.8721089959 0.4263820350 0.4201311171 0.1374253035 0.1260535717 0.0334034562 1.1594500542 -0.1181217805 -0.1358313560 0.1294348240 -0.2312794775 -0.1983772069 -0.7037338614 -0.1248340607 -1.1597546339 -0.3881708682 0.3663316667 -0.0465547144 0.0306647941 0.1658097059 0.1468428671 -1.1176342964 0.1980415583 -0.3166970313 -0.5499353409
-0.0184237137 -0.0697492212 0.0244328976 0.0085108755 -0.0425778031 -0.0094878348 0.0086419173 -0.0149216102 0.0229278617 -0.0272677355 -0.0256847553 -0.0045553958 0.0386070199 -0.0150008062 -0.0048433575 -0.0346534885 0.0212908480 0.0180877969 -0.0632648245 0.0111638317 -0.0236422438 0.0123751955 0.0396077819 -0.0514175296 0.0223620683 0.0408656299 -0.0327483863 -0.0387630761 0.0452071056 0.0559878796 0.0113923913 0.0234781653 -0.0446323641 0.0017015322 0.0083107827 -0.0059626624 -0.0168925300 0.0349748433 0.0562276170 -0.1064994857 -0.0675288662 -0.0279642567 -0.0905225277 0.0387837254 0.0585126765 -0.0320318341 -0.0394801050 0.0213667024 -0.0436743200 -0.0068195756 -0.0171862394 -0.0431535318 0.0002687871 -0.0265876055 -0.0061659063 -0.0598323941 -0.0228293855 0.0097176805 0.0260950979 -0.0430744663 -0.0059776362 -0.0637986884 0.0096522197 -0.0058149183 -0.0035335284 -0.0601818413 -0.0101195406 -0.0314110070 0.0553587452 -0.0085149184 -0.0465367287 -0.0166304410 -0.0561200008 0.0171411522 -0.0174243748 -0.0292118862 -0.0086639691 0.0245129950 -0.0499078929 -0.0102211041 -0.0271591991 -0.0675726533 0.0228141546 -0.0603468567 0.0025161144 -0.0314612314 -0.0676067546 0.0429366380 -0.0380707830 0.0367320552 -0.0444331765 -0.0646927580 -0.0963180661 -0.1008509025 0.0444568172 0.0055542253 -0.0961684883 -0.0430911891 -0.0422041789 -0.0794879571 -0.0156494603 -0.0842228010 -0.0876131430 -0.0715066716 -0.0875432789 -0.0114557408 0.0150679545 0.0464938916 -0.0479585305 -0.0182726439 0.0272530690 -0.0136428624 0.0000318962 -0.0397258215 0.0766458213 0.0002571493 -0.0483774170 0.0434511416 0.0293165296 -0.0191758424 0.0319266431 -0.0752706379 -0.0013482745 0.0177336894 0.0296047796 -0.0687950477 -0.0727685839 -0.0652991980 -0.0964677259 0.0445621237 -0.0487359017 -0.0252812244 0.0472711027 0.0318186060 -0.0633949712 -0.0120136868 -0.0587521493 -0.0318143554 0.0351925828 0.0579066575 0.0405469686 0.0438338853 -0.0451356359 0.0106981322 -0.0122785764 0.0185680743 -0.0818370432 0.0126672415 -0.0709254667 -0.0879890397 0.0126041202 0.0367684290 -0.0562379211 -0.0602663346 0.0150993532 -0.0171918087 0.0277721509 -0.0321168490 0.0386173278 0.0382822715 -0.0047809416 -0.0151907848 -0.0825598240 -0.0580299757 0.0034509273 -0.0010047629 -0.0606502928 -0.0047230348 0.0161838904 0.0278903972 0.0223296043 0.0165172294 -0.0555345044 -0.0440865420 0.0047029085 0.0401654318 -0.0482213870 -0.0727407336 -0.0430662930 -0.0485243574 -0.0453181602 0.0479335934 -0.0516490042 0.0165959802 -0.0849943459 0.0163325295 0.0113147208 -0.0304979645 -0.0537784286 -0.0124024013 -0.0046959198 0.0323902480 -0.0100002512 -0.0630369410 0.0202737637 -0.0410752706 -0.0482403338 0.0276578050 -0.0550919436 0.0608965755 -0.0002436798 0.0327503234 -0.0613736473 -0.0195686463 -0.0665988401 -0.0035918131 -0.0692653209 -0.0114833042 0.0431514122 -0.0925794691 0.0426112786 -0.0676394030 -0.0177673548 -0.0448487885 0.0400137454 0.0524735227 -0.0280718077 -0.0312220044 0.0450773910 -0.0372798368 0.0044926447 -0.0499326140 0.0316649750 0.0324229486 0.0461262688 -0.0057335147 -0.0089874342 0.0524324998 -0.0801567808 0.0449869633 -0.0348944739 -0.0274059903 0.0363675542 -0.0540278591 -0.0358221568 0.0565845892 -0.0118451640 0.0032111052 0.0124531519 -0.0638907105 0.0389519706 -0.0182400141 0.0086677745 -0.0247689188 -0.0498458855 0.0295307301 -0.0493074805 -0.0844133869 -0.0479954705 -0.0458132364 0.0338665843 -0.0547501519 0.0643800646 0.0121049657 0.0006074517 0.0487234890
-0.2602890432 -0.9121172428 0.0517635420 0.8441364765 0.5910559297 -1.3260259628 0.1052008197 -0.5578315854 0.0970435068 -0.1113713086 -0.1377732903 0.4428336620 0.3462496102 -0.2480875254 0.1043369994 -0.3000487089 0.1138851419 -0.1139973179 0.4666347206 -0.3602171838 -1.1405014992 -1.1793086529 -0.0813907832 0.0317899883 -0.5985586643 -0.9386010170 -0.4421190917 1.1469185352 -0.1710525453 0.0538390651 -0.6571398973 -2.1883952618 -1.0720379353 0.2587800324 -0.8888813257 -0.0563386753 -1.4097671509 -0.4948215783 -0.4214406312 -0.9993345737 0.8032616377 -0.0611551367 -1.3932740688 -0.2490499318 -1.0645525455 -1.0822782516 -0.1850648075 0.0811734423 1.2186366320 0.2666908503 -0.0721978024 -0.3979588151 -0.4451596141 -0.7189157605 0.3069378138 0.7049158216 -0.7242515683 -0.4417353570 -0.2167595178 -0.7970829010 -0.2964949310 0.5694854259 -1.0073071718 0.0164348390 0.0168220866 -0.6660527587 -0.3151280582 -1.4778203964 0.0145551022 0.3975508213 0.1133427918 0.0249945745 -0.7277407646 -0.3344998956 -0.5469725132 -0.5015894175 -0.1178338304 0.3288131952 -0.1961470693 -1.1831145287 -0.0347449630 0.6953941584 0.0164679885 -0.0296935290 -0.7394789457 -0.4215259254 -1.2996261120 -0.4342553020 -0.2616509795 -0.3158852756 0.5947477818 -0.2338209748 -0.2175935209 -0.9061212540 -0.3436126709 1.1116902828 -0.4962013066 -0.3212307990 0.0237425268 0.1092671379 0.3925061822 -0.7991229892 0.1042931378 -0.8905757070 0.4238893688 0.0329753794 -0.4511139095 0.6686165929 -0.1490755677 0.4759683013 -1.2316678762 -0.1557421386 0.0546833202 0.1038065776 -0.3317769170 0.3743529618 -0.4025623798 -0.9764086604 -0.4662458897 -0.0580708086 -1.0682104826 -0.4454522133 -0.5264893174 0.0119791236 -0.0728752986 -0.1803921759 0.3074207306 -0.5393416882 0.4316308498 -0.4222520292 0.3193171918 0.6598417163 -0.1957783997 -0.0372014567 -0.2046311647 1.0909234285 -0.0468857363 -0.1202358156 -0.2735171020 -0.0239727274 0.0113138333 0.5320578814 -0.6333178878 0.5468724966 -1.1176035404 -0.9783934355 0.3853221536 0.1544693410 -0.3506945074 -0.3477934003 0.5902103782 0.0656279624 0.7124232650 -1.1017832756 -0.7153574228 -0.9138605595 -0.3359670639 -0.0422187820 -0.0100350585 -0.1718174219 0.0678814650 0.4195439517 -0.3136912882 0.5928779244 -2.3054916859 0.2172141969 -0.1461667717 -1.0214722157 -0.7724969387 -1.8873642683 -0.2470167130 -0.3619667590 0.0407084897 0.1875024140 -0.4219005704 -0.0496498793 0.8894597292 -0.9699205756 -0.3909037709 -0.3552118540 -0.0380186774 -0.2585129738 -0.2660487592 -0.5022352934 0.1622013450 0.1570236087 0.0245036334 -0.4890866876 -0.1283361614 0.0142916432 -0.3339154124 -0.5416352749 -0.1812098771 -0.8435388207 -0.8504220843 -0.3572025001 -0.2979640961 -1.2558444738 -0.2905367315 -0.0592247620 0.1567234993 0.5623887181 -0.5780352354 -0.4247888327 -0.4933761954 -0.3734491765 -1.0289310217 -0.0109662525 0.0855593532 -0.7426516414 0.3289716840 -0.6231798530 0.6561447382 -0.3868928552 -0.4616135359 0.0325111486 0.2794142365 -0.1142351478 -0.1340482235 -0.7180868983 0.4633479714 -0.2765724361 -0.5768762231 0.1658503711 0.0012777556 -0.0831757709 -0.0307737123 -0.0369046703 0.1776619554 0.9166452289 0.1891330034 -0.0902860090 0.0141118169 -0.5674135089 -0.7109369636 -0.4929248989 -0.0285204947 -0.9512566328 -0.2554331422 0.1523419917 0.2296940684 -0.2713789940 -0.2327592522 0.3882571459 -0.0955890641 -0.2223836631 0.0246746000 0.2476113737 -0.0504581332 -0.8747343421 -0.3387507200 -0.1206238717 -0.6803621650 0.2941771448 -0.3743584454 0.5441502929
-0.2425635904 -0.4747039676 0.2467083782 -0.2683652639 0.4283254743 0.6755359769 -0.6222818494 0.3113904297 -0.7031216025 0.1297906190 0.4006893337 -0.0795035809 -0.1719712019 -0.8864899278 0.9092832804 0.9221157432 -1.2937622070 0.1099201664 -0.9417785406 -0.2099855095 -0.0249664932 -0.3119781911 -0.3390803635 0.0127027296 -0.1874143630 0.9120858908 -0.0914729461 0.2033538967 0.2296426445 0.0555674993 -0.6115773320 0.2010171264 0.1352119148 0.0179371387 -0.0180568192 0.3064459562 0.1699685603 0.8706529140 0.1839737445 0.1304797530 0.0002101048 0.0427560396 0.0176211931 -0.9814282060 -0.1171042100 -0.5207826495 -1.1458103657 0.5511071086 -0.0526944660 0.0521906279 1.0600574017 0.1348117441 0.1868496686 0.3478180170 0.7364756465 0.1171880290 -0.1598080397 0.5128983259 0.0810183883 0.9253879189 0.2023973614 0.1622423083 0.2244039923 -0.0045645908 0.2195084542 0.5912984610 0.6337136030 0.3259589970 0.1206666380 0.3146347106 0.9563359618 0.0217800587 0.4002232552 -0.7995010018 -0.3246482015 -0.9770864248 -0.8617641926 -0.2969729006 0.0109765297 -0.0786100104 0.6109466553 0.4344483614 0.0451899841 0.0505328104 0.7891069651 -0.0454848893 -0.4259351194 0.0077767535 -1.7291632891 0.7232491374 0.8539566398 0.0385573022 -0.4202573001 0.8826589584 0.4405649006 -1.2407547235 -0.6258776784 0.3000675738 -0.0315715671 0.8312346935 0.0020545265 -0.3748239875 0.1367572397 -0.2881729007 0.2820041180 0.1885824203 -0.9344255924 1.1101267338 0.3987700045 -0.1508702040 -0.0573906973 -0.3377066851 -0.5205329657 0.2097538412 0.2946724892 -0.1561713815 -0.0458736271 0.2248332202 0.9109741449 -0.3228738010 -0.0895962790 -1.0219764709 0.0233220272 0.0939064026 -0.1146404296 0.5849592686 -0.0164870508 -0.0306370407 -1.3706098795 0.0002701260 -0.1579343230 0.6010330319 0.1776726991 0.3547334969 0.3403500915 -0.2912338674 -0.0388766155 -0.0815837830 0.5004418492 0.0143582374 0.0583944321 -0.0270664226 -0.3826853931 -0.5033661127 -0.3753086030 -0.1503420621 -0.5454443097 0.3781188428 -0.2101416886 1.3749498129 -0.0479591563 0.0327973180 0.6097906828 0.1051897705 -0.9135976434 -0.0233057737 -1.0008002520 -0.8878882527 -0.7223577499 -1.8431135416 -0.1473946869 -0.1744381338 -0.0208546259 -0.0304228701 0.3134362102 -0.4158940911 -0.6640339494 -0.5238803029 -0.0273395088 -0.3680778444 -1.7400933504 0.1800059080 0.0596153066 -0.6538978219 -0.6238174438 -0.0223024338 0.5311220884 0.0586279966 -0.6071559191 1.6331402063 -0.0065060081 0.1247099489 -0.1524651796 -0.4678100049 0.1459923387 -1.1159619093 0.1766169518 0.1799346358 -1.3267180920 0.5185681581 -0.1427406222 -1.4646453857 -0.8044961691 0.0197815448 1.0882036686 -0.1110831052 0.8581349850 -0.3886699975 0.6216173768 -0.0363212898 -0.3300178647 0.3254312277 0.1939164698 -0.0825655311 -0.1276158243 -0.1243326887 0.0850525051 0.2148137838 -1.2877625227 -0.3851085603 -0.1959218830 -0.5045273900 0.4484366179 -0.0716881454 0.0040160250 0.2434039861 0.3394950926 -0.1300478578 0.1429117471 -0.9057704210 0.5442554951 -0.7404645681 -0.2226213515 -0.5331515670 -0.5678489208 -0.2312233299 0.3742952943 0.0482076257 -0.4633075893 0.1224579886 0.4218240082 -2.2804007530 -1.6285363436 0.5703627467 0.0974136293 0.0571672767 -0.0119783804 -0.2513178289 -0.5664934516 0.9780551195 -0.0272231102 0.0085959574 0.2951601744 0.1492119431 0.1051580533 -0.9264204502 -0.2810663581 0.2726335526 -0.0413949862 -0.1490714848 0.0293932054 0.3548803926 -0.7460914254 0.5716065168 0.6271811128 0.3206415772
-0.4941019416 -0.7180144787 -0.0353421047 -0.0139343441 -0.2254775017 -1.3810613155 0.0616953783 -0.9548578262 0.3447626233 -1.1659585238 -1.0205887556 0.6524779797 -0.3432551920 0.4135916531 0.6824932098 -0.0553413630 -1.2036023140 0.0616681464 -0.2779283822 -0.5387970805 -0.6161208153 0.1823327094 0.3799420595 -0.0391400009 -0.5214773417 0.1212062016 0.0144657297 0.6321687698 -0.6819729805 0.0265690237 0.2933344543 -0.4435243309 -1.7609531879 0.5203783512 -1.6503121853 0.0146086812 -1.1337689161 -0.2120688707 -1.0816608667 -0.6225015521 0.3991383016 -0.0451017655 -0.8304062486 0.7108397484 -0.4892205596 0.6928611994 -0.6538578272 1.0029476881 -0.0704463124 -0.1470351368 -0.0168774147 0.0278695729 -0.0561955571 0.0071320250 -0.2075323462 -0.0350217149 0.2531303167 -0.0430912003 -0.4747114480 -0.5738843679 -1.1789143085 -0.2133659869 0.1354705989 -0.0516733415 0.0492330939 -0.0546120182 -0.1753174514 -0.0784203187 0.1131417975 -0.0560354516 -0.9317123890 -0.0253065377 -0.2848990560 -0.1413168460 -0.1336731464 -0.1955778599 0.7749267220 0.4370353222 -0.9109745026 -1.0759733915 -0.2180636078 -1.9308794737 -0.0555084869 0.0364475846 0.3111269474 0.0777709931 -0.0390930101 -0.0382590927 -0.3667330146 -0.1347438097 -0.7451106310 -1.5349229574 -0.2349635810 -0.5386738777 -0.0153243234 -0.0807393789 -0.2472508699 -0.9349583983 -0.0570701733 0.3408444524 0.2939527333 -1.4091721773 -0.1287882626 -0.9637323022 0.3412631154 -1.5989471674 0.0335903168 -0.6362643838 -0.2075361162 0.1892588884 -0.1817305535 -0.3669502735 0.1253752559 0.1317755729 -0.7015787363 0.1161208898 0.0195505060 -0.9908818603 -0.2336311489 -0.0350084193 -1.3669735193 -0.7429413795 -0.5934414864 -1.5850974321 -0.0424901247 0.7627931237 -1.6714398861 -0.4642397463 -0.4824309051 0.0268747937 0.3394400179 0.0154110994 -0.0196807850 -0.1004634574 0.1354319900 -0.0453950465 0.0044111162 -1.5103446245 0.3321431875 -0.0324442163 -0.0365794078 0.0896508023 -0.1745794415 -0.1793736368 0.0967315808 -0.3113643527 -0.8153505921 0.3541426659 -1.2304763794 -1.3109641075 -0.3869241774 -0.0621264800 -0.0855300725 -0.2086681277 -0.0193805993 -0.2459490001 -0.4922759533 -0.3513794243 1.0233428478 -0.6614696383 -0.0017589411 0.0784448311 0.5850662589 -0.2562542260 -0.0604707487 0.0168710239 0.4722645283 -0.0310275331 0.0050884774 -0.1849276721 -0.9740967751 0.1171374470 -0.0086192340 -0.1285153478 -1.0161185265 0.0193777531 -0.0087883305 -0.4274525344 -0.0467124842 -1.0847998857 -0.7249980569 -1.1802597046 0.0303858928 0.2651664019 -0.4255562425 -1.5722538233 0.0810362548 -0.5826910734 0.8987208605 -0.8191976547 -0.0336807519 -0.6840863228 -0.0112053175 -0.4828993678 -0.0296348687 -0.2409760207 0.3980114758 0.1380036324 0.1659692824 0.0011980608 0.3492318094 0.5559225082 -1.1585229635 -0.2835900187 -0.9658649564 0.4342909157 0.0598337241 0.0115832649 -0.6607223749 0.2452901453 -0.5823087096 -0.7730616331 0.0468206666 0.1618682891 -0.2498132885 -0.0605657697 0.4966437221 -0.2427053005 0.0110248420 0.0388493314 0.5149492025 -0.4247077703 -0.1747731864 -0.1258621663 -0.0200770777 -0.0768584311 -0.0129023269 0.0297224149 -1.1199779510 -0.0591093823 0.3866223693 -0.1547890604 0.0885339305 -0.2535003424 -0.2938640118 0.0036508963 0.0098734796 -0.8317125440 -0.1440893561 0.2674900889 -0.3176850975 -1.5631976128 -0.0330808982 -1.3087959290 -0.2709902227 0.0718388781 -0.0081035728 -0.5405600071 0.0139431283 -0.2311008722 -0.0777251869 -0.0680167302 0.7445439696 0.2242347747 0.5824581385 0.1245882660
-0.0519344844 0.0139356824 -0.0441956930 0.0494313948 -0.0679352358 -0.0660753399 -0.0416351743 -0.0408098027 -0.0121431798 0.0067152083 -0.0159709863 -0.0180094652 0.0242401548 -0.0087058144 -0.0098282965 -0.0438528731 0.0052024215 -0.0549398810 0.0120169288 -0.0449629761 -0.0095064072 -0.0026394292 -0.0626463220 0.0127330646 -0.0284468085 0.0233739223 -0.0086483350 -0.0175987575 -0.0292696673 0.0045872582 -0.0375002362 0.0123029593 -0.0793288574 -0.0536545776 -0.0218481403 0.0213890448 0.0433761664 -0.0846078768 -0.0671322569 0.0238445234 -0.0373316929 -0.0381196439 0.0008211973 0.0189404208 0.0027656218 -0.0480445698 -0.0417223126 -0.0512552261 -0.0496078804 0.0546058491 0.0229358822 -0.0175991282 0.0305755734 0.0259879902 -0.0732474253 0.0063863294 -0.0431333967 -0.0236094445 0.0401801616 -0.0458832234 -0.0249809586 -0.0818546712 0.0432311930 0.0387957022 0.0190635361 -0.0084334202 0.0050228988 0.0302822720 -0.0147078503 0.0364241004 -0.0575133152 0.0308249891 0.0219069067 -0.0411517136 -0.0449471883 0.0039636102 -0.0488687679 -0.0130012333 -0.0773827583 -0.0195037350 0.0061199120 0.0291976947 -0.0020922497 0.0027709231 0.0198322907 -0.0154769532 -0.0399506874 -0.0413312241 -0.0140873482 -0.0224673115 0.0386439152 0.0084618907 0.0182440821 0.0059480830 0.0045187995 0.0335729234 -0.0580704845 0.0445466787 0.0268514156 -0.0404294841 0.0107227974 -0.0361158960 0.0455351844 0.0260361824 0.0302239805 -0.0687529147 -0.0332788229 -0.0669699982 0.0331423543 0.0227589700 -0.0523388833 0.0128484908 0.0221547652 -0.0411487967 -0.0284597483 0.0383436419 -0.0263911095 -0.0069681699 -0.0294370204 -0.0364533439 -0.0179105178 0.0368108861 0.0055537024 -0.0366968550 0.0171717871 0.0332720503 -0.0065115541 0.0106494389 -0.0839371607 -0.0313412249 -0.0136407455 -0.0749548078 -0.0379453525 -0.0006860584 0.0377011709 0.0379497483 0.0063025206 -0.0399435908 -0.0496114902 -0.0451766923 -0.0545466915 0.0049772803 -0.0819469839 -0.0319854990 -0.0148785813 -0.0316730365 -0.0771934539 -0.0493514240 -0.0583671629 -0.0293351542 -0.0322838463 0.0249919500 0.0121769104 -0.0290381592 -0.0084988959 0.0178889092 0.0566667914 -0.0163432099 -0.0332180634 0.0536498092 -0.0176827852 0.0126517955 -0.0567181557 -0.0727426186 0.0491761379 0.0097756162 -0.0193627048 0.0008031577 -0.0042698234 -0.0368807837 -0.0526129007 -0.0216303002 -0.0279681534 0.0317088589 -0.0523065440 -0.0100076199 -0.0206426326 -0.0108064562 -0.0014092848 0.0374349840 -0.0250456780 -0.0117863975 0.0248253327 0.0124147004 -0.0352585502 0.0175566114 -0.0652985498 -0.0049715876 -0.0645763800 -0.0224050209 -0.0617305376 0.0246079266 0.0161494613 -0.0363273695 0.0331074856 -0.0220349431 0.0046632942 0.0463705100 -0.0252144858 -0.0415773392 0.0217498317 0.0441980101 -0.0812579393 0.0024228550 -0.0149547318 0.0058558588 -0.0688523650 -0.0615624711 0.0189797916 -0.0401530638 0.0003098859 -0.0256861821 -0.0634690598 -0.0163649973 -0.0637821555 0.0501228049 0.0060158307 0.0365236960 0.0040954277 -0.0565928742 -0.0445737727 -0.0820147023 0.0618936792 -0.0318329632 -0.0190447886 0.0429020375 0.0276030749 -0.0316578895 0.0100108683 -0.0259193406 -0.0408115350 0.0189484004 0.0297857653 -0.0895541757 -0.0310354754 -0.0393602774 -0.0094705597 0.0319546461 0.0040627653 -0.0147622405 -0.0141180735 0.0377191715 0.0019921754 0.0117071047 0.0049201665 0.0085459948 -0.0560669154 -0.0419744179 0.0329830050 -0.0253974646 -0.0524753034 0.0070329397 -0.0643210262 -0.0007425025 -0.0611372516 -0.0768550038
-0.0926814526 -0.0365793072 -0.0155835748 -0.0942497626 -0.1919906437 0.0260310210 0.0385892987 0.0009841456 -0.0653217211 -0.0781337917 -0.0091895312 0.0228368212 -0.0714808702 -0.0007498817 -0.2875680625 -0.0803372711 -0.0387576297 -0.0592320636 -0.1811352968 0.0079964204 -0.0397459082 -0.1641949713 0.0651067272 0.0362864509 -0.0448864959 0.0322333425 0.0368241481 -0.0129013965 0.0488971621 -0.2600589395 0.0209284239 -0.0659422651 -0.1069748774 -0.0025678193 -0.0670531541 -0.0293736830 -0.0286193825 0.1475569457 -0.0599923991 0.1011886820 -0.1444659084 -0.0445557311 -0.0139134834 -0.0539743565 -0.2238797694 -0.3309239149 -0.2357106060 -0.0702328458 0.0272822063 -0.1067097038 0.0057948772 -0.0074169668 0.0552483946 -0.0152268577 -0.1593274176 -0.0251714885 -0.0601837896 0.0126121044 -0.1469378173 -0.0155336615 -0.0326684564 -0.0829596147 -0.0803320855 0.0197744071 -0.0276137162 -0.1947850138 -0.1111425981 -0.0654868335 0.0392554924 -0.0505456179 0.0373251289 0.0410816148 0.0911258906 0.0240417439 -0.0339067988 -0.1196318790 -0.0516023524 -0.1156486347 -0.0416025631 0.0012123417 -0.0951646864 -0.0014130443 0.0322381929 -0.0581119582 0.0191058051 -0.2045416236 0.0104481904 -0.0210902467 0.0045454269 0.0019430795 -0.0160613321 0.0211628154 0.0351596586 -0.0099934936 -0.0238612965 -0.1194850132 0.0176316909 -0.1556691378 0.0476457626 -0.0931361988 -0.1233633682 -0.0023408995 -0.0152999694 -0.0255067702 0.0434690267 -0.0960320458 -0.0129498141 0.0032880283 -0.2029898316 -0.0442335382 -0.1088041365 -0.0025994356 -0.0011605793 -0.0248729866 -0.1401561499 -0.2205432355 -0.0318002030 -0.0033883203 0.0124221332 -0.0451563969 -0.1808833778 0.0092144515 -0.0290132128 -0.0766746774 -0.0624663904 -0.0518308207 -0.1103717685 0.0292459149 -0.0515899546 0.0359861217 -0.1767212600 -0.0624311231 0.0489063039 -0.1535559595 0.0182641111 -0.1116033345 -0.0415744036 0.0263632257 -0.0266451091 0.0505836606 0.0518148318 -0.0276068132 -0.2382048368 -0.0893980861 0.0287651625 -0.0754155144 -0.0027187108 -0.0515598729 -0.0709268376 -0.0216968171 0.0078374883 0.0219909623 -0.0006401771 0.1714323759 -0.1640065014 -0.0372829139 -0.1052815616 -0.0400519185 0.0127361082 0.0257973522 -0.0121135283 -0.0677431673 -0.1580657214 -0.0982631147 -0.0057603442 0.0085868537 -0.0134179899 -0.0594435409 -0.0340086296 -0.0339940116 -0.0012418469 0.0220761634 0.0175105408 0.0700143948 -0.0577347204 0.0251443982 -0.0441397280 0.0114926295 0.0052770749 0.0443438776 -0.0423933491 -0.0948751867 0.0417747423 -0.0509496033 -0.1627945155 -0.0696274638 0.0199240409 -0.0403536074 -0.0817284361 -0.2199888080 -0.0478067026 0.0178941265 0.0942214057 -0.0001465909 -0.0532642975 -0.1285844445 0.1299710423 -0.0502080210 -0.1123330817 0.0440873206 -0.1162533462 -0.0037780961 -0.1567128003 -0.0450161919 -0.1128278226 -0.0465484299 -0.1949513406 0.0621846169 0.0294409990 -0.1594551802 -0.0770638287 0.0077626337 0.0874339789 0.0133814737 -0.0460571386 0.0083759669 -0.0351547264 -0.0625718087 -0.0486081764 -0.0623779669 0.0016947382 -0.0176546276 -0.1592680067 -0.1025623530 -0.0443196744 -0.0842774659 0.0123840496 0.0345569775 -0.0116746984 -0.0062029809 -0.1650903374 0.0142399324 0.0455375873 0.1244580075 0.0689040720 -0.0584892593 -0.0237719789 -0.0693594739 -0.0640902147 0.0193956569 -0.0066631981 0.0010503783 0.0469936356 -0.0811773390 -0.1149488315 -0.0774281248 0.0174787939 0.0397796780 0.0570300668 -0.0115003493 -0.1619585156 -0.0026230840 -0.3624258637 -0.0445076600 -0.1274234653 -0.0816911459
-0.1742232889 -1.4523143768 0.3440116048 -1.1802554131 -0.9499601722 -0.8125285506 -0.2730483413 -0.0083668493 -3.6684582233 -0.2965639830 -0.0419770032 0.3243283033 0.1357886046 -0.7020116448 0.2389345914 2.4653201103 0.2467747778 -0.1508022994 0.3089821041 -1.3745087385 -0.2381430715 -0.1833929569 -0.8084246516 0.0117320046 -0.4166725576 -0.2308080494 0.5985853672 -0.1631800085 -0.2920818925 0.1909508258 0.0992918685 -0.7966098785 -0.4506252706 0.5448141098 -0.8882446289 1.1064763069 -0.2964740992 0.2084126323 0.4575774968 -0.7318915725 -0.9445070028 -0.0079493076 0.1816974282 -0.2072221488 0.5468137264 0.1235697195 -0.7928371429 -0.2267344296 0.8767539859 -0.1610248834 0.4865693450 0.1504445970 2.1080961227 -0.3181363344 0.7423473001 0.0283703320 -0.0042539621 0.3219512999 -0.9412209392 0.3570824564 -0.0475765616 -2.8191030025 -0.0792380199 0.0060531138 0.6441405416 0.1038379297 0.7813153267 -0.3947686851 -0.7556781769 0.1981055886 0.2890393436 -0.0517367348 -0.0850667506 0.7960948944 -0.0889881253 -1.1814935207 -0.0502787158 0.1827401221 0.8243918419 -0.2279474884 0.5561308861 -1.4782376289 -0.0570204183 0.0221808329 1.3513952494 -0.0969555676 0.8851679564 -0.0007277179 -0.0163000338 0.2918060124 0.1945271492 -0.0877554193 -0.7664513588 0.3543334007 -0.0806307197 -0.4336586595 0.0635260269 0.4599418342 -0.0226462781 -0.6868690252 1.0115528107 -0.0615685172 1.2626585960 -0.2549003661 -0.3761981428 -0.2100795060 -1.2026454210 0.1588547081 0.0230120383 0.4332031608 -1.9218784571 -1.6848390102 -0.9805832505 -0.2837824523 0.2001252770 0.1161369905 0.3328477144 -1.3950831890 -0.6453298926 0.8908806443 -1.3600739241 0.0082620010 0.3339193165 0.1320348382 0.3123200238 -0.0222005714 -2.1279432774 -2.6447761059 -0.1319430619 0.2344406545 0.2269377410 0.7554911375 0.6015009284 -0.0100359973 0.4077737927 -0.4926529229 -0.0084467158 0.3301741481 2.1701397896 -0.0143414494 0.0276211128 -1.4425240755 1.0508075953 0.0974943191 -0.1094923839 -0.0331529789 0.0691967681 1.3618080616 -0.1816077828 -0.0106104687 0.4570598900 -0.5327296853 0.4471530914 0.4781403244 -1.1362172365 0.3506777585 -0.0616165884 -1.4018518925 1.0463200808 -0.0014338447 -1.2424044609 0.1122834161 0.1645140946 -0.4761334956 -0.8422055840 -0.1790836155 -0.5150855184 0.2184582502 0.6087947488 0.2888765633 -0.3620648682 1.3801465034 -0.0375245139 0.5912751555 -0.1579550803 0.0424624532 1.5691682100 0.0179063473 -0.9034127593 0.4825591445 -0.0728627443 -1.0139690638 -0.4459009469 0.9652100801 -0.9064009190 0.4464160800 0.2430269122 -0.9046017528 -0.7807359695 -0.1890940815 0.1382697672 -1.0032898188 0.5238840580 0.3124522865 0.0057324860 0.7342230082 0.1053432822 -1.7155578136 -0.4265226126 0.0156524777 0.1037883759 0.2401894927 -0.0517710820 -0.6916838884 0.1171262413 0.9077774882 -0.4848711193 0.0615192950 -0.2506391704 -2.3643805981 -0.1323630065 -0.3922924995 -0.5419426560 -0.0778505579 -1.3016015291 -1.0262006521 -0.2504666448 -2.4848258495 -0.1878461242 -1.4065327644 0.2552386224 -0.0769310892 0.8229597211 0.0958776250 0.2524621487 -0.2748238444 0.3468808532 0.0393206477 0.4580016136 0.2483011484 -1.5028915405 0.3103162944 -0.1695335209 -0.4703322649 -0.1478358060 -0.5690548420 -0.0518581197 0.5457924604 0.3380280137 -0.3479974568 0.2557223141 -0.1013145298 0.0264296420 -0.8992563486 0.4043047130 -0.5458793044 0.9208921790 -1.2240614891 -0.0336899534 0.4755617082 -0.6293698549 -0.5095183849 -0.2035848647 0.5066586733 -1.0290282965 0.8224983215
0.1415744424 -1.1067634821 0.2710012197 -0.5406843424 0.2847583592 0.6342339516 0.3324221373 -0.1684128791 -0.5978401899 -0.2065651119 0.0655621663 -1.2043687105 -1.0307902098 -0.2247954458 0.4365998507 1.2139606476 1.1941691637 0.5833999515 -0.2631987035 0.0225880481 -2.2257831097 -0.3746157587 -0.2541195452 -0.0429621935 -0.9115772247 -0.5874065757 0.0721155927 -0.5199779868 -0.2453901172 0.0660503358 -0.8162584305 -0.1340450197 -0.2882231474 -1.4887328148 -0.3081322312 0.2194616795 -0.0389516875 1.2358058691 -1.4896082878 0.6221373677 -2.6098475456 0.0259853676 0.4267429709 -0.7323780060 1.5051641464 0.0901948512 1.6749770641 -0.7353715301 -0.9284100533 -0.8852926493 -0.8903039098 0.0937724710 0.1903996766 -0.2224867940 0.3422787189 -0.7701743841 0.8999587297 0.6710565686 -0.2037214935 -0.9386013150 -0.0841465294 -2.8669159412 -1.4956744909 0.0323014744 1.0614171028 -0.0521658547 -1.7024312019 0.2251378000 -0.7730742097 0.0083666574 -0.4538288713 0.0355015025 0.3797533214 -0.4508541524 -0.9158485532 -0.2812183499 0.1711322963 0.6798338294 -4.8700323105 -0.0369842425 -0.6034641266 0.5421000123 -0.0537082925 -0.0504851341 -0.5776146650 -0.2882210016 0.0409019515 0.7893480062 0.5985466242 0.0446114838 -0.4368322194 0.5684114099 0.9715894461 0.4989103675 -0.2042017132 0.4920487404 0.0894302353 -0.5707687140 -0.0117970034 0.6220391393 0.0165395308 0.0923963040 -0.0932817608 -1.2622894049 0.4058752358 -0.9470111728 1.2873258591 0.6412932277 -1.0436961651 -0.2480505556 -0.6505310535 0.5175069571 -0.6598892212 -0.4787037373 -1.7094522715 -0.8228361607 -2.2908742428 -0.1039391682 0.4860262871 -0.0767578408 -0.5468272567 -1.4663584232 1.3511322737 1.1407729387 -0.0382273979 -0.2758407593 -0.3270052969 0.6985489726 0.1200365648 -0.2184818983 -0.3993306458 1.1668781042 0.4203889966 -0.6893572211 1.2864112854 0.2889824212 0.0434004888 0.8185641170 0.3113563359 0.0335432366 -0.0185122564 -0.2157431245 -0.0361775309 -0.7952072620 -0.3533952236 0.4363322854 -0.3946478963 -0.1925071925 -1.4621711969 -1.6782833338 -0.2824666202 -0.2834808826 -0.3947337866 0.9149574637 0.7252082229 -0.8611897230 0.0511799306 -0.8098121881 -2.5843653679 -0.8761585355 0.1635710150 0.2164395303 -1.0447195768 -1.2080898285 -0.2955472469 1.0461335182 -0.0335634947 -0.0734614581 -0.0916508287 0.0205431394 -0.4421296716 0.6303430796 -0.0492490008 0.5428184867 1.0781960487 0.0411126465 0.2237712145 -0.5656197667 0.3015080988 -1.4824708700 0.1596773565 -1.6459009647 -0.1204098612 -0.5446955562 -1.7001568079 0.9108722806 -0.4030311704 -0.8601373434 -1.1010597944 0.1061872318 -0.7256495357 -0.0443816930 -0.4372993410 0.1573875993 -0.2782485783 1.0182008743 1.0295145512 0.4356508255 -0.4810215831 0.0497841164 1.7984037399 -0.6982565522 -0.8222854733 -0.7394027114 0.1559547484 -0.2948311567 -0.4871047437 -0.2061208487 -0.9670091271 -0.5561554432 2.1861739159 1.2120751143 0.1099629253 -0.0386542678 -0.0849297047 -0.6142552495 0.0536389016 0.4428862929 0.1361167282 -0.4941084087 -1.3536149263 -0.7808230519 1.0821805000 -0.6689119339 -2.3823664188 -0.0610321090 -0.5272739530 -0.0391277075 0.3772960603 -0.0294202659 -1.2446043491 0.7138863802 -0.4834183753 0.1840866208 0.1975902915 0.1250876337 0.0004783794 0.2913425863 0.3107169867 1.7766402960 0.0073590870 0.3212700486 -1.5531281233 -0.3907661736 0.7033496499 -0.5310139656 -0.5706315637 0.9084553123 0.0586616099 0.6688889861 0.3603269756 0.0811372027 0.7090794444 0.5174837112 -0.3049707711 0.1106360927
0.1304092854 -1.5409487486 0.3610682189 -0.5659582019 -0.5855957866 -0.2636145949 -0.2968853414 -1.6656918526 -0.6781967878 -0.3716871440 -1.0299042463 0.4165682495 -1.3382709026 -0.9115720987 -0.4313984215 -0.6139595509 -1.2130068541 0.7070474029 0.4657261968 -1.9393470287 0.7023258805 0.3476622999 -0.0066046193 -0.0557034686 -0.9557784796 -1.7779871225 0.1596991569 0.0192600414 -1.6748458147 -0.6557254195 0.6368204355 -1.3458747864 -1.6092503071 -0.6460101008 -0.2179613411 0.1688216180 -1.4716404676 -0.2115046084 1.1664140224 -0.3879693449 -0.1884942949 0.0099897459 -4.3261570930 -0.5380991697 -3.3531651497 -0.1953722984 0.0586137697 -1.0275918245 -0.4687437713 -2.5104885101 -0.1297300160 0.2447376847 0.1647186577 -0.0476824716 -0.5463339090 -0.3553622663 -0.1152504832 0.6787084937 -1.6503624916 -0.3864275217 0.7974915504 -2.6561803818 0.0109658549 0.0462323427 0.0635756701 -0.6511402726 -0.7408348322 -0.1104631573 0.1490303278 -0.8692269921 0.2699906826 -0.0144150257 0.3814854920 -0.5400501490 0.2161467522 -0.0794206560 0.5286891460 -1.0422384739 -1.9547681808 -0.2378384322 -2.2807123661 -2.5492124557 -0.0131701976 0.0107706413 0.8821104765 -0.0480498523 0.6347126961 -0.0366191715 -0.3140174448 -0.0553618558 -1.5929431915 -0.4199391603 -0.6049637794 -2.0864894390 0.5054790974 0.5416008830 -0.6046571732 1.2863368988 0.0173441991 0.1334609687 -1.3714895248 -0.0670821667 -1.1860244274 0.4533943236 -0.9684047699 -0.2001908720 -0.1208610535 0.0302712675 -0.3944149911 -1.3580744267 -0.6085763574 -0.1305904984 -0.5776082873 -1.0109589100 0.0495272428 -0.7242305279 0.0203073323 -0.3836774528 0.0855317190 0.5809502006 -0.1672416776 -2.3646936417 -2.8544013500 -0.2847389877 -1.3375880718 1.2651904821 -1.0989657640 -1.4120730162 -0.3382974267 -0.9747748971 -0.2948798835 -0.4609338939 -0.2296792418 -0.8381180167 -1.0777063370 -1.0092184544 0.0267848670 -1.5410702229 -0.0020820091 0.0395850986 0.0164470822 -0.2344465554 0.1832137704 -0.8279429674 0.2221699804 -0.7131975293 1.1909059286 0.3659846187 -0.0100547317 -0.1782524139 -1.3023248911 0.0246591475 -1.7294796705 -0.8323511481 -0.6168416142 -1.2151235342 -0.0595156513 -0.5386662483 -1.4690754414 -0.1928710341 -0.2101713121 0.2086785883 -1.1317309141 0.1607015431 -1.1067897081 -0.1543193161 0.0293043423 0.3527806401 -0.6763519049 -0.0794009268 -1.0649439096 -1.4607834816 -0.0444585681 -0.2883056104 -1.1837379932 -0.0186542645 1.1395264864 -1.3950612545 0.1748926044 -0.6299981475 -0.0724840984 -1.8408827782 -0.0886764750 1.4374188185 -1.0471103191 -0.7497071028 -0.0000968658 -1.0348192453 -0.1962501556 -1.1656557322 -0.1300574541 -0.5328469872 -0.2117764652 -0.4244570136 -0.4007780850 -0.5675849915 0.1829715073 -0.7992031574 0.1410796940 -0.0097671747 0.0568846352 -0.7889496088 -1.6777038574 -0.7604550719 -0.8607915044 -1.8362573385 -1.2688179016 0.1352488995 -1.5358245373 0.2837742269 -0.2633275688 -0.3003815711 -1.7691050768 -0.0429864749 -0.3629087806 0.2265675664 0.5949667692 -0.0310330037 0.0588181652 0.2763571739 -0.6357271671 0.6458579302 -0.2623706162 -1.2170789242 0.0699723661 -0.0304521825 0.0173057839 0.0315840766 -0.2462341487 -0.6338616610 -0.8779127598 -0.3138864636 0.7190711498 -2.3024942875 0.2624371946 -0.9530743361 -0.0441921055 -0.9699167013 -1.8411717415 0.0232913345 0.6361395717 -0.0050641824 -0.1402717233 -0.1028839424 -1.3721920252 -0.0751766786 0.1054090336 0.3032861352 0.0238656104 -1.5817446709 0.8562619686 -1.0418630838 0.5618525743 -0.5708367825 0.2695586979 1.0535174608
-0.2839160562 0.4169181585 -0.5492491722 -0.9286921024 -0.7800524235 -0.3997187614 0.6278722286 -0.8765115738 -0.3788131475 -1.4655992985 -1.3171943426 1.1363770962 0.5383125544 0.5285627246 -0.4072858095 -1.0032722950 0.0010200579 -1.3825322390 0.8542608023 -0.6499103904 0.4027941227 -0.0801004022 -0.7994145155 -0.0145342797 -1.0181895494 -0.0993692651 -0.6354566216 -0.5551074147 0.7470253706 -0.7658102512 0.5679886937 -0.6467248201 0.0881040245 -1.4310989380 -0.5242753029 0.0344979353 -0.2580139339 -0.9762333632 0.3364482522 -0.9002659321 -0.5826129317 -0.0118962722 -1.4761725664 -1.3790404797 -1.8048826456 -0.0740085691 -0.2586852312 -1.8916221857 -1.0180021524 1.4905645847 -1.2608774900 -0.0206892323 0.0930396095 0.0543722399 -0.1749909520 0.1208578944 -0.1417750865 -0.8381702900 -1.3656955957 1.2597551346 0.6739800572 0.1958846301 0.5236186385 0.0004775524 -2.1870150566 -0.4912625551 -1.0243110657 0.5826177001 -0.2380816787 -0.3062517941 0.7317228913 0.0086618140 -0.0563619696 -1.3424515724 0.8118988276 -1.0577883720 0.8368135095 0.1329804510 0.0862019882 0.0600993745 -2.0576734543 -1.3862744570 -0.0513626263 -0.0018145368 0.0529315881 -1.6956502199 -1.4980237484 -0.7223741412 -0.6307949424 -0.2743152082 -1.3213678598 -0.6269141436 -0.2342226803 0.0493415557 -0.6970341206 0.3207136393 -2.5523033142 1.0226211548 -0.0417178273 -0.1167161390 -1.0915026665 -0.9839857817 -1.2541213036 0.4063609540 -0.7199346423 0.1218449473 -0.5081896782 -1.4549717903 -1.2183687687 -0.0234524552 0.0117437029 0.1456877887 -0.5124177337 -0.3659054339 -0.7265649438 -0.1796049923 -1.0156162977 0.0241290256 0.1224622652 -0.0396274105 0.0023910559 -0.2740583420 -0.7586721182 -0.2050842345 -1.8941153288 -0.1979435533 0.2700376809 -0.5137915611 0.2084888816 -0.7204153538 0.2708375454 -0.9419556260 -1.3951613903 -0.4188427329 0.1807728559 -0.1226228625 -0.0528026149 -0.3213731050 -0.5181950927 0.0513338596 -0.0607150719 0.4054599106 -0.3774960637 -2.6531760693 -0.9414764643 0.0438277796 1.2321169376 -0.3035065532 -0.2245333642 0.3356794417 -0.9089381099 -1.2464035749 -0.7981827259 0.1199843958 -0.5284969211 -1.2251076698 -0.2927088141 -0.9483860135 -1.1186918020 -0.3589656651 -0.0893297568 -0.0903317332 0.7326456308 -0.0882499367 -1.2474260330 -0.1630682498 -0.0544412881 -0.1118262708 -0.9513493180 -0.4430097342 -1.5391300917 -1.0945789814 0.0391926765 -0.7455506921 1.2237534523 0.0311845317 0.0275926664 0.5774862766 -0.5306896567 -0.9596132636 0.1605850458 0.0021033392 -0.9031400681 -0.4009690285 0.2179616988 1.7967700958 0.8671899438 0.2630155683 -0.5210062265 -0.1456927657 0.0661423206 0.3375601768 0.3755612969 -0.7371579409 -0.3284775019 -0.5678059459 -0.2306329757 -0.0825609267 -0.4102705717 0.0072221085 -0.6830381155 0.8535140753 -0.1120366603 -1.1249098778 -0.4093315005 0.1895054430 -0.0247689039 -0.0169987921 0.0033939779 0.4771468639 -1.6063669920 0.0480296127 -0.4468952119 -0.1121582240 0.4300791919 -0.1508560628 -1.4039324522 -0.1114779413 -0.7458347082 -0.8225561976 -0.1068075448 0.2884235978 -0.1111777648 -2.0980560780 0.2881434560 -0.0235305391 -0.4572885334 0.0534933358 0.4130963385 -0.2083770931 0.1189080179 -1.0555598736 -0.5111092329 -1.6279498339 0.7538990974 0.0701541752 -0.0553679466 -0.3327457905 -0.8882722259 -0.1000165269 1.8580433130 -0.7089343667 0.3206694424 -0.6390137672 -0.6818108559 -0.7117926478 -0.5952374339 -0.0605338141 -0.0323859081 -0.2349583954 -0.2855112553 -1.4524710178 -0.8205417395 1.3205014467 -0.2572105527 -1.6322617531
-0.1840740144 1.0601865053 -0.3853583336 -0.2000048757 -1.8536263704 0.6543865800 0.3149317205 -0.3320708275 -0.9764305353 0.0068366360 0.4543686211 -0.1310152858 0.3135124147 -0.2447731197 -0.3378816545 0.2720475495 -0.8043760061 0.1492983848 0.0497450046 0.7523589134 -0.0078234132 -1.2055108547 0.2385778278 0.0494188815 1.0310382843 -0.0289371386 -0.8152422905 -0.9889385700 -0.0193707179 0.0707278028 0.0144246276 -0.0557960011 -0.3617999256 0.6398501992 -0.6182192564 0.1305314153 0.5623705387 0.2762565315 0.4088911712 0.0496451743 0.0706100166 0.0399144664 0.3283801079 -0.0963882729 0.7641234994 0.7997124791 -0.2842492163 0.8216264248 0.2663975060 -0.0051639313 -0.1868514866 -0.0248844102 -0.0821323618 0.8926391602 -0.8974893093 0.7007097006 1.3020899296 0.1828833222 0.4536850452 -0.0704653412 -0.1113065556 -0.9694097638 -0.5214115977 -0.0370207913 0.3370155096 -0.7412415743 0.1572714746 -0.6106704473 -0.5385848880 -0.0145877721 -0.3503505588 0.0587817505 0.5006486177 0.4767117500 0.1845439225 -1.4544646740 -0.3201373816 -0.0277329311 -0.5836731195 0.0705086365 0.3887673914 0.4740258455 -0.0419289246 -0.0251149293 -1.9902508259 0.4065403342 0.0118647199 -0.4957012534 0.0345050953 -0.4292315841 -0.1537626386 0.3419772387 0.0424206443 0.0166336745 0.3864274621 -0.1214949116 0.7807185650 -0.3223707080 0.0468544737 -0.3038551509 -0.0703675002 -0.3529266417 -0.3369477093 -0.0333911628 0.5581185818 -0.0300398730 0.4856489599 -0.3147293925 -0.1020765677 0.2106498331 -0.4141815901 -0.0644386858 0.0518052503 -0.5735350251 -1.4931691885 -0.3675027788 0.8813604712 -0.5831336975 0.0798829272 0.1951248497 -0.8585284352 0.7351754308 0.3490977287 -0.0464689918 0.6099892855 -0.5828112364 -1.2171915770 0.2607170939 0.5928164124 0.3699212372 0.1995451897 0.7324941754 0.4112661779 -0.8174360394 -0.1742420644 0.5159365535 0.0595118701 -0.3480699062 -0.4357091486 -0.0155658703 -0.0453573167 1.3960149288 -0.2740061283 0.8730649352 -0.5608438849 0.3791631460 -0.0153736193 0.2818090320 -0.0187100656 0.4074197412 0.2844084799 1.5033881664 0.3974351287 -0.1542161107 0.2000865489 0.1372607052 0.2722660303 0.8894889951 0.9200357795 0.4779192805 -0.2678159177 -0.6207013130 0.2866572142 1.1611899137 1.8635252714 -0.0168487970 -0.1534269154 0.4813614190 0.5127643943 0.3157571256 0.3243276477 0.3786502182 0.0237749889 1.0626555681 0.3305785060 -0.0485606715 -0.4312432706 0.0308945421 0.5993583798 0.7302125096 -0.1067718193 -1.3523825407 0.7947398424 0.1482695788 0.3844982386 0.5565636158 -0.6329845786 0.4594148099 0.1005470008 0.0564413816 -0.1527360678 0.0320239812 0.0679887906 0.0718061477 0.3739004135 0.3247014880 0.2873205841 0.8285638690 -0.5135828257 0.0587390214 0.7423838377 -0.2890512049 0.0620783605 0.1694445312 -0.3269735873 0.0876682848 -1.7140151262 0.6455111504 -0.1770218611 -0.1885408312 -1.0158846378 0.6307495236 0.5769284368 0.1161933690 0.3436191976 0.4315490425 -0.1521238685 -2.4720375538 -0.0778238922 -0.7223476171 0.0132272756 -0.0622241311 0.9816306829 1.4361213446 -0.0245473925 0.9553484917 0.5154137611 0.0208787695 0.0405251421 0.3104184270 -0.0490662344 -0.4136546254 -0.2741479576 0.0263178609 -0.2034558654 0.0305699930 -0.0096854223 0.1110024825 0.2891048193 -1.0101001263 0.0640681759 0.6691960096 -0.5041146278 0.3992439806 1.2244238853 0.2092306614 -0.0890518576 -0.1516638994 -0.0476439930 0.1657841057 0.4142921567 0.5035955310 -0.5487471819 0.9589848518 0.3826879561 -0.6345291734
-0.1644996256 -2.3950541019 0.1690811217 0.8035680056 0.9159593582 0.2612251043 0.1144250929 0.2377731949 0.0689260736 0.0130791934 -0.0969827920 0.3583596945 0.5203143954 -0.4203872085 -1.3758802414 0.4981602430 -0.8970314860 -0.4117712975 0.3231725991 -0.2060409933 -0.1409096271 0.1547825187 -0.4956612885 -0.0185091347 -2.9688887596 0.2127745003 -0.6073312759 0.7714003325 -0.8000987172 -0.2882885933 -0.4470030665 -1.4382938147 -0.3634317219 -0.4276191890 0.8806344271 0.1272305250 -1.6191521883 -0.6979955435 -0.7576492429 -0.5930230618 -0.3117747307 0.0308248308 -1.3735736609 0.9114098549 -0.0303816497 0.1569688767 -0.2273904532 -0.6816856861 0.1524600387 -0.1247355789 0.0649464279 -0.3786774874 0.2518377006 0.2241233438 0.1491202861 0.1143455431 0.5082396269 -0.2610185444 0.2736296356 0.4445134997 0.6522333026 -1.1282678843 -0.0341244563 0.0313229002 0.4303332269 -0.7440463305 -0.8019760251 0.1541133076 0.2133150548 0.3880008161 1.1081100702 0.0525075123 -0.3813197911 0.5632477999 -0.8100665212 -0.3507569432 -0.3491667211 -0.8682205081 -1.3517748117 -1.0861653090 0.5062415600 0.5624154806 0.0403792188 0.0293532684 -1.0670940876 0.8865780830 0.6384957433 0.2124242932 -0.0189533457 -0.4702434242 0.6640102863 0.5817519426 -0.5435249805 0.2282908410 -0.2040941119 0.1842868477 -0.1739171892 1.3204623461 0.0310690627 0.5998966098 -0.2706486285 0.6037625670 -0.1373570263 0.0164041072 0.1041386575 -0.0094445795 -0.8210284114 0.7697597146 -0.3980729878 -1.0223336220 -1.0934740305 0.1801969111 -0.3528785706 0.0736282244 -0.1195144504 1.0186022520 -0.3509810567 0.2298884839 0.9313141704 0.0139416819 -0.8891571164 0.3444357812 -0.7710172534 0.1515650302 0.5014241338 0.7960389853 -1.2776954174 -0.1337748021 0.0191078670 0.4926136136 0.1884643435 1.0529429913 -0.2940214574 -0.7746667862 -0.6353389025 0.2976048291 0.0002135113 0.3316918612 0.0716830790 0.0492285565 -0.0058467537 0.1317432076 -0.4992754161 0.4785734713 0.6443893909 -1.1893227100 1.3605169058 -0.1846563965 -1.6285228729 0.2582544982 -1.3818595409 -0.1673928797 0.9764789343 0.8464559317 0.2900495231 -1.3501188755 0.1067110971 0.2542406023 -1.5950915813 -0.7543480396 0.0884437934 0.4155227840 0.3760090172 0.3241924942 0.2376109660 0.0018399688 -0.4473579526 -0.6390555501 -0.2972201407 0.2228599638 -0.2592200041 -0.5408432484 0.0289378017 -1.4121102095 -0.3331167996 -0.0614840239 0.5302641392 -0.6086488962 -0.0009687917 -1.0123076439 -0.0601514690 -2.4778063297 -0.1133617908 -0.9973546863 -0.3158307374 -0.8726183772 -1.2815872431 -0.2020094693 -0.4776665866 0.0232738480 -0.1274371445 0.1973157227 0.5919647217 0.0848122463 -0.5401148796 0.5026223660 0.2105776221 -0.8526903391 0.9649875164 0.0061393306 -0.9226940870 -0.1954994649 -1.3363573551 0.8440991044 -0.4488240480 0.9613813758 -1.9968212843 0.0391547382 0.2756692767 -0.0010749266 0.9641212225 0.0699780211 -0.1636112779 0.2248984873 -0.1481444240 -0.4578976929 0.1255880296 0.1209633574 -0.5521807671 -0.1372587085 0.0185706522 -0.1905673593 0.4758513570 -0.2440631539 0.3002896011 -0.5389502048 0.1606656164 0.0368436500 -0.5093309879 -0.9593226910 -0.7316059470 0.7089556456 -1.4329986572 -0.7179988623 -0.2257031500 -0.1117231324 -0.0617297813 -0.1731491387 -0.2746998072 0.1084779277 0.9598897099 0.4708362222 -0.0245569181 -1.3502663374 -0.3490204513 -0.8555696011 -0.0720805377 -0.1828340590 0.0278291702 -0.1722279936 0.0968909487 -0.3886317313 -0.0034245495 -0.1567355096 0.2761626840 -0.6109678745
-0.2732957006 -1.2940429449 -0.1458357275 0.4338429570 -0.0207241904 -0.6148703694 0.6352826357 0.3573189676 -0.0400702097 1.3436079025 0.9184550047 0.0472513177 -0.0665767938 -1.2354511023 -0.8870098591 -0.4935452044 -0.6446209550 0.3260927200 0.5630602837 -0.3558482826 -0.5049769282 -2.4288096428 0.0005313107 0.0560896881 -1.4031010866 -0.6779788136 -0.9694765806 -1.4530620575 0.0931055546 0.2537643611 0.4653712213 -0.4504394233 0.5043945909 0.0553941391 0.3154640496 -0.1431946307 0.3873271644 -0.9634155631 0.7383321524 0.9713584185 -0.1001072377 0.0467665605 0.0396938398 0.5266920328 0.4437904954 0.1125564575 1.4546129704 -0.8020319343 0.4151381254 -0.5659322739 0.5573205352 -2.2696413994 0.7255446911 -0.8670201898 -0.0521748401 0.8247339129 0.2577550411 -0.3421395421 -0.9374306798 0.3035623729 -0.4223214090 0.1100111902 -0.1967851967 0.0443840735 0.8133680224 -1.5090527534 -0.3692136407 -1.1905770302 -1.1213324070 0.3840576410 -0.0030739959 0.0238188952 0.0204306319 0.4058990777 -0.4335364997 0.0324103758 -0.6028361320 -0.2109761387 0.5317444801 0.3544144928 -0.7702594995 0.1581962109 0.0597216189 0.0422162488 0.3498217762 0.2004828900 -1.5877314806 -0.8277096152 0.0403420739 -0.1555330008 -1.0518546104 -1.4081075191 0.1978803426 0.0651998147 -0.5761112571 -0.5151353478 -0.9299880862 -0.1302870810 0.0209810436 0.4225304127 0.4046565294 -0.3339722753 0.3682628870 -0.7212566733 0.3545297682 -1.1024960279 -0.7851177454 0.6857268810 0.0775240436 -0.2455651313 -1.2127983570 -1.3642394543 0.4825730622 -0.0904906169 -0.6466716528 -0.0565606952 -0.6456612945 0.6256787181 -1.0091775656 -0.4910076857 -0.5579010248 0.0741979033 0.2998616695 -0.6913294196 0.3919487596 -0.3053103983 0.4631456137 0.1041943580 0.2852259874 0.3097206056 0.5647100210 0.3123411536 0.0476563945 0.0974923372 -0.6894816756 -0.2764595151 -0.0062927976 0.9144217372 -0.3191007078 0.0569755733 0.0166997686 0.0814855695 0.0989329070 0.0121846348 -0.2062236518 0.2091737390 0.0241166875 1.3150275946 -1.7359962463 -0.2192994207 -0.5340305567 -0.2018079013 0.5077474117 0.1793851405 -0.1680129766 -0.0283721928 -0.3026932180 0.3204716742 0.0704457387 0.1604315042 1.3396607637 -0.1255397201 0.3378475010 -1.8012397289 -1.4723616838 0.1312985420 -0.9795164466 0.1609161347 -0.4395342469 0.0027876666 -0.3606464565 -0.2368898541 0.0482277647 0.8942306638 -0.5258576274 -0.0253172964 0.0480829030 0.3756448627 -0.0885883719 0.8979032636 0.1923860461 -0.0384494029 0.0215474684 -0.1227364913 0.3429466784 -0.5569828153 -1.4093478918 0.0552891903 -0.3670434952 -0.7189489007 -0.4156250656 -1.2295249701 -1.0815048218 -2.8031136990 -0.3520122766 -0.2101813853 -0.9211831093 -1.2437149286 -1.0490946770 0.0001130253 -0.7361480594 -0.3611971438 -0.1666058153 0.6080552340 0.8077487350 0.1493137777 -0.2042140365 -2.2042217255 -0.4798604846 -0.5751947761 0.1540692151 -0.9498085380 -0.5297563076 0.0111552617 0.8302851319 -0.4118641615 0.2223827839 -0.8728640079 -0.9700236320 -0.5510260463 -0.9092428088 -0.9243540168 -1.4744073153 0.3539552987 -0.9589266777 0.3476614058 0.2143970132 -0.0523126572 -0.6447337866 -0.2809702754 0.9631227255 0.0629098043 -0.9647222757 0.1007633135 0.5223340392 -0.3810104430 0.0102635100 -0.0693004280 -0.0669688657 -0.6814714670 -0.6255823970 -0.7179754972 -0.0549255535 0.2035011500 -0.5243670940 -0.0263968501 -0.3344834745 0.6169565916 0.0595005676 -0.6258974671 -0.0153287472 0.5413039923 -0.0609601177 -0.3018569648 0.0322697200 0.0463401340
-0.3209235072 -1.4040101767 -0.0312852859 -0.0272373520 0.1327766031 -0.7826841474 0.0358633772 0.0525256842 -0.2737548947 0.6727436185 -0.0420842431 -1.1413453817 0.0562902652 -0.2085962296 0.0033937257 -0.0549425669 -0.0158872381 0.0215627328 -0.2825290859 0.6798764467 -0.7604978681 -2.2483909130 0.0506459437 -0.0435630754 0.0567440204 0.3131949604 0.1267151386 -0.2397082299 -0.0305584744 -0.3967563510 -0.0929650143 0.3562903404 -0.7180274129 -0.8640834689 -0.0285141170 0.0365622342 -0.2765714824 0.6723955870 -1.2165956497 -0.6529910564 0.3533144891 0.0117697269 -0.1164799705 -0.2927458584 0.0905007571 0.2824577689 0.7434825301 -0.5359169841 -0.0361235254 -0.0210001618 -0.8325757384 -1.6558673382 0.0210929662 -0.3020863831 -0.1740895361 0.0099905431 -0.8186619878 0.0177606493 -0.5370400548 0.0175195355 -1.6482232809 -0.6148204207 -0.4978322685 0.0523193739 -0.1768403947 0.5259415507 0.0513904914 -0.0035588155 -0.0860122293 -0.0525128469 -0.7085584998 0.0236112848 -0.3516670763 -0.0822493657 -1.9144953489 -0.6230316758 -0.1965737343 -0.2784951925 0.0446441621 -0.6395896077 -0.1448203176 -0.8288235068 0.0548619404 -0.0304077268 -0.3816529512 -0.2194347978 -0.5678300261 0.0205113813 0.3245515525 0.0613509230 -0.2268030941 -0.9316816330 0.2890197337 -0.0909648463 -0.0585844368 -0.1102454886 0.0240289997 -0.2677552104 -0.0329954028 -0.2505633235 -0.2666714787 -0.0403735414 -0.2015790939 -0.6102017760 -0.2046896964 -0.7467927933 0.2867968082 0.3016214371 -0.1305621713 -0.1529818028 -0.8739661574 0.0916990861 -0.1590624303 -0.0542468615 -0.9728729725 0.1320668459 -1.3418679237 -0.0232691728 -1.1525802612 0.0406190902 -0.2734517753 -0.0688248351 -0.0604525097 -1.2093065977 0.0226638000 -0.1311278492 -0.5616646409 -0.1763654053 -0.5575377941 -0.0042332932 -0.4886764884 -0.5547866225 0.0236787796 0.1647284776 -0.0631963909 0.3159133196 -0.0539454818 -0.8466581702 -0.0421495959 -0.0064090043 -0.0427560285 0.5411928892 -0.3493744433 -0.0817007795 0.2744014263 0.0169942528 -1.7058711052 -0.3955229819 -0.1856113523 -0.0226784870 -0.3369949460 0.0158882383 -0.1029419228 -0.6936904788 -0.6683399677 -0.1142821461 -0.0492474139 0.1474268436 0.6845465302 -0.1323591024 -0.6790857315 -0.8681277633 0.4160689414 -0.3882799149 0.4064407051 -0.0547406375 0.2793882787 0.0231993347 0.0070900768 -0.0656161904 -0.4986679852 -0.1349879056 0.0144351125 -0.7230874896 -0.0221150424 -0.0158470124 0.4686084688 -0.0703954101 0.0410379320 -0.7592571378 0.3442106545 -1.4179393053 -0.2358418852 0.0079343384 0.2937158048 0.2629829049 0.0925194919 0.8856472969 -0.3248276114 -0.1118189469 -1.3674147129 -0.5858592987 0.8475810885 -0.2186841667 -0.0664692521 -0.5180729032 -1.2846944332 -0.3447009027 -0.3595173359 0.0012960508 0.3156106770 -1.6812685728 -0.4613575339 -0.8834757805 -0.0335321836 0.1064564511 -0.0083847586 -0.0494696982 -0.2414665222 -0.3089968562 0.4399157465 -0.3147333562 0.0564896874 0.0310306158 -0.0921382010 -0.2243722081 0.4324113429 -0.0865309685 -0.0538057685 0.0465212576 -0.9187934995 -0.7691747546 0.1240971386 -0.2986676395 -0.2124327570 0.0293497164 -0.0463696867 -0.0442293361 -0.1508174986 0.0197564960 0.4839293063 -0.3178994656 0.3807027340 0.2947170436 0.0325523205 0.0117561147 0.0401364118 -0.2275160402 -0.0914636478 -0.4708143771 -0.9115970135 0.1982822865 -0.0056470558 0.1619544774 -0.1482936144 -0.2062575668 0.0197277293 -0.4694615006 0.0552282408 0.0012366051 -0.2147139609 -0.0560183525 0.1992694139 -0.0673586279 0.4070817828 0.2528175712
-0.1168558300 0.0186069123 0.2478082478 -0.1294916123 -0.2469798774 0.1936825663 0.5779792666 0.2817300260 -0.1286801249 -0.4744737446 -0.5050554872 -1.2172187567 -0.2675093412 -0.5700398684 0.0784262940 0.3223859668 -0.6762306094 -0.0162345115 -0.0963142067 0.1198312789 -0.6518877149 0.1536988467 -0.3676972985 0.0547506474 -0.8358429670 -0.1656249017 -0.0500752553 -0.1264469326 -0.8682012558 -0.1191349477 0.2797536254 -0.2132768780 -0.0454302579 0.1662583798 -0.0565248914 -0.2393190712 0.0336612649 0.0497113802 -0.3480671346 0.2119428664 0.1359264553 -0.0453410447 -0.6398942471 0.6948061585 -0.0770787820 -0.4889869094 -0.1209385991 0.6854168177 -0.2388420701 0.0196743794 -0.1278184950 -0.1555018425 -0.2826755941 -0.2071373314 -0.6180719137 -0.1675687283 -0.2533458471 0.0844185352 -0.1277414113 -0.1524189860 -0.4911007285 0.1102565154 -0.1441596746 -0.0106279179 0.0583134294 0.1107127294 -0.3394635618 -0.0980049074 0.5332906842 0.2899151742 0.2707925439 0.0496227071 -0.0568805300 0.6680921912 -0.5742447376 -0.2310990095 -1.2270929813 -0.3073540628 -0.0930232331 -0.4637492001 0.2100943625 0.0838416368 -0.0300037786 0.0250728801 -0.7968776822 -1.3944401741 0.4168865979 0.2996877134 -0.4970289171 -0.2787030935 -0.2460253835 0.1453162879 -0.4844941497 0.2931662798 -1.2609118223 -0.5874232054 -0.7839838862 0.2186845392 0.0594443828 -0.0081018889 0.0630527660 -0.0096557094 -0.1113590300 -0.5433139801 -0.0030074236 0.1239116639 0.5956954360 0.0540237501 0.0301473439 -0.2420848161 -0.8015224338 -0.0837436095 0.2154726833 -0.1556611508 0.3937439322 0.6655243635 -0.3417068124 0.0320113674 0.3850505650 0.2994946539 0.3200654089 -0.7062958479 -0.9520053267 -0.3910177350 -0.3448474407 -0.0096991109 0.0915777609 0.0302177146 -0.4902066886 0.1768533587 0.1020198092 -0.2941242456 0.1610003412 -0.2507221699 0.2794524729 0.2436272949 0.0006014854 -1.2126815319 -0.0807746127 0.0105232960 -0.0353236571 -0.0372385047 0.3206652105 0.3580200672 -0.1516583413 0.4814633131 -0.2910638154 0.8338912129 -0.8199546933 0.0561391115 0.3500220478 0.1312096119 -0.2475642711 -0.2215206474 -0.4957196712 -0.8473420143 -1.2032815218 -0.7018384933 0.0481613278 -0.9117515683 0.3089992702 0.1087009609 0.2810765207 -0.2073465139 -0.6524341106 0.2468414158 0.0774424598 -0.6547209024 0.1967388093 0.3173388839 -0.3367959261 0.1391928345 -0.0420649722 0.1300225109 0.1324477494 0.0604111552 0.5399845839 -0.9408272505 -0.1059606299 -0.2082371116 0.0369236991 -0.1410334259 -0.0567013212 0.1710656881 0.0426918752 -0.9733211398 -0.5172774196 0.8675010204 0.7755842209 -0.2764073014 -0.6604967117 -0.9147100449 -0.5665209889 -0.0221013688 -0.2302672565 0.8262425661 0.2319300920 0.1884118319 0.3769040704 -0.0256129801 0.1210357100 -0.4368086755 -0.0763992667 -0.2419316769 0.3836189508 -1.2429225445 -0.1142132357 0.1555207521 1.0184969902 0.3895783722 0.1905285716 -0.1273930222 0.0127633959 0.0066626659 -0.6487345099 0.3990975916 0.1924252063 -0.1408370137 0.0194117445 0.7306433916 0.1479432434 0.0732843727 -0.1878834516 0.1206424683 -0.6183168292 -0.0748384744 0.0474065095 0.0609582290 0.0994179398 0.2426982075 -0.2092840075 0.6282401085 -0.1712868065 0.6339500546 -0.0419642590 0.0125688286 -0.0188670084 0.0480630882 -0.1815867573 -0.3296030760 -0.7831166983 0.2790322602 -0.0332864337 0.0479324274 0.1706189811 0.1745010763 -0.9276254773 0.2067681998 0.0393777490 0.2169397771 -0.5312126279 -0.4304699004 -0.0131832073 0.7294074893 -1.0504536629 0.6473667622
0.2666848302 -0.1451281160 0.1965590715 0.1966673136 -0.1872079968 0.2502053976 -0.7152044177 -0.1352365017 -0.4517260194 0.4096492529 0.0877673253 -1.1326086521 -0.3200665712 -0.2244620621 -0.0061032833 -1.3808842897 -0.2722879350 -0.0590778477 -0.9640534520 0.4239911735 -0.1426212043 0.4425385594 -0.8463464379 -0.0257876366 -1.7420238256 -0.3708150387 -0.2162274718 0.7052668333 -0.4115846455 0.9025347233 -1.1330872774 -0.6183295250 0.3494755328 -0.4560999572 0.3561806679 0.2707717419 -0.5596589446 -0.6215085387 -0.1375040710 0.0808701962 0.4218677282 -0.0014855757 -0.4593904912 -1.3464014530 0.0053652180 -0.2510490119 -0.4246975482 -0.1633006483 -0.5056734681 -0.0814952478 0.4585362375 -0.3683300614 -0.0211336762 -2.2728857994 -0.9085878134 0.0979729071 -0.1198608503 0.8868254423 0.4792719185 -0.4608282745 -1.2105991840 0.1426935196 -1.4852646589 0.0253927708 0.3117156327 0.9066074491 -0.7614783645 -0.6082891226 0.5411069989 -0.1233289316 -1.4328733683 0.0108087435 -1.2691367865 -0.1500514150 0.7504429221 -0.3666941822 -0.7894134521 0.4944057763 0.5546032190 1.1279914379 -0.5531406999 0.3563118279 -0.0327451229 0.0298911408 -0.5390992165 -0.1824418902 -0.9125455618 0.4316501319 -0.6858879924 -0.4372877479 -0.7780036330 -0.9357482195 -0.5585227013 -0.1308526546 1.5788226128 0.4076311588 -0.5494918227 -1.8266835213 0.0350068659 -0.5911754370 -0.6645945907 0.4303005040 0.9364175200 -1.8715804815 -0.1666630954 -0.6925273538 0.3302669227 0.6955360770 0.0718584582 -0.5433617234 0.1277417839 -0.3041658401 -0.6613323689 -0.3536871970 -0.3406213522 -0.2439306676 0.0012203581 -0.5854806900 0.0742184669 -1.1222590208 -0.5841212273 -0.1537643820 -0.4406352937 -0.9908870459 -0.3962881863 0.7706727982 0.5247468352 -0.9357596636 -0.2738555372 -1.4421840906 0.4222197831 0.2260125279 1.1640652418 0.1541204453 0.1134779453 -0.5483959317 0.0455436409 0.1209603474 -0.3962133229 0.0236125961 0.0392890349 -1.4894844294 -0.0068112365 -0.6175008416 0.4324037731 -0.2841981351 -0.1395312995 -0.5884738564 -1.9030498266 -0.7135745287 0.4299631119 0.0273479745 0.0383630097 0.4020201564 0.3133560121 -1.2602045536 -0.5738630891 -0.3967196345 -0.0116585400 -0.1410591602 0.3471707404 0.1845382601 -0.1710678637 -0.9587365389 0.0767834559 0.2595836520 -1.3515477180 -0.9574193358 1.3560985327 -0.6780965328 -0.9250177741 -0.0566797443 -0.0452364236 -1.9351623058 -0.5080579519 0.0111650601 0.4554007649 -0.3695995510 0.7436689138 0.0125232320 -1.2528171539 -0.0454982333 -2.1632812023 0.4030879438 -0.0274899062 -0.0499728061 -0.1320571005 -0.9287605882 -0.3012163639 0.0539705902 0.7835803628 -1.4347752333 0.2861849368 0.8939791918 -1.0575753450 0.1809114367 0.6762238145 -2.0508351326 -2.0578644276 0.0582935140 0.1144160479 -0.9651291370 0.1632882357 -0.6382829547 -0.7185869217 0.8786103129 -0.2426203489 0.1174475402 -0.2744754553 -0.9768990278 -0.1636683941 0.3385132253 -0.5770326853 -1.0065258741 -0.1256280839 0.9814159870 -0.4330765009 -0.0321136825 0.3228746057 -0.2448049933 -0.2200005800 0.5118517876 -0.9308874011 0.0718812868 -0.4201691449 -0.4129540920 -0.9697908759 -0.0227936208 -0.1346140951 0.4153202474 -0.0340725407 -1.3351120949 0.1101212129 0.9447362423 0.3751272559 -1.3493705988 0.0142980814 -0.7979235649 -0.4910137355 0.0279522184 -0.7251883745 0.9503231049 -0.6431599855 -0.3958238959 1.0510241985 -0.0943522751 0.5473754406 -0.9666194320 -0.0302941352 -0.6854680181 0.2550927401 -0.1763397306 0.4165750742 0.0477990508 -1.0812282562 -0.8665531278
0.3367591202 -0.5725895762 -0.4084212184 -0.3771818876 -0.1774617881 -0.4367445707 -0.1721276492 -0.5288892388 -0.5238011479 -0.2756302953 0.4265888631 0.2576048374 -0.2898151577 0.6928693056 -0.5318689346 -0.1738444418 -0.0314066969 -0.1057482958 0.2938279212 0.4339007139 -0.6520860791 -0.1180456281 0.0100231860 0.0176788345 0.7652673721 0.1149291396 -0.7116252184 -0.0850835517 0.0550940335 -1.1951522827 0.6312116981 -0.1602977514 -0.2084123194 -0.4770485461 -0.3107411861 -1.6268104315 -0.6289570928 -0.4330171943 -0.3472365737 -0.6762555838 -0.2933208346 -0.0367579907 0.2260601968 -0.1409471184 -0.1604351401 -0.6268942356 -0.3277210593 0.7878167629 0.4870482385 0.3257958591 -0.0170683246 0.2076094300 -0.2366469949 0.7756637335 0.9064059854 -0.1368082911 0.3656321466 -0.2186968327 -0.3461251557 0.1459400356 -0.9070543647 -0.4646914005 0.0608042367 0.0087345792 1.0253736973 -0.5370563269 0.5851679444 -0.2333817333 -0.0724257901 -0.2585079372 0.1120240763 -0.0411444306 0.0181272030 0.5312845707 0.0579744689 -1.1593905687 0.0379421376 -0.3471729755 -0.2831504643 0.1298674494 0.1438252777 0.7520952821 -0.0150028244 0.0344818309 -0.5217024088 -0.2113832235 -0.6490734220 0.4382092357 0.1519012898 0.6284030676 0.3238995671 -0.1446379572 1.2828506231 0.1702059656 0.5238326192 -0.6412785649 -1.0440989733 0.0166560821 -0.0071239322 -0.2061302960 -0.0797237754 0.3080422878 0.1478020698 -0.1211299896 0.0024017505 -0.0093524978 0.0942462832 -0.0129235359 -0.4049081802 0.5789355040 -0.6318463087 -0.8297656178 0.0241429675 -0.6264263988 -0.2698254287 -0.6351926327 0.6194906235 0.3149698377 -0.0652831048 0.4167433083 -0.4497186244 0.1120164394 0.4808710217 -0.1546059549 -0.5667703748 0.0006247952 0.2676122785 -0.6219561696 0.0163980108 -0.0794080794 -0.9990428090 0.7653914094 -0.9449615479 -0.1053784937 0.4668910801 -0.2512351871 -0.0202194154 0.7785481215 0.6930664778 -0.0359733924 0.0046018213 0.7364169955 -1.1212011576 -0.7208276987 -1.0282578468 0.4484288394 -0.4587947726 0.0522606634 0.2258078307 -0.2608185410 -0.4872558117 -0.0789772645 0.2467382699 0.6805790067 1.0449903011 0.1054580659 0.2050891519 0.1254812032 -0.5135350823 0.5247443914 -0.3184645772 0.7420168519 0.1079336777 -0.3010882437 -1.2327530384 -0.2192744613 0.4747720659 -1.3396590948 -0.9996100664 -0.3917936087 -0.3984394372 -1.6096745729 0.0345772281 -0.3024277687 0.1167212054 0.0127033368 -0.7111387253 0.2341389209 0.2976387441 -1.4868489504 -0.3060416579 -0.1424781978 0.1032144576 -1.9551664591 -1.2786054611 -1.7239338160 -0.5746529102 -0.0364824831 -0.0891131312 0.5428050160 0.0073678554 0.5320160389 -0.3380198181 -0.2502318025 0.6300361156 -0.7517060637 -1.2806127071 -2.4425663948 -0.3846293688 0.0385808870 -0.0048047318 0.5038899779 0.5880388618 0.1972523779 0.1723049581 0.3631434441 -1.1014891863 0.2220797241 0.4266776741 0.6572802067 0.6539048553 1.4703681469 -0.2268361300 0.2696019113 -1.6644470692 -0.0434982032 -0.7250992060 -1.0287759304 0.1183238328 -0.3876669705 0.2787405849 0.1413548142 0.4901460409 -1.9009578228 0.3464976251 -1.0439206362 0.0060587865 -0.0154431835 0.4455920756 -0.2479897887 -1.8294363022 0.1851688921 0.0699534565 -0.3326697648 -1.1094243526 0.2871803939 -0.0062572062 0.0429247580 0.3374071121 0.5392773151 0.1656130105 0.1660914421 -0.0164271779 0.1486595422 0.2624756396 -0.6034804583 0.0271348935 0.2542840540 -0.0080889240 -0.1181228384 -0.2499398589 -2.3285150528 -0.9126272202 -1.3404873610 -0.6894062757 -0.7754403353
-0.6074922681 0.1841569990 -0.0039485311 0.6963008642 -0.2219246924 0.0353859514 -0.6707205176 0.6933264136 -0.4349575639 0.5388556719 0.4043513238 0.4413967133 0.6307614446 0.0374440625 0.2244217992 0.2183596641 0.2466249466 0.3620972931 -0.4012752473 0.3392077982 0.1713069081 -1.0966707468 -0.3444718719 0.0175106153 -0.9988151193 0.3597727418 -0.6176168323 0.7431112528 -0.7800708413 -0.6555020809 -0.0047248113 0.4027864635 0.0733395070 0.1809720546 0.0255178027 0.7610109448 0.0003898905 -0.7960246205 0.0371053815 -0.5779734850 -0.2524404526 -0.0110608609 -2.6837294102 0.2340239584 -0.7983530760 -0.5909982324 0.1107551232 1.1519392729 0.1999462098 -0.7470937371 -0.1798638999 -0.4210958183 -0.1114363819 -0.0388036743 0.4658521712 -0.1445796192 0.3598385751 0.2488928884 0.0730988085 -0.2209670693 -0.6948798895 -0.6178249717 0.3318582475 -0.0230676085 -0.3444598317 0.0742604062 -0.2296814620 -0.3054738343 -0.1577234715 -0.9697114229 -0.9316472411 0.0479994640 0.6160967350 -0.1170305759 -0.3181827366 -0.3015113175 -0.9970174432 -1.3237766027 -0.1231615469 0.2753384709 -1.0903090239 0.1392446011 0.0233151764 -0.0051473305 1.4161818027 -0.8330008984 -0.4097926319 0.2114837319 -0.2656834126 -0.5007457733 -0.6334634423 0.0742327794 0.3163493574 -0.0949296951 0.1108224392 0.4162649214 0.3801617622 -0.1969900131 0.0380015373 -0.2622027099 0.9537603259 -0.3560171425 -0.0107386112 -0.2469287515 0.2424482554 -0.1736780554 0.0891668648 0.4045973122 -0.2926729321 0.7687710524 0.0556254797 0.2653962672 0.8549510837 1.3342132568 -0.6408672333 -1.0619505644 -0.6306524277 0.2946888804 -1.0240417719 0.1386002898 0.2342553437 -0.3441592157 0.9419838786 -1.1468715668 0.9167477489 0.1427497715 -0.0284559056 -0.0707453191 1.7922047377 -0.0094847297 0.3443759978 0.3035038114 0.2763673365 0.3354198337 -0.3189250231 0.3095728159 -0.0583681986 -0.0012520857 0.5118190646 -0.0161540210 0.0594633520 0.3384527564 0.1636701822 -0.1265415698 -0.6439715624 0.3544622958 0.5743826628 0.8657859564 -0.7711556554 -1.4233785868 -0.4078658521 -0.2422723770 -0.2448379099 0.2068540603 0.3390382826 0.4906877577 0.1071122214 -0.7045479417 0.1944642514 0.0986043438 0.3572533727 0.2280176431 -0.1490087211 -0.2213085145 1.8656654358 -0.0142168831 0.0828014538 -0.3720414340 0.1934237331 -0.3891176581 -0.3735828698 0.2644782364 0.0298192874 0.5294847488 -1.9100220203 0.0415308177 -1.6276396513 0.6130328178 -0.3449764252 0.1653586030 0.1602377743 -0.1477738619 0.4602773786 -0.1564778388 -0.2209896743 -1.5661476851 0.3870218694 0.1572409272 0.3554467857 0.3769034147 0.3252463639 -0.0430560596 -0.7134795189 0.7919884324 0.3379478157 -0.0044594877 0.0360100567 1.2693160772 -1.2905793190 0.0238655210 0.1179097295 -0.6040683985 -0.1592501253 0.6785264611 0.3335065246 -0.9199841022 -0.1403668821 0.3270301223 -0.0952689722 -0.5027180314 -0.2809982300 -0.2106496394 0.1325385869 0.2712446749 0.3917485774 0.2393288314 0.2028116882 -0.1338985115 0.2878783047 -0.2717376649 -0.4932731688 -0.5442736149 0.0217559673 -0.0333840586 0.1801968813 1.1477359533 -0.0035465972 0.0277674347 0.0785192251 0.4645428956 0.3517656326 0.0776149184 0.0144570507 0.5880727768 1.1470806599 0.1056974009 0.0239933953 0.2301581353 1.1923618317 -0.7122818828 -0.3667902648 0.2257323563 -0.0201605577 0.2805785239 -0.1141575947 -0.3039792180 -0.4575724602 0.3485396802 -0.0248558372 -0.4786631167 0.3774996102 0.1228718460 -0.7823067904 -0.0147040179 -0.7392828465 0.6549685597
-0.0109601589 0.0172435697 -0.0254639834 -0.0461184271 -0.1731287092 0.0088590607 -0.0522778779 0.0106904404 -0.0691301376 -0.0826255158 -0.0268797558 -0.0285912510 -0.0719262585 -0.0587675422 -0.1224230155 0.0012514199 0.0360224806 0.0089898109 0.0332208686 -0.0494174995 -0.0726554468 -0.0604676642 0.0296330787 -0.0559041724 0.0147271920 -0.0025352163 -0.0611571595 0.0431555547 -0.0134671833 0.0147989392 0.0094766654 -0.0072672730 0.0002767353 0.0106113022 -0.0055983220 0.0530036241 0.0433433168 0.0361340158 0.0043018702 -0.0455096141 -0.0954197273 0.0324442163 -0.0216259249 -0.0244625360 0.0213814918 0.0210237764 -0.0931003243 0.0526232310 0.0211988203 -0.0703697577 -0.0546462089 -0.0327588990 -0.0235348791 -0.0764189288 -0.0499055497 0.0213751942 -0.0726146996 0.0078894272 -0.0019172491 -0.0540402792 -0.0578656197 -0.0987841338 -0.0720896050 0.0133273927 -0.1385514438 -0.0383821502 0.0059920698 -0.0498734191 0.0486742780 -0.0178192854 0.0517101772 -0.0244580284 -0.0515678078 -0.0033504309 0.0139609426 -0.0848307684 -0.0502847768 0.0503185242 -0.0734449476 -0.0036756776 -0.0411706381 0.0068079471 0.0416900739 0.0202564076 -0.0283165965 0.0398422331 -0.0736775771 0.0407816768 -0.0583665669 -0.0384193882 -0.0446911491 -0.0207458399 -0.0639869794 -0.0051283645 -0.0350357443 -0.0760149062 0.0103359399 -0.0498096198 0.0608876273 -0.0055806534 -0.0395830795 -0.0590975434 -0.0178595167 -0.0316688418 -0.0632659867 -0.0258338917 -0.0234433878 -0.0225209929 -0.0312636569 -0.0684760734 0.0387686081 0.0484442040 0.0012798803 -0.0516072698 -0.0873262808 -0.0050765378 -0.1129261926 -0.0405699648 -0.0509684347 0.0203067735 0.0203227270 0.0069814362 0.0415164717 -0.0087434947 -0.0482953154 -0.0659380928 0.0188665669 0.0420035310 -0.0464820005 -0.0512364432 -0.0450109653 -0.0002046595 0.0508285016 -0.0558035225 -0.0138621330 0.0527002364 -0.0201571062 0.0218481235 -0.0460183881 -0.0510778725 -0.0214960054 0.0523317009 -0.0402606279 -0.0453343987 -0.1264153570 -0.0203167610 -0.0998946503 0.0210736748 -0.0151955923 0.0134737464 0.0127876615 0.0330418795 0.0292078778 0.0608187616 -0.1333444566 -0.0033224374 -0.0318613872 -0.0170137901 -0.0022957022 -0.0394762307 0.0105705438 -0.0412322320 -0.0177085735 -0.0059853476 -0.0013722334 0.0276645795 -0.0591127612 0.0269448981 0.0588797554 -0.0605782084 -0.0395665877 0.0380866975 0.0550430194 0.0084230443 -0.0339333192 -0.0504649952 -0.0110095795 -0.0015885048 0.0262735561 -0.0118302582 -0.0143353865 -0.0482971221 0.0045177704 -0.1141192093 -0.0709214583 -0.0237007979 0.0228702258 0.0291349385 -0.0450408123 -0.1039407328 -0.0300728027 -0.0284095500 -0.0751082599 -0.0560578406 -0.0478637740 -0.0253563654 0.0261878036 -0.0780082420 -0.0569260605 -0.0285269171 -0.0338767022 -0.0229695942 0.0248444472 -0.0045302962 -0.0411554612 -0.0731000528 -0.0945697650 -0.0512132123 -0.0137698529 -0.0466013253 -0.0894267783 -0.0809524953 0.0043353140 0.0071373070 -0.0559757985 0.0264569893 -0.0021742880 0.0120762754 0.0327031985 -0.0071135648 -0.0752134621 -0.0568807051 -0.0266251341 -0.0482389815 0.0041278852 -0.0152117638 -0.0322106779 0.0454182103 -0.0130920252 -0.0160032883 0.0284657348 0.0125566376 -0.0423741303 0.0071877930 -0.0699678585 -0.0055387169 0.0426424146 0.0448519215 -0.0023373286 0.0116052134 -0.0123145720 0.0228346158 -0.0562402233 -0.0050144019 0.1120636389 -0.0755086020 0.0475197434 -0.0449570492 -0.0486560613 0.0099596204 -0.0684653446 -0.0343964547 -0.0510143898 -0.0433210135 -0.0641638786 -0.0396939404
-0.2645228505 0.3471305668 -0.0342715830 0.2057401389 -0.6233351827 -0.0253591407 -0.2350941449 0.4586943686 -0.3976645768 -0.8346682787 -0.1843935549 -1.0375362635 -0.5119353533 0.6299077868 -0.3824701309 -0.0095269140 0.4051833451 0.0050377399 -0.3591565788 -0.2029687315 -0.0151088145 -0.6960750818 0.3390793204 -0.0519210696 -0.4268423021 -0.2545863092 -0.7498798966 0.0825720355 0.1939236224 -0.2437846065 0.4299882948 0.1422583461 -0.7139130235 -0.1486841589 -0.3598828018 -0.0528410226 0.9011688232 0.6143634915 0.3356459141 0.2122015357 -0.2091608644 0.0528636016 -0.0673773214 0.1100109443 -0.4935842454 -0.7435696125 -0.4183460474 0.0221318025 -0.5681154132 -0.6077040434 0.1396561265 -0.0643065497 0.0446412787 0.7873529792 0.1634183526 -0.0267121997 -0.2774399221 0.0338196978 -0.1085881293 -0.0899928138 -0.9973266721 -0.4310895205 -0.7044082284 0.0605418272 0.0736778304 -0.4639337957 0.1985146254 -0.8820994496 -0.2606715262 0.0094782636 -0.0244473480 -0.0227412805 -0.1974424869 0.2515029907 0.0016669139 -0.3550849259 -0.0012050126 -0.4138275981 -0.5577658415 0.4785717726 0.0430953614 -0.8797169328 0.0106435046 0.0375396386 -0.1470640749 -0.0294416994 -0.1637643427 -0.0208431035 -0.2766539752 -0.0762320310 -0.6419730783 -0.1245153993 0.6942846775 -0.9480459690 0.0035021901 -0.8264207840 -0.0199655369 0.4460368752 0.0105550215 0.7942137718 -0.5669327974 0.3220146894 0.2401573360 0.0730933473 -0.1737978756 -0.7633479238 0.4352260530 -0.4336754680 -0.4444564283 -1.3346539736 -0.3391270638 -0.5959090590 0.4230113029 0.1017963961 -0.0673345253 -0.2589509487 -0.0131875267 -0.1253884286 -0.3210645318 -0.0034925863 -0.1446353644 -0.5208938122 -0.3241882920 0.1320085675 0.3385412991 -1.2726254463 0.0543061681 -0.6443742514 0.8916456699 -0.0166759510 -0.0060606836 -0.4065282941 -0.0319675729 0.2617550790 -0.5159333348 -0.2855065167 -0.0398889109 -0.0252689067 -0.3056889772 -0.0390760750 -0.0464163199 -0.0564956628 -0.5375109911 -0.5554715991 -0.4035052955 0.5269452929 -0.4357863665 0.6372625828 0.1914817840 -0.2568674982 -0.0851387754 -0.0731716976 0.3650965989 0.5877656341 0.1969619393 0.2339076251 -0.1763968766 0.0807966590 0.0873874128 -0.7705256939 0.0415901355 -0.3994688094 -1.3907423019 -0.4691754580 1.0379171371 -0.0527150929 1.0819625854 -0.0309930667 0.0150757581 0.0418925099 -0.1479375809 -0.1372237802 -0.0290899724 0.2210593969 -1.0482759476 -0.0258274302 -0.9331043363 -0.0752638951 -0.0597623065 0.0413272418 0.1879082322 -0.2756682634 0.7008956671 -0.0201449655 -0.4716281593 -1.2232215405 -0.7418948412 -0.2093858719 0.1265522689 -0.8695175648 -0.0952983201 -0.3864909410 0.3166705370 -0.2413480431 0.2738649845 -0.4313311577 -0.0515665561 0.8318964839 -0.6744218469 0.0295223966 -0.4855356812 -0.4265421927 -0.3364399374 0.4420925975 0.1058493629 0.2775053084 -0.5047463179 0.0092002302 -0.8797622323 0.7064170241 -0.1084684134 0.0135607533 -0.1929188222 0.0854170471 -0.1400956959 0.3583710194 -0.5349801779 -0.6362667084 0.0044147447 0.0865757912 -0.3478677571 -0.1218305454 -0.7308560014 0.3357929885 -0.0761965960 1.0171059370 0.0567163453 -0.0109028816 -0.1398152858 -0.1431486458 -0.1584674418 0.0724613741 -0.1909798235 0.0371552594 0.3821738958 0.0582181662 -0.0468353108 -0.0020861938 0.3804536760 0.5083630681 -0.8412970304 -0.0815266892 -0.0123995245 -0.0643437728 -0.6224318743 1.4507814646 0.0269732699 -0.0417703986 0.0100454167 0.9093475938 -0.3870104253 -0.0061950856 -0.9961822629 0.0325170532 -0.1336786151 0.4358844757
0.2645242810 -0.1210108921 0.2446288764 -0.3062402010 -0.0777298883 0.0078590456 0.2489178479 0.2397827953 -0.0330065675 -0.2064487189 0.2690192759 0.1660446823 0.0824285671 -0.2670447528 0.2788565457 -0.1087434590 -0.1820325404 -0.3888202012 -0.0793004185 0.1318422854 -0.4135076106 -0.3493973315 0.0936213508 -0.0318836570 0.2376535684 -0.6174792051 0.0025576463 0.7348786592 0.8647449017 -0.3940103352 0.2846358716 0.1127825975 -0.0763440356 -0.1722142994 -0.0251113810 0.1004623994 -0.1797299832 0.0609478615 -0.3244204521 0.2600060701 0.2295995504 -0.0309292227 0.3153291047 0.0938189179 -0.0535599664 -0.1232420504 -0.0793270394 -0.1742873341 -0.4151833355 0.3291358054 -0.0693633556 -0.4473920763 0.2038730830 0.1336665004 0.4798146486 0.1881964356 0.5514582992 0.3127971590 -0.3423697650 0.0077843061 -1.0918529034 0.0377582423 0.1846656054 0.0225800201 0.0367838368 -0.1805225164 0.8268787265 0.0513706170 -0.1429167390 -0.1112230495 -0.9092461467 0.0224548578 -0.3036965132 0.2999077737 0.5902153850 -0.7613291144 -0.7777374387 0.2652928233 0.1706990302 0.2048131377 -0.5192446113 0.0189927388 -0.0283792019 0.0210886300 0.6819850802 0.0142308436 0.3439578712 0.2578112781 -0.2897362709 0.6664637327 -0.3414728045 0.1546314061 0.0205215570 -0.3664108515 0.6471801400 0.0362067670 0.1688076854 -0.2029651254 0.0559462011 -0.1831361651 -0.2574680746 0.1672228575 -0.0687828660 0.2623493671 0.5487052202 0.0058668158 -1.0850301981 -0.3110716343 0.1794574410 -0.4682423174 0.0684739947 -0.0270507950 0.5219120979 -0.5508420467 0.1944168210 0.1439595371 -0.5194679499 0.2483009845 -0.6225414872 -0.2243127227 0.0249705333 0.3136876822 -1.0142462254 -0.5831751227 0.2239509225 -0.4689782858 0.0984380469 0.2457525283 -0.5409969091 0.2885842919 -0.2496630847 0.0621722676 0.1922728270 0.0914755240 -0.7184008360 0.1668885499 0.0524078533 0.1148209944 1.0016504526 0.0566259772 -0.0009473637 -1.0243417025 -0.3525753915 -0.5299703479 0.3273914754 -0.0437754691 -0.8352615833 0.1196713895 0.4491044581 -0.3647913635 0.1614450961 0.3160313070 0.4256032407 0.0408783332 -0.4271048307 0.4291124940 0.0574584454 -0.1524293125 0.0405369550 0.2247229815 -0.0300488938 0.1406830251 -0.0426918119 -1.9784569740 0.2042140067 0.1299912035 0.1291365623 0.3224138319 0.2128056288 0.2230324149 0.7995434403 0.4817907810 -0.0588321239 -0.3234020472 0.4273342788 0.0087827295 -1.4059818983 0.1602958441 -0.0815107003 0.3813074827 0.1403379738 0.0892578214 -0.3550214767 -0.3729358613 -0.0873819068 0.8086004257 -0.3865495026 -0.0355710797 -0.8354439139 0.3207251132 -0.9458923340 0.2391545624 0.0629272833 0.7851874828 -0.3091771007 0.0672416762 0.0442095175 -0.2954993248 0.2884343863 0.0141926408 -1.1479917765 0.1270976067 0.0100157429 -0.0647784323 0.1716919690 0.0751957744 0.1626007259 -0.2213661820 -0.0488493033 -0.1140840501 -0.0803252235 0.0871104077 -0.5936397910 0.0209779534 -0.0039758068 -0.0194073543 -0.4431478977 -0.2404687852 -0.2437744141 0.1006584540 -0.1830094308 -0.2295253724 -0.5008594990 -0.1514453590 -0.6629096270 0.1544791609 -0.6758553386 -0.0541512668 0.2002432644 0.1043961644 -0.0911755189 0.0538677759 -0.0052709710 0.3303246200 0.4479671419 0.4193327427 -0.0545601584 0.3382964134 0.0207221732 -0.2919962406 0.2312144190 0.2262421250 0.3202321231 -0.2139721662 0.1445588470 0.2605576217 0.3843789399 0.0463187583 0.0050883363 -0.1121447310 -0.3253485560 1.0975099802 -0.3277971148 0.3737359941 -0.2272730917 -1.2881348133
-0.6814947724 -0.4081135988 0.1907446533 -0.4614752829 -1.1287436485 -0.3859326839 0.2021624297 0.2481742054 0.6884438992 -1.1686849594 -1.2397222519 0.0615946539 -0.1257392764 -0.5644490123 0.6930075884 -2.7191166878 -0.0635259822 -0.2862441242 -0.3751890957 -0.4537461996 -0.8891720176 0.0037949653 -0.1760838479 0.0522745475 -1.2904045582 0.2672379315 -1.7899992466 -0.5322322249 -0.1772740930 0.3021746576 -0.1364720911 -0.0074971528 -1.5306998491 -0.1901831180 -3.1369032860 0.4419560134 -0.3673387468 -0.1929655820 0.5099647045 -0.3293812871 -0.8981130719 0.0428494886 0.5198758245 0.2717586160 -1.6401391029 -0.1891130805 -0.2159766704 -1.0433864594 0.0028765013 -0.1295899600 0.0150199914 0.1168317795 -0.3434607387 -0.0950591713 -2.1785523891 -0.4449530244 -0.5369298458 -0.5008911490 -0.6983346343 0.3018026650 -0.3844355643 -0.9725061059 -0.0387866199 -0.0138416644 -0.7152031064 -0.1679573953 -1.5861976147 -1.4780948162 1.3732831478 -0.6275939941 0.4754683375 0.0429276526 0.3653507233 0.0902285874 0.2342436016 -0.4444388449 -0.5791817904 0.0029645234 -1.9765334129 -0.4259477854 0.3269189894 -3.0280430317 -0.0201596320 0.0420097858 0.7690556645 1.1561117172 -0.8726636767 0.1142068505 0.3270291686 -1.0405154228 0.0587299317 -1.2640191317 -0.3105558753 -0.4303626716 0.0255549792 0.1806906760 -0.7317027450 0.1095125750 -0.0092305094 -1.0576285124 -0.9665721059 -0.3079605997 0.0526351370 0.1877027154 -0.6341490746 -0.9344926476 0.2699673474 0.0915308967 1.1017184258 0.9437943101 -3.0772519112 -0.5086222887 -0.1014951393 -0.3061585426 -0.3029285371 -0.3606521189 0.3512227833 -0.0489327013 0.1825489700 0.0146332141 -0.9890995026 -1.0467789173 0.1907421798 -0.1511074603 -1.8468648195 0.3523491919 -1.4871945381 0.4136011899 -0.5599107146 -2.2867660522 -0.4265834391 -0.0923968926 -0.0394016169 0.7724031210 -0.1698385179 -0.5178870559 -0.0266972184 -0.8891816735 0.6160447001 -0.0137957782 -0.0566631854 -0.4771925211 0.3534675241 -0.4157793522 -0.8970470428 0.3749132454 0.5910695195 1.0899224281 0.6095051169 -0.3587631583 -0.3733648658 0.3146678209 -0.5950208306 -0.4819498062 -0.6685994267 -0.3130076826 -0.4397760630 0.0307526067 -0.3378705978 -1.5058147907 -0.9187147021 0.2278567851 0.6322692633 -0.8141030073 -0.9162607193 -0.3934395313 -0.4452090561 0.0709298626 -0.7546494007 -1.0220271349 -0.1098658517 -0.6473730803 -0.0325616971 -0.3942730725 -0.1998371780 0.0484693870 0.6291756034 -0.3536934853 0.0069524352 0.0540543459 -1.6933022738 -1.0370043516 -0.2310614586 0.3374179602 -0.2924956083 -0.5203019381 0.1769760549 0.0685840696 0.5831357241 -0.2326402068 -0.1393045634 0.0022996163 -0.6257651448 -0.1810372770 1.0232269764 -0.3418398798 -0.1520193964 -1.1661688089 -0.2151777595 -0.0119827092 -0.5685629845 -0.0694539621 -5.1799035072 -0.3569685817 -0.5131687522 -0.1250224560 -0.4467657506 -0.3452652693 0.1598252058 -1.0089426041 -0.6993366480 0.8472235799 1.0526449680 0.2383413464 -0.1075754836 0.0772979409 -0.1331668794 0.5425752997 0.3004133701 0.4198233187 -0.3811950684 0.3632557094 -1.0954385996 -0.5961866975 0.4878539145 -0.4802937508 0.0630153120 -0.0096231103 -1.8612452745 -0.1201580688 -0.0961765423 0.4758922160 -0.2167286277 -0.9707071185 -0.0999636650 -0.8744886518 -0.0049450994 -0.7317565084 0.4306428432 -0.0016260067 0.1311141551 0.9079792500 -0.0217059404 -1.0438073874 -0.7480955720 -0.5170127749 0.8718950748 0.2095418572 -0.0020017028 -1.4142013788 0.5344570875 -0.6232576966 -0.1022649482 0.3228377700 -1.0215882063 0.5293944478
-0.1806435138 0.2261686921 -0.0717239678 1.3769004345 0.6926622391 -0.6987424493 -3.2419703007 -0.7198199630 -1.6553117037 0.4828309715 -0.4186304808 0.2898434103 0.4750732183 -0.3752971888 -0.7206222415 -0.0301290825 -0.4972272515 -0.0744504333 0.2370946854 0.4161222577 -0.6901238561 -0.6160603166 1.0051120520 -0.0157294124 -2.0182189941 0.5286200643 0.0881378055 -0.2298550308 -0.8742142320 -0.2545138597 -1.0094108582 -0.6110683084 0.4826606214 -0.6182244420 -0.4947087765 -0.4181660414 0.3946597576 -0.2272061706 0.5888594389 0.0034337756 0.1770261377 0.0437500477 -0.7284198403 -0.5201554298 -0.3579753339 0.2417118400 0.8959428072 -1.0745819807 -0.4600485265 -0.8271530271 0.3466595113 0.3622434735 0.0973545238 -0.3455843031 0.0631891936 0.4744135141 -0.0008572715 0.0974985585 -0.1044118106 -0.1548482627 0.1987560242 0.5534258485 -0.5982540250 -0.1400463581 0.5912230015 0.2887379527 0.4756189883 -1.0095933676 -0.1508926153 0.2308589518 -0.1690419763 -0.0514377281 0.2230115235 0.1185507625 0.6273840666 -0.3124186099 0.1219668612 0.1215086281 0.6345710158 -0.8956028819 -0.1693292856 0.7665097713 -0.0097637475 -0.0188273266 -1.2352726460 0.3080070019 0.0193405543 0.3201417029 0.3816271424 -0.6529799104 -0.3780185580 -0.5115412474 -0.1996172369 0.0380881019 -0.1392964721 -0.3156615794 0.2708883584 0.8333400488 0.0307407826 0.7552394271 -0.6479490399 0.9225196242 0.1789758801 -0.5747585297 -0.1011538431 -1.2055926323 0.0336959586 -1.1561770439 -0.5597968698 0.1060345024 0.0801910758 -1.2438831329 0.3141857684 0.3042955995 -0.2598758042 0.2815607190 0.2569111288 -0.6443979144 -0.7083716393 0.0309382062 0.5222127438 -0.7243784070 -0.0983350500 -2.1945595741 0.3610046506 0.0449552126 0.4086801112 0.4444292486 -0.3350642920 -0.1465271562 -0.1909278184 0.6545284986 -0.5212596059 -0.8360008001 -1.0598957539 0.1991902292 0.0610397756 -1.3096725941 0.3389980197 0.0049206316 0.0125468969 -0.5429759622 0.3331198990 0.4460567534 -0.3276146352 0.0130623775 -0.8549078703 0.4691718519 0.0617389046 -0.0002117799 0.0282327421 0.5371642709 0.4805555344 -0.3903627992 -0.3870880604 0.3372693062 0.2543165386 -0.0346677452 -0.6625862718 -0.6493242383 0.1117050499 -0.9194664359 -0.2547166049 -0.6927876472 -0.4126702249 0.5990149975 -0.3777359128 0.2890068889 -0.1623593122 -0.0236960147 -0.9797133803 0.3315007091 0.0368889421 0.3708938956 -0.6153689623 -0.0560998842 -0.1925332397 0.5182240605 0.0271123294 -0.7527918816 0.3278880119 0.4466134012 0.3034357727 0.6370159984 -0.7035876513 -0.0939995199 -0.2780784070 -0.7157804370 -2.0467095375 -0.3789295852 0.0221078712 -0.5251223445 -0.9342609048 -0.3603145480 0.4213306010 0.1317174733 -0.8128617406 0.0365359187 -0.5588510633 -0.0233964548 0.0964982659 -0.4278491735 -0.0435166024 0.0397683159 -0.4092154801 -0.3025518954 -0.3076602221 -0.0480072722 -1.9149996042 0.0662182197 0.3870312572 -0.3758314848 0.3946699798 -0.0366837941 0.0408462174 0.5834293365 0.0353377797 -0.4705380201 0.5835285187 -0.3300414085 -0.5554605126 -2.3632292747 -0.0324610136 1.0828557014 -0.6451746821 -0.2789708674 -0.7766517997 -0.0324649513 -0.0763344765 0.1773154140 0.5141662359 -2.6425950527 -0.8809773922 -0.2562911510 0.2620693743 -0.2515766323 0.0542596802 -0.7272457480 -0.0586820692 -0.0527773537 -0.3467087448 0.8486191630 -0.6474153399 -0.4363881350 -0.1301166862 0.2344798148 -0.0961690322 -1.4516326189 -0.0503507853 -0.9706687331 1.1463363171 -0.1553714573 0.3202886879 -1.2484914064 0.2238316536 -0.0848308802
-0.8610830903 -0.5159235001 0.0355253518 -0.2486993074 -0.0949852392 -1.3101685047 -0.5716395378 -0.2975740731 -0.6140135527 -0.0190578569 -0.5641594529 0.7863504291 0.1894406527 -0.0959025919 -0.2000416219 -0.0086629428 0.0333433524 0.0389101803 -0.1888915151 -1.0700486898 -0.3619527221 0.0841102228 -0.3146831393 -0.0026976913 -0.3709562421 -0.1102089733 -0.2987183630 -0.3510210812 -0.0972204357 0.0374748148 -0.1316091865 -0.3515535295 0.2745940983 0.3096044064 0.2479311377 0.0531656891 -0.1636171639 0.0588317402 -0.4592191279 -1.1370413303 -0.6154957414 -0.0312204696 -0.4847547114 0.1826404631 -0.7944662571 -0.1038424000 0.1251549870 0.1012521386 -0.0918127596 -0.2295436114 -0.0381506383 -0.4487502575 0.0254516602 0.0244415998 0.5098054409 -0.0238126367 0.1252193451 -0.0328494161 -0.8554021120 -0.0395231768 -0.6368762851 -0.3372008502 -0.5264332891 0.0103910351 -1.1756244898 -0.2604564130 0.2249307036 -0.3089745343 -0.0072808862 0.0317607298 0.3826325238 0.0138182864 -0.7328695059 0.4158254564 -0.3068378568 -0.3463582695 0.0149122365 0.0978065580 0.5722848773 -0.6989922523 -0.0301866736 0.0163549725 -0.0181637481 -0.0339431167 -0.3883252442 0.0034881905 0.1633462310 -0.0550106391 0.5299150944 -0.2286127657 0.4386337399 -1.0377879143 -0.2823186517 0.0411427617 0.0605375767 0.0406661443 0.3624103963 0.5933461189 0.0113650858 -0.4443286061 -0.8030945063 -0.1387514621 -0.1320579648 -1.3779075146 -0.1437653005 0.3582878709 -0.2720105350 -0.2426042706 0.0938370600 0.1556649804 -0.6460448503 0.0198481362 0.0207622312 -0.2905431688 -0.3532897532 -0.1628275812 0.1934080869 0.1249349564 -0.4552559257 -0.0145022422 -1.1964080334 -0.1926683486 0.3184750974 -0.4597987831 -0.2132198960 0.0824698135 0.3042778373 -0.1606572121 -0.5923315287 0.0064007640 -0.8464189768 0.1641631722 -0.0280023068 -0.5333417654 0.1663972586 -0.3228909373 -0.0414818525 -1.5867557526 -0.0371071510 -0.0473827571 0.0295601338 -0.7329356670 0.2665072680 0.3606822193 0.1121206731 -0.1609975398 -0.5759980083 0.1637367755 -0.4036453664 0.0686104000 -0.4938232899 -0.0353289396 -0.2440543026 -0.3725917339 -0.5490698814 -0.0439185649 0.2206052840 -0.1859215051 -0.1946067810 -0.2997379601 -0.3527840972 -0.3168235421 -0.0776755586 -0.6245909333 -0.6714975238 -0.0158543363 0.0233423635 -0.0176299643 -0.0493877530 -0.0249235369 -0.7305588722 -0.0419495329 -0.0434375554 -0.2434102744 -0.7090944648 0.0408329070 -0.3188384771 -0.2565907240 0.0102943555 0.1890946776 -0.8245700598 0.1995680332 -0.1894821376 -0.2349357456 0.1830998361 -0.5127248764 0.0311339423 0.0175128691 -0.4376404583 -0.3055251539 0.3184057474 -0.7813205123 0.0994729325 -0.4017165601 -0.5322558880 -0.3338373601 -0.8472170830 -0.0065320469 -0.2742855847 0.0074978843 0.0772518516 0.5185487866 -0.0323463939 -0.1083883345 -0.2352903038 -0.0715802237 0.0943406671 -0.0067269802 -0.3722618222 -0.3371524811 -0.3604862988 -0.3483880162 -0.0544626079 -0.0816165507 0.3266319633 -0.0342507474 -0.0335326158 -0.1783933640 -0.0771803856 -0.9611669183 -0.3337562084 -0.7342041135 -0.6440209150 -0.8114209175 -1.4821407795 -0.0357312560 -0.0540038347 -0.0140617266 -0.6231186986 0.0491298363 0.3429281116 -1.2077437639 0.1728301793 -0.1294399202 0.1745888889 -0.0191524476 0.0090340748 -1.5642645359 -0.0270108394 0.2762358785 -1.1710681915 -0.6216341257 0.0442547053 -0.4495460689 -0.9225807190 -0.2429455072 0.0501028001 -1.5186841488 0.0256570727 -0.1394352317 0.4286595881 -0.3554925621 -0.2317436635 -0.0500038266 -0.2868785858 -0.4232923090
-0.0445528105 0.0347608663 0.0147482157 0.0663952678 -0.0056561055 -0.0020197148 -0.0004489989 0.0226695035 -0.0804398954 -0.0617422573 -0.0632485971 -0.0225221552 -0.0076394654 0.0243058819 -0.0164866038 0.0127418544 -0.0377529562 0.0518103763 -0.0988661721 0.0251918193 -0.0498477109 0.0037744232 0.0564305112 -0.0344069675 -0.0625342652 -0.0021400184 -0.1081423983 -0.0392773561 0.0056950552 -0.0505639091 -0.0247042459 -0.0573899224 -0.0518340059 -0.0445579179 0.0053971191 -0.0567942932 -0.0659799129 0.0303019676 -0.0399078652 0.0399270616 0.0460227542 0.0550154299 -0.0963463411 0.0102309892 -0.0788960829 -0.0372440666 -0.0716548860 -0.0652395114 -0.0988736153 0.0226300173 -0.0338705145 -0.0833202973 0.0074521974 0.0284682103 -0.0116635477 0.0044693649 -0.0968585610 -0.0306917951 0.0005198502 0.0223987382 -0.0069378610 -0.0178840887 0.0572406091 -0.0202797279 -0.0515628196 -0.0035661107 -0.0327690952 0.0181326829 -0.0228883028 0.0448725522 -0.1019920409 -0.0413890034 0.0168599430 0.0626871511 -0.0787919834 -0.0211103093 -0.0429851487 -0.0177535303 -0.0565568767 -0.0265724696 -0.0096752457 0.0045266370 0.0611712188 0.0618252233 -0.0722190067 -0.0799894184 -0.0426460281 0.0268119946 -0.0647591874 0.0235260222 -0.0022562034 -0.0800038651 0.0427659303 -0.0695487633 -0.0151452348 0.0135648055 -0.0892036632 -0.0548597053 -0.0098086670 0.0327741541 -0.0582345352 -0.0260769539 0.0528006926 -0.0365003310 -0.0111630894 0.0438404083 -0.0429924354 0.0057402328 -0.0228519477 -0.0225651953 0.0048568430 0.0183588956 -0.0662349835 -0.0334745534 -0.0560938008 -0.0036492329 0.0151802432 -0.0443858355 -0.0274618603 0.0126520619 -0.0476387441 -0.0867974982 -0.0618418492 -0.0503295362 -0.0316169299 -0.0618022047 0.0108859465 -0.0407841653 0.0678983703 0.0220893547 0.0503139235 -0.0965088233 0.0127951950 -0.0300801974 -0.0424751453 -0.0273887943 -0.0047226846 0.0328855142 0.0324466415 0.0564771593 -0.0498029813 0.0192080270 -0.0435295217 0.0195400007 -0.0855886862 0.0027538436 -0.0796598122 -0.0236703176 -0.0661333650 0.0165296998 0.0037970042 -0.0111717582 -0.0248661358 0.0049158987 -0.0072396304 0.0001808281 -0.0277029332 -0.0694600865 -0.0308594201 -0.0340464041 -0.0275113136 -0.0363918208 -0.0807599425 0.0094676083 -0.0774636120 0.0044275522 0.0547726378 0.0489991456 0.0114370659 0.0238153208 -0.0842091963 -0.0427201465 0.0201925263 -0.0151005415 -0.0102150170 0.0307013839 0.0136622973 -0.0009235910 0.0092084408 -0.0745689496 0.0156953204 -0.0272878334 0.0112906424 0.0026188453 -0.0170096364 0.0537330732 0.0011447738 0.0384505838 -0.0662891939 0.0538992211 -0.0857669190 -0.0782555044 -0.0270782448 0.0260283966 0.0046328250 -0.0116080232 0.0579492673 -0.0595252067 0.0047890283 0.0612100959 -0.0394912735 -0.0762252957 0.0076012220 -0.0866402239 0.0337324403 0.0067380983 -0.0308182258 0.0410948917 0.0027464221 0.0300856549 -0.0233058687 0.0118665351 -0.0705201924 0.0148395263 0.0258061942 -0.0384017378 0.0713273585 0.0211636424 0.0441576838 -0.0600043349 -0.0508166924 -0.0226168204 -0.0887013748 -0.0158702824 -0.0243814643 0.0022853075 -0.0204936787 0.0510975718 -0.0323184617 -0.0522294790 0.0167662464 -0.0027612681 -0.0604367033 -0.0214763023 -0.0080741923 -0.0379425138 0.0618335158 0.0313117467 -0.0209010188 -0.0145170903 -0.0193635039 0.0393425897 0.0289212763 0.0076026148 -0.0839521512 -0.0198962502 0.0293947458 0.0222868137 -0.0584277287 0.0616263933 -0.0721014291 -0.0149631863 0.0033145729 -0.0111949816 -0.0060787466 -0.0149968192
-0.0523183830 0.0349146388 0.0431672335 -0.0386986844 0.0012653077 -0.0268326476 -0.0514655933 0.0031415448 -0.0525824428 -0.0535582900 -0.0247704387 -0.0709120259 -0.0519687720 0.0010459520 0.0000383233 -0.0514030419 0.0132608190 -0.0149835050 0.0470857434 0.0552692972 -0.0471302047 -0.0704347417 0.0029024815 0.0472768173 -0.0203726739 -0.0644833520 -0.0679016784 -0.0168581624 0.0480892360 0.0106979478 0.0223392099 -0.0502681583 -0.0128313517 -0.0122829238 0.0505385585 0.0409333184 -0.0472306199 0.0205656197 0.0437896065 -0.0175486822 0.0202549323 -0.0432139412 0.0235217661 -0.0703228563 -0.0499302968 -0.0626578331 -0.0660084412 0.0272079110 0.0390382521 0.0213079378 0.0502435565 -0.0287054703 0.0518088192 -0.0102381660 -0.0253264494 -0.0367746279 0.0146085508 -0.0596506149 -0.0363692455 -0.0387284756 0.0138440160 -0.0313025713 -0.0208916850 0.0044637769 -0.0661807358 0.0047332272 0.0069924239 -0.0033735749 0.0250966884 0.0202797130 -0.0507484749 0.0311360657 0.0241109673 -0.0653885826 -0.0139429346 0.0283043776 -0.0166336969 0.0580522344 -0.0586824529 0.0058423281 -0.0403390564 -0.0085777929 0.0524594039 0.0203281790 -0.0030089691 0.0211389437 -0.0288001634 0.0572436303 -0.0494903550 0.0000293364 0.0353462845 -0.0527162738 -0.0443793721 -0.0201100800 -0.0013627931 0.0354467332 -0.0673650503 -0.0556518771 -0.0298733711 -0.0358928628 0.0493204705 -0.0271224566 -0.0034801601 -0.0141199008 0.0057670251 0.0060681510 -0.0362467654 -0.0349386856 -0.0482102968 0.0361020751 -0.0535478778 -0.0117747644 0.0270276740 -0.0090600029 -0.0594369434 -0.0103981607 0.0257404335 0.0317731723 0.0274230782 0.0203657225 -0.0559516475 -0.0496735349 0.0227159150 0.0465586185 0.0283001605 -0.0240513124 -0.0721950084 -0.0446492247 -0.0407077968 0.0093892962 -0.0168929696 0.0502189808 -0.0459446087 -0.0135513525 -0.0552309714 -0.0164467413 -0.0508827716 -0.0486556590 0.0398294963 0.0333903432 -0.0404744074 0.0137372697 -0.0391392894 0.0392282493 0.0263024587 -0.0354972370 0.0498059094 -0.0219214018 -0.0345995948 -0.0054059075 -0.0441832468 -0.0606396273 0.0061224084 -0.0524869673 -0.0154460594 -0.0324518457 -0.0446561985 -0.0055983281 -0.0535478517 0.0376054049 0.0227688197 -0.0464554876 0.0185711235 -0.0287835896 -0.0109574981 0.0508239269 0.0271913316 0.0308583602 -0.0178182647 0.0359005444 0.0204898641 0.0485285446 0.0432340652 -0.0535246395 -0.0545804277 0.0308660194 -0.0667373165 -0.0789577365 0.0366166085 0.0572418720 -0.0591291748 -0.0207474492 -0.0211606231 -0.0412907526 0.0358787514 -0.0459278375 -0.0341670439 -0.0193596277 -0.0534237474 0.0018214153 -0.0347972289 -0.0062758401 -0.0147362277 0.0051615783 -0.0105678737 0.0407529436 -0.0447133444 -0.0434764363 0.0222488586 0.0435625017 -0.0017786623 -0.0215076301 -0.0593793280 -0.0473133065 -0.0016316250 0.0081715211 -0.0641519576 0.0292620361 0.0163263679 -0.0213494077 0.0020912485 -0.0008204932 -0.0147136729 -0.0511794463 -0.0472958237 0.0477296300 -0.0143359564 0.0459015295 -0.0418716669 -0.0491800532 0.0041194530 -0.0238612369 0.0543863997 0.0314968266 -0.0282774381 -0.0009370225 -0.0104777589 0.0071863458 -0.0296138413 -0.0338193104 -0.0753317550 -0.0135987690 -0.0498582758 0.0078406064 -0.0518237427 0.0433038287 -0.0256074294 -0.0489940718 0.0273474008 -0.0644363686 -0.0313574970 0.0213742740 0.0201225299 -0.0310833603 -0.0535690673 0.0437314287 0.0419849306 -0.0275458992 -0.0124121830 -0.0247998014 -0.0044505000 -0.0486771874 -0.0210676435 0.0553272888 0.0251127388 -0.0220828336
-0.0792643130 -0.0322147533 -0.0452074669 -0.0306789875 -0.0394305214 0.0053550159 -0.0495919809 -0.0450445823 -0.0980044827 -0.1103626713 0.0232166294 -0.0469561741 -0.1309330910 0.0566112623 -0.1123833060 0.0088261785 -0.1037132144 -0.0118275881 0.0044444171 0.0186524149 -0.0060059573 -0.1376543939 0.1122176722 0.0195803717 -0.2044983655 -0.1488071084 -0.0608100109 -0.0186735149 0.0311273001 -0.1288618445 0.0093832938 0.0139318919 -0.0357810743 -0.1159788594 -0.0281523876 0.0022303313 -0.0085600177 0.0440828204 -0.1473653466 0.2186850458 -0.0049938187 -0.0325730145 -0.1524734795 -0.1252632439 0.0229317788 0.0926795527 -0.0924025625 -0.0102142924 -0.0384884886 -0.1187084988 -0.0642924309 0.0723212585 0.0534593090 0.0381078012 -0.0298376456 0.0099084321 -0.0934863538 -0.0063438192 -0.1264982373 -0.0831675902 -0.0933866128 -0.0928927585 -0.0514756627 0.0380699858 -0.0213174783 -0.0335232392 -0.1968316287 0.0068989606 -0.0065087345 -0.0141734779 -0.0780125558 0.0434373319 0.1525777876 -0.1377580017 -0.0544780903 -0.0848308504 -0.0356942303 -0.1322134137 -0.0293057580 -0.1022517011 -0.0339113697 -0.0440430045 -0.0614495203 -0.0593722537 0.0468403921 0.0298237484 0.0461687706 0.0265345275 -0.1785594076 0.0361328907 -0.1620375365 0.0370429307 0.0545916222 -0.0847900882 -0.0348842964 -0.0114458958 -0.1112349182 -0.0808994621 0.0030535981 0.0629522055 -0.0990779474 -0.0212722942 -0.0586688779 -0.0809074119 0.0990303904 -0.0199096650 0.0370418616 -0.2020261884 -0.0191471912 -0.2855954468 0.0168973394 -0.0416512750 -0.0250279102 -0.0304948855 -0.0488245189 -0.0485160761 -0.0309126563 -0.0162601117 0.0840068609 0.0277977213 -0.0010285488 -0.0536095686 -0.1157538295 0.0313009098 0.0300555062 -0.1178677902 -0.0910541117 -0.0101432074 -0.1341252774 0.1341674924 -0.2258595973 -0.0568930283 -0.0385889970 0.0030682837 -0.1130931824 -0.1730986834 0.0596998483 -0.0419654548 0.0320946090 -0.0621783063 0.0162666962 -0.0047988640 -0.0458663255 -0.3044497967 -0.0842821226 -0.0394097418 -0.0973665640 -0.0165466126 -0.0757631287 -0.0606705509 -0.0796525851 -0.0017646798 -0.0061399192 -0.0233209077 -0.0003106608 -0.1313797385 -0.2134338319 0.0137613332 0.0002380808 -0.1636850685 -0.0459805951 -0.2013449818 -0.0501216762 -0.0474091806 -0.0948095843 0.0373722687 0.0123748966 0.0164469201 0.0397989154 0.0100949351 -0.1027114615 -0.0478866212 0.0132744387 -0.0252013542 -0.1700532138 0.0191217363 -0.0752620474 -0.0073539806 -0.0928826034 -0.0253714956 0.0340007246 -0.0973996893 0.0038815441 -0.0615415461 0.0397817716 0.0510002412 -0.0105061084 0.0296171028 0.0350833312 -0.1376204789 -0.0287963040 -0.0309349932 -0.0204176363 -0.1603798866 -0.2008789480 0.0091821020 0.2140493691 -0.0383689515 -0.1478420049 0.0538703054 -0.1478721946 -0.0809526816 -0.0167202186 -0.1136779487 -0.0140778469 0.0386577733 -0.0581009686 -0.0693918690 -0.0014453081 0.0395480432 -0.0860670581 -0.0077336133 0.0065434487 -0.0112411305 -0.0561783537 0.0251951702 0.0128392698 0.0216141008 -0.0008683652 -0.0121857077 -0.0590612777 0.0333129168 -0.1388010830 -0.0655544922 -0.0095375255 -0.1471787542 0.0006893270 0.0207893997 -0.0215525143 -0.0253817346 0.0147335660 0.0079564527 -0.0638105571 -0.0411054231 0.0850273818 -0.0289475992 -0.0554767773 0.0141685372 -0.1494995207 -0.0239761397 -0.1396276504 -0.0459142849 -0.1211729199 -0.1779900342 0.0720811635 -0.0331203602 -0.0542881489 0.1033361405 -0.0423694253 0.0524689294 -0.0289748721 0.0223336276 -0.0556799397 -0.0492117219 0.0426255278 -0.0954665467
-1.6295831203 -2.6350004673 0.4458702803 -0.5424543023 -0.2837377489 -1.4654486179 1.3205441236 -0.0629314259 -0.7354540229 -0.0252153017 -0.2599598765 -2.0133850574 -0.8593080640 -0.3175490797 -1.1715444326 -1.2054497004 -1.6275210381 -0.8060830235 0.1404472739 0.1399844140 -0.2466316521 0.2521924376 -0.4192180932 -0.0399590731 -1.9946236610 0.1765182316 0.1305155456 -1.0248885155 -0.0603917651 -0.5207673311 -0.2616588473 0.4961578846 0.2230095118 0.6588208079 0.0659945756 0.2078917027 0.7227328420 -0.1873175055 -1.0033106804 -0.3997435272 0.0992424041 -0.0625307336 -0.2475479692 0.6282550693 -0.2946788371 -0.1394968182 -0.3502480388 -2.1408355236 -0.6087246537 -0.6515366435 0.2322418094 -1.3486413956 0.0801840276 -1.4345275164 -1.2597469091 -1.1467206478 -0.9529359937 -0.4446734786 -0.9850936532 -2.0074160099 -3.4175708294 0.6523536444 -0.8096964955 -0.0133986892 0.4927662313 -1.2289799452 -0.8687842488 0.0242270138 -0.7943547964 0.0362847112 -1.2872265577 0.0203670189 -0.6306119561 -0.4115842283 -0.2406177223 -0.1216872036 -0.6170842052 -1.6651147604 0.3007392883 -0.4502041340 -0.4359302223 -0.0894747451 0.0129890963 0.0017071217 0.2803013325 0.0047799321 0.8294822574 -0.3455729783 -2.6862552166 -0.8140097260 -1.7594820261 -0.4111145735 0.6665938497 -0.6713407636 -1.2102432251 -0.2971280515 -0.6355659366 -1.7513881922 0.0453816205 -0.9612936974 -0.6473212242 -1.3612744808 -2.7765407562 -4.2741837502 -0.4412593246 -0.7094476223 -0.1198402047 -1.0961079597 -1.8689291477 -0.5262014866 0.2802729607 -2.2136487961 -0.5403929949 -0.6276470423 -0.0002962676 1.5156543255 0.4186513424 -0.9496620297 -0.9255384207 -0.5409703851 -0.1589299440 -0.2502670288 -0.7633779049 -0.1220036745 -0.4999636114 -0.1398485899 0.2363411337 0.3684372306 -0.4190672636 -0.2634178102 -1.5061987638 0.3123628199 0.1739051044 -0.2993567586 -0.8539712429 0.1595286578 0.0065934286 -0.2203749865 -0.0171753056 -0.0438459069 0.0083212182 0.8950881958 0.7921526432 -0.8241961002 0.7091397047 -0.3041406274 -1.2311959267 -0.3009099960 -1.5972441435 -0.4817058742 -0.0927944705 -1.0882797241 -0.2720748484 -0.5487645268 -0.8411859870 -1.0867326260 -0.6525093317 -0.2679402232 0.1175272688 -0.1563731730 -1.5647720098 -2.1861014366 0.1574991047 -0.2318273485 -0.6626495719 -0.6108865142 -0.3661751151 -0.0681385994 -0.0322824456 -1.2018929720 -0.4386734962 -0.7792639732 0.0594194755 0.1495914906 -0.4310736060 -0.0115442947 0.0944136605 -1.0671225786 -0.0813790187 -0.5948266387 -0.4531681538 -0.0447161980 -2.6182460785 -0.0931465030 0.1794613004 -0.6514229178 -0.0699539855 0.1269244999 -1.2911144495 -1.4565538168 -0.6547529697 0.1079547331 0.6494656205 -1.2076281309 -0.9514386654 -0.9799781442 -0.5418531299 -1.2894486189 -0.0517309047 -0.0248951316 -0.0490413681 -1.4229559898 0.4608364701 1.3575934172 -1.2330685854 -0.3694348633 -0.2807686329 -0.5604670048 -1.4194039106 -0.8675141931 -0.3334515989 -0.3930362463 0.7362470627 -1.0449191332 0.3811512887 -0.6281247139 0.8626981974 0.0043728757 -0.1295540929 0.3974827230 0.4058112800 -1.8004919291 -1.3427764177 0.3924839497 -2.1711225510 -0.3302472532 0.9373323321 -0.0616477281 -4.1218132973 -0.4822589457 0.1311361790 -0.8404467702 -0.7682599425 0.0910887495 -0.5559800863 0.5046608448 0.0070231110 0.7295002341 -1.1294854879 -0.0582245551 -1.4224648476 -2.7411532402 -1.7424105406 0.1521825343 2.1920187473 0.0146422610 -0.3672933578 -1.6527692080 -0.0307394117 -0.7287688255 0.4039328694 -0.1867519766 0.0333136171 0.2309738696 0.0560587645 -0.7601045370
0.3696792424 0.1435225606 -0.2697843909 0.8410999775 -1.0567928553 0.6493967772 0.0650896728 -1.8394668102 -0.5841138959 0.3995974362 -1.4218704700 0.5999150872 0.7153996229 -1.2098960876 0.8249419928 -0.6187393665 -0.2339476496 -0.7298775315 -0.5745677948 0.5376678109 -1.4355568886 -0.0587510727 0.8277401924 0.0539270639 -1.4407188892 1.3486330509 -0.0393725336 -0.0026814153 0.0271754954 -0.2388893217 0.6615598202 -0.4449817240 0.6804162264 0.2635562718 -1.0318479538 0.7380753160 0.0315061435 1.2950028181 -0.1540344208 0.2427581400 -0.0176977552 -0.0620231517 -1.5733915567 0.1936026514 -0.0926645622 -0.0386390835 0.2251134813 -0.0773718357 -0.1723203957 -0.5933773518 0.0953457952 -0.0849174708 0.3782652617 1.0732123852 0.9037265778 0.1955808699 0.4191749990 0.6995340586 -0.5867811441 0.4238735735 0.9472532272 -1.4589885473 0.6812011003 -0.0349933170 -0.6458851695 -0.3482767940 -0.6879132390 0.2351828218 -0.3874005973 -0.5254254341 -0.2560154796 -0.0616052225 0.0079469988 0.3181785345 -0.8206525445 -0.4137490690 0.5654773712 1.2885202169 -1.1033821106 -0.3520780206 -1.7194048166 -0.2036769390 -0.0296885893 0.0524814874 -0.3534925878 -0.4034146369 -0.4089092016 0.0753580704 0.5273258090 0.4686511755 0.6910416484 -0.6494693756 0.9331947565 -0.9501052499 0.0612506196 -0.2612558007 0.4406664073 -0.4378312528 -0.0250273645 -0.9046928883 -0.2313859016 -0.6358413100 -1.0054086447 0.0721781850 0.7804217935 -0.5551561117 0.1212435663 0.8611163497 0.2103257030 0.0432378985 0.0627276823 0.7797379494 0.3489196897 0.6241261363 -0.4541681111 -0.2476112396 -2.5893085003 0.7677734494 0.2171498537 0.0681014359 -0.4992174506 -1.5501277447 1.1874890327 0.0256405417 -0.4262374640 0.6912047863 -1.4278106689 0.0901879519 0.5162881613 0.5287253261 0.8851420283 0.0512604155 -0.5746137500 -0.2875034511 -0.2395593375 -0.5110881925 -0.0129069313 -1.5811951160 0.4738792181 -0.0600182861 -0.0142403319 0.3726618886 -0.4376481771 -0.6872544885 -0.8288213611 -0.2685956657 0.3930492997 0.6260637641 -0.8256809115 -1.0310071707 -0.8160430789 -0.6440587044 -0.1550524682 0.6841515303 -1.4873046875 -2.6458795071 -0.2102428973 -1.7069934607 1.1873724461 -2.1300334930 -0.1601912081 -0.2612571120 0.9701955318 -0.9914001226 -1.5950715542 -0.1235865653 -0.3886478245 -0.1025923863 -0.2348664552 0.0462329537 -2.4412651062 0.1793934256 -0.0482100919 0.3573018909 -0.9668162465 -0.0080938414 -0.4964222908 -2.3862640858 -0.0343830660 0.1494833529 0.5234319568 -1.0697766542 0.9649789333 -0.5801830292 -0.4240521491 -0.5105930567 0.2531484962 -0.2876957059 0.0653715804 0.3641003370 2.0826127529 -1.2034509182 0.7285804749 -3.3239533901 -0.3253410459 0.5209613442 -0.0395311303 -1.3417490721 0.0689871460 0.0178589225 0.0417445190 -0.0223852936 -1.0556131601 -0.7405438423 -0.8684232235 0.6922690272 0.3736879826 -0.0615210198 -0.4496141374 -0.5003277063 -0.4613237977 0.4130755663 -0.1396201402 -0.4206577837 0.2374185473 0.3736962080 0.3846841156 -0.0961928964 -0.1210433766 -0.5680910349 0.2358907908 0.0093345810 -0.9947482944 0.5786238909 -0.1825008690 0.9261175394 -0.1341231614 0.0143169314 -0.0773716867 0.5992974043 -0.5787568092 -0.7263067961 0.7076872587 0.6495577097 0.7569515109 0.1451557726 -0.0515070632 0.1840048283 1.2709573507 0.9723191261 -0.3596327603 -0.0568404905 0.1890744865 -1.4331529140 -0.1980864555 1.8218716383 0.1930501014 -0.2549573481 -0.0139517561 0.0462441482 -0.7358106375 -1.1572484970 -0.2507816851 0.4957139790 0.2815532684 -0.1262070239
-0.6147227883 -0.0185028482 -0.0026534349 0.1317445785 -0.0846513733 -0.0255170297 -0.4967715442 -0.8087618947 -0.3718300164 -0.5081248879 -0.7181269526 0.4441114068 0.0526374206 -0.0640440360 -0.0384094231 0.0938026831 -0.3732394576 0.0427766964 0.1942225099 0.1671123505 -0.7971900702 -0.0431831628 0.0438526943 0.0200126246 -0.4287558496 -0.0565894768 0.0892124549 0.1135912985 -0.4375104010 0.0427506939 -0.4875443876 -0.4125124514 -0.2080820948 0.1903093904 -0.5802958012 0.0105896369 -0.3406267762 -0.0862396583 -0.1886737347 -0.3155496716 0.0062208194 -0.0383739769 -0.7742160559 -0.0591970272 -0.4858306348 -0.6101941466 0.1248502508 0.2686685622 -0.3567018807 -0.6112114191 0.0491800755 0.3136554360 0.0470329002 0.0014175489 0.2670477927 -0.0301209390 -0.1016351357 0.0584702864 -0.4095860124 0.1414660066 0.1341302693 -0.3485217392 0.0478177741 -0.0140321301 -0.5279943347 -0.0629303008 0.3368988335 -0.0974769965 0.0026179925 -0.0537026972 0.1355354041 0.0440173149 -0.1422272325 0.3644478917 -0.6583802104 -0.5790307522 -0.0049659582 -0.1832979470 -0.0583459139 -0.7693622708 0.1066104174 -0.0261704735 -0.0465998799 0.0466491729 -0.5073907375 -0.0564367995 0.0993393362 -0.0545530990 0.0847826228 -0.3973263502 0.2824637294 -0.7479987144 -0.4168059528 0.0640942827 0.0560517758 -0.0265999921 0.3256625235 0.3036209643 0.0245478898 0.0560086779 -0.0570951328 0.1587519646 -0.2303492129 -1.1782567501 0.1637841314 -0.0380002931 0.4006483555 -0.1636839360 0.2885943949 -0.0924073532 -0.2063198686 -0.0925738066 0.0973855406 -0.8891406059 -0.3137679696 -0.0203029364 -0.1541169137 -0.3965286314 -0.3524297476 0.0038289800 -0.1074204743 -0.6716740727 0.2795575857 -0.4608571231 0.2044846863 -0.0328706726 -0.6796993613 0.0947672948 0.0776981190 -0.0349720269 -0.2305648476 0.2262098193 -0.0561388507 -0.3449058533 0.1030566022 -0.1175910011 0.0432197079 -0.7448129654 -0.0182297956 0.0247627720 -0.0292046666 -0.3589697778 -0.0362977535 0.3867048621 -0.1245442182 -0.3664591312 -0.6167526245 -0.0059617544 -0.8028334379 0.2939135432 0.1140635982 0.0081086233 0.0607945807 -0.6530939937 -0.4903506935 0.2184917033 0.3193775713 -0.0932129994 0.1449881196 -0.5907909870 -0.1564245522 -0.2089626044 0.1630755216 0.0461267978 -0.6575211287 0.0382037982 -0.1990797222 -0.0884132385 -0.0108210891 0.1839589328 -0.9727140069 -0.0024738535 0.0346132293 -0.3383924961 -0.6497471333 -0.0008220524 0.2636687458 0.2620060444 -0.0103830025 -0.5854340196 -0.3761943877 -0.4043256938 -0.5125477910 -0.0079172319 -0.2969007492 -0.7881307602 -0.3808387518 -0.2763011158 -0.1129094809 -0.4026411176 0.1304678023 -0.5948724151 0.1946981549 -0.7206334472 -0.1146214530 -0.2223622352 0.0338475630 -0.1330185980 0.1888430417 -0.0466686562 0.3436521292 0.2078365237 -0.3917614818 -0.1775701791 -0.9471391439 -0.0090209171 -0.2201894075 0.0213400051 -0.5421886444 -0.1594306678 -0.3611101210 -0.3220508993 0.0062864874 0.0596940890 0.1727739125 -0.0071808770 -0.0454974100 -0.7454811931 -0.0437282585 -0.5632782578 0.1101491004 -1.0961649418 0.4316791892 -0.2097725123 -0.8467757106 0.2528073788 0.0092134774 -0.0554107502 -0.3325937092 -0.0557411462 -0.4697280824 -0.2657009959 -0.0864945650 -0.0145359188 0.5676950812 -0.0445834026 -0.0002105683 -0.1506047398 0.2734190524 -0.1497231126 -1.0341656208 -0.9017866850 0.0176985487 -0.9097250700 -0.3434868753 -0.3079822659 0.0573746487 -1.0328291655 0.0050823465 -0.0966865271 -0.0871859267 -0.2383037359 -0.1949626356 -0.0361421779 0.0594404563 -0.2246061265
0.0162671674 -0.0032096598 0.0144231096 -0.0102838315 -0.0070279869 -0.0433388799 -0.0839230269 -0.0032167505 -0.0084405700 -0.0585201308 0.0444280282 0.0084078331 -0.0415984429 0.0144562777 -0.0084509905 -0.0189843792 -0.0535080433 -0.0363825038 0.0029447814 0.0426738076 0.0096500432 -0.0094322003 0.0398660377 -0.0299078077 -0.0251602847 0.0239706188 -0.0784910843 0.0070284624 0.0078633269 0.0286596883 -0.0484256484 -0.0758808926 -0.0519951954 -0.0324123874 -0.0461329557 -0.0091699287 -0.0057367925 0.0157984663 -0.0561048798 0.0394608229 -0.0585743934 0.0418419167 0.0283069946 -0.0594527312 0.0068889260 -0.0651254952 0.0018788695 -0.0415243395 0.0192603003 0.0170702729 0.0491863452 0.0107826497 0.0517071411 0.0178351495 -0.0064487862 -0.0552172475 0.0162439048 0.0442708060 0.0115594873 -0.0948268324 -0.0022860337 -0.0840937048 0.0218095779 -0.0579284765 -0.0340639688 0.0413359515 -0.0142585002 -0.0025669618 0.0465849005 0.0515636206 0.0210158750 -0.0544915795 -0.0558873639 -0.0443491675 0.0090323901 -0.0046040020 0.0084829414 -0.0711281672 -0.0992699787 -0.0671307370 -0.0031863491 0.0092465058 0.0360270888 0.0010426641 -0.0636196733 -0.0223445464 -0.0978377163 -0.0124834701 -0.0213248860 -0.0314249136 -0.0596670248 -0.0651164800 0.0204935204 -0.0267671850 0.0042177215 -0.0129195154 -0.0132396566 -0.0627821833 0.0322214663 0.0012254982 -0.0658949539 -0.0113094235 -0.0364841968 0.0285200458 0.0157143455 0.0356876701 -0.0254001301 -0.0663147196 -0.0739778951 0.0304641873 -0.0419232138 0.0508569926 -0.0369265489 0.0032014400 -0.0074570435 0.0376931503 -0.0750867724 -0.0622983687 0.0354174785 -0.0177609548 -0.0153655279 0.0434726365 -0.0408281088 0.0077916565 0.0280043464 -0.0258538369 -0.0773722082 -0.0606606901 0.0246610381 -0.0100931693 -0.0110221272 -0.0223373063 0.0198885426 0.0144709209 -0.0324003771 -0.0775236189 -0.0490418747 -0.0029555261 -0.0601104870 -0.0576997399 0.0148049593 0.0307439230 -0.0231780112 0.0447701328 -0.0574609824 -0.0303514823 -0.0711242184 -0.0632824302 -0.0523770750 -0.0729618669 -0.0093479604 0.0542742014 -0.0500477925 0.0411282480 0.0048933323 0.0454297252 -0.0367629118 -0.0260022208 -0.0228725672 0.0016211416 0.0125290286 -0.0575873666 -0.0650244430 0.0156877711 -0.0039882408 0.0263185874 -0.0691224933 -0.0144729242 -0.0597675517 -0.0699231327 -0.0463496745 0.0487567596 -0.0006934553 -0.0411428027 -0.0287583712 0.0242064446 -0.0625904202 0.0311515480 0.0175536796 -0.0055835410 0.0131594716 -0.0747175738 -0.0518185273 -0.0072334092 -0.0540111139 0.0299254488 0.0226940773 0.0076075392 0.0348427445 0.0540598668 0.0300145913 -0.0406276882 -0.0164718293 -0.0527218617 0.0115957372 0.0085414751 -0.0474355258 0.0260794014 0.0283686165 -0.0562845767 -0.0100510456 -0.0102185626 0.0535726361 -0.0238757841 -0.0630916506 -0.0350961462 -0.0697217360 0.0372048989 -0.0581568480 0.0385972969 -0.0496232659 0.0383516662 -0.0291333124 -0.0516339093 0.0448749177 -0.0431907922 -0.0436485447 -0.0061799134 0.0535280854 -0.0726561919 -0.0304386299 0.0043687471 -0.0194979683 -0.0193294920 -0.0249582101 0.0146527002 -0.0373022780 -0.0184394345 -0.0695249960 0.0401014611 -0.0323639326 -0.0146749970 0.0204909164 -0.0183444936 0.0319640599 0.0207605939 -0.0372758582 0.0384737849 -0.0235850718 -0.0589594357 -0.0446034819 0.0450211503 -0.0427555591 -0.0633837655 -0.0736966506 0.0109491143 0.0362096578 -0.0146767581 0.0119736418 0.0291676242 -0.0016413996 -0.0594115406 -0.0809193254 -0.0533719212 -0.0112105254 -0.0896894485
0.0843652114 -0.1021801606 -0.0273487866 0.0338258781 -0.1160282418 -0.0572505482 -0.1044818386 0.0229287557 -0.0382542312 -0.0678325519 -0.0859665647 -0.0630289912 0.0456549674 0.0318174474 -0.0182862133 0.0239011869 -0.0182053689 -0.0357288644 0.0071021761 0.0037639097 -0.0313436836 -0.0542072617 -0.2028833777 0.0133066475 -0.0970532000 0.0727955177 -0.0190678891 -0.1415262967 -0.0748040527 -0.0534448251 -0.0705762208 -0.0828266218 -0.0524372011 -0.0981604680 -0.0189127959 0.0336367562 -0.0701379478 -0.0914971083 -0.1710536033 -0.0000012195 -0.0158945527 0.0090784207 0.0012058268 -0.1235110313 -0.1161138862 -0.1028148457 -0.1459846944 -0.1553946882 0.0484160110 -0.0261982493 -0.0209705159 -0.0677459911 0.0508850142 -0.0808593109 0.0532733649 -0.0152412504 0.0078169033 -0.0230482891 -0.0499866828 0.0009118962 0.0272555221 -0.0052938885 -0.0331949033 -0.0536122881 0.0154628912 -0.1290510297 0.0070454292 -0.0037856225 0.0163575411 -0.0560051054 0.0410230979 0.0223490223 0.0045647873 0.1457610577 -0.1506123543 -0.0548376739 -0.0817507803 -0.0337920561 -0.0611995906 -0.0996996015 0.1222167239 0.0105928127 0.0279548243 0.0585795566 -0.1294188797 0.0444726348 -0.0055785580 0.0282492191 -0.0397914574 -0.0135571538 0.0046931850 0.0183997042 -0.1177420393 0.0497339070 -0.0418306217 -0.0718091875 0.1095284820 0.0656764656 -0.0352880582 0.0656868517 0.0786321536 0.0405097045 0.0245416462 -0.0371959619 -0.0180791989 0.0358272269 -0.2195994556 0.0728068128 0.0306809172 -0.0143796559 -0.0917007625 -0.1048018038 -0.1027895287 0.0319168456 -0.0270911716 -0.0459609851 -0.0816161558 -0.1370426863 -0.0649714172 0.0142454877 -0.0410900712 -0.1222894639 -0.0491420254 0.0005055681 -0.0356056169 0.0242416877 -0.1106916219 -0.0518621877 0.0641923398 -0.0070395246 -0.0974661335 0.0537443496 0.0291494578 -0.0666217506 0.0282233376 -0.0656781569 0.0575995669 -0.0082693202 -0.2953873873 -0.0346181169 0.0540936068 -0.0974290743 -0.0007160188 0.0140474504 0.0415063873 -0.1240160465 0.0009335948 -0.0368335694 0.0075538736 0.1409256756 0.0101575153 -0.0372506902 0.1303131878 -0.0364046097 -0.1146154478 0.0479353108 0.0092138667 0.0542789958 -0.0769489929 -0.1322251111 -0.1166807711 -0.0352049619 -0.0199477933 0.0988792554 -0.0114645734 -0.0576229915 0.0025575378 0.0046758503 0.0511461869 0.0052471804 -0.0726000071 -0.0437315777 0.0493294373 -0.0721819252 -0.1974741817 0.0305133089 0.0196818076 -0.0034942874 0.0421258882 -0.1310849935 -0.0802811459 -0.0902897045 0.0071447287 0.0297340732 0.0023220154 -0.0791618451 -0.0417630561 0.0567544103 -0.1979503781 -0.0229556821 -0.1382545829 -0.0354538932 -0.0372594930 -0.0137015739 -0.0115933595 -0.0191559289 0.0304111056 0.0110849058 -0.2080757022 0.0464038774 0.0266956743 -0.0396247804 -0.0050642234 -0.0762855560 -0.0885681137 -0.0054522902 -0.0370060764 -0.0545009673 -0.0123677347 0.1008456126 0.0316826887 0.0037990112 0.0317686051 -0.0591333508 -0.1504661441 0.0074542761 -0.0016984791 -0.0777839720 -0.0333450660 0.0109964153 -0.1284643710 -0.0206721462 0.0321926288 -0.0434971079 -0.0416637808 -0.4569382966 -0.0234692544 -0.0337215364 -0.0350051820 0.0077893585 -0.0499788448 -0.1385173649 -0.0823837370 -0.0852673426 -0.1674034148 0.0410212427 -0.0090454146 -0.0150693338 -0.0840383396 -0.0197315682 -0.1316166371 -0.1198803708 -0.0043528751 -0.1077206358 -0.0057152207 -0.1597010046 -0.0092768073 -0.0865371674 0.0253845453 -0.0339041278 -0.0424399264 0.0118431095 -0.1713496000 -0.0255608931 -0.1718227416 -0.0850351602
0.6497392654 -1.6168030500 -0.0519514084 0.2937324643 -0.2094556540 -0.1211136878 -0.7684494257 0.0274809990 -0.1682892591 0.6834132075 -0.4833124876 0.2451605350 1.0634808540 -0.9733811021 0.0345049091 -0.1042547673 0.1105449423 0.0622306019 0.4482819736 -0.0672027543 -0.1595018059 -0.2753087878 0.1192415059 0.0482220128 -0.5899475217 -0.2637561858 0.1827256531 -0.3609116375 -0.1266536713 -0.1987603754 -0.7244629860 -1.1172491312 -0.5462722182 -0.6566284299 0.0567618757 0.0461464450 -1.5779802799 -0.7521114945 -1.0824223757 0.2715357542 -0.8250433803 -0.0283452086 -0.0916175768 -1.2352732420 -0.3331114948 -0.0461999997 -1.1526409388 -0.3895161748 -0.2381320447 -0.0347874872 0.1927625388 -0.9240584970 0.0086356029 -0.4551720023 -0.2513897419 0.0221792459 0.1816567183 -0.0092613101 0.5846260190 -0.2703556120 0.3703890443 -0.3315439820 -0.2858071923 0.0212060381 -0.5330905914 -0.3362931907 -0.8749696016 -0.6183791757 -0.2465744913 -0.0218126178 0.0768629834 0.0341000408 0.7146226168 0.3280740976 -0.6552222967 -1.7951451540 -1.1554784775 -0.3579012156 -1.8082162142 -0.6430612206 -0.3181248903 0.0062324167 -0.0095065907 0.0131132975 -0.6599419117 0.0814927816 -0.7853194475 -0.0217508748 -0.0719499886 -0.4663280845 0.1621064693 0.0357648581 -0.6701350212 -0.4834916294 -0.0564792678 -0.0196989588 -0.2374266684 0.3119958639 0.0559549481 0.4605001807 0.0820703208 0.1409138888 -0.5140715837 -0.7314808369 0.2842239439 -0.7161815166 -0.3335295618 0.0992002115 -0.0161561500 0.0466912128 -0.6954163909 -1.2142182589 -0.0427882262 -0.1536663175 -0.3253417015 -0.3004158735 -0.4692862332 -0.1524974704 0.2616778910 0.0084425882 -0.3907853663 -0.6861232519 -0.6291133761 -0.3981158435 -0.2235528678 0.2626569569 -0.2560374141 -0.0734180659 -0.3221924007 -0.0004024953 0.5304512382 1.5332208872 0.0594971702 0.1916629076 0.3975096941 -0.9584482312 -0.0459196344 -0.2552215755 -0.2732416987 0.0085780248 -0.0610442162 -0.6229617000 0.1664777696 0.0102865705 -0.0802778229 -0.9041517377 0.2807099819 -1.3213335276 -0.3283635974 -0.1653338075 -0.0627138987 0.0194602683 -0.1712544858 -0.5563072562 0.0417228080 -0.2114732116 -0.2696617246 -0.0065157237 -0.6665382385 -0.4452055097 -0.2831771672 0.1787365526 0.3801086247 -0.4810268879 -0.3161410689 -0.0004153475 -0.5454683304 0.0425842889 0.0214561820 -0.1593331397 -0.6417962313 -0.0348181315 -0.0414901376 -0.0131004909 -0.8941408992 0.0257411599 -0.3235322833 -1.2685583830 0.0255305022 -1.5909348726 -0.5296036005 -0.9204968214 -0.1665827483 -1.1311345100 -0.5429607630 -0.3692140281 -0.0504985638 -0.5573641062 -1.9443212748 0.7296410203 -0.3876668811 -0.3580872715 0.4120987952 -0.0527462773 -0.1917304397 0.3806003332 0.1568436772 0.1194907501 -0.1246914715 0.0186967701 -0.0667323247 -0.6320563555 -0.7716715336 -0.4213936925 -0.4095198214 0.0213894006 -0.1102561206 -0.0573459044 0.0633514524 -0.7681968212 -0.5811141133 -0.5885935426 0.0293592531 -0.1565606147 -1.2541297674 0.0414840952 -0.2643829286 -0.0701229721 -0.0405200869 -2.5164172649 -0.5551853776 -0.1899312288 -0.4689781070 -0.6020148993 -1.5008035898 0.2881415188 0.0139364898 -0.0302401111 0.0497036763 -0.0237668008 -0.3759260476 -0.9442903996 -1.3838930130 -1.5797015429 -0.7642974257 -0.0501221642 -0.0305640474 0.0689059198 -0.0150924223 -0.6482025385 0.0372897200 -1.0332678556 0.0177744254 0.4345745742 0.3198525310 -0.5436757207 -0.0600012168 0.2823672593 -0.0194508582 0.4527756572 0.2911463082 -0.5907101631 0.4058582485 -0.0256314501 0.2210078090 -0.0575063415
0.1733942181 -0.3906702697 0.1213151515 -0.2771152258 -0.0938861966 -0.3504063487 -1.4204275608 0.0273214374 -0.8497923017 0.8666783571 -0.3158480227 -0.5404915810 -1.5008920431 -0.1413874328 0.1470907480 -0.0355421714 -0.0486853011 -0.2368711680 -0.9071305990 0.2314786166 -1.1457725763 -0.4582098126 -1.3527705669 -0.0137487277 -1.1874502897 -0.3940858543 -0.0479573682 -1.0654429197 0.3670878708 0.9013611078 0.2251860052 -0.7100596428 -0.4842538238 -0.3798414767 -1.1157933474 0.6506525874 -0.1530968398 0.2129088342 1.0929433107 0.0979312435 -1.4632759094 -0.0065295594 -1.3408741951 0.5760404468 -0.1090896949 -0.0087226899 -0.4659729004 -0.9108132124 0.3950407505 0.0702421814 -0.7211991549 0.4464232922 0.0070235976 -0.4189650416 0.1750611663 0.1753093153 -1.4308352470 -1.0927090645 0.5106655955 -0.0752683356 -0.1401254833 -0.7213606238 -0.3793674111 0.0077473465 -0.4428684413 0.5158603787 -0.3337047398 -1.5291752815 0.0500029437 -0.1259427518 0.3433915973 0.0235780329 0.2568795979 0.0576535799 -1.3230865002 -0.2264618427 -0.0717674196 -1.2986011505 -0.5340752602 0.0167992152 -0.0458748043 -0.8508276343 -0.0180070028 -0.0241269693 -0.1313121468 0.1927499622 -0.3670605421 0.2647093236 -0.1806230992 0.1015432179 0.4856075048 -0.1050933897 0.3344243765 0.0174545906 -0.2249010056 -0.6489371061 -0.1272065789 -0.2047494501 -0.0341704935 -0.0342094973 -0.5573730469 0.3928082287 0.4004046917 0.4079998732 0.3313717246 -0.7765982747 1.3384197950 0.1130797565 0.0819910243 -0.3655445874 0.7321645021 0.2569863200 -0.1762908697 -0.0308016073 -0.7144413590 -0.4244165719 0.5691334605 0.0578604564 0.0700942874 -0.2186243832 0.5673862696 -0.3256680369 -0.5827804804 0.0479008108 -0.5853202939 -0.5738499761 -0.7996526957 -0.2582217157 -0.2323877811 0.1198591664 -0.4512726963 -0.6594854593 0.0049366769 -0.6811656952 -0.0458554849 0.2345346361 -0.0365865231 -0.3581531644 0.3113865256 0.0142408982 -0.0613777861 0.4601201117 0.5890759230 -0.6738554239 0.5385068655 0.1744837165 -0.6594393849 0.8506533504 -0.1223649457 -0.2451011240 -0.8507418633 -0.5016505122 -0.0807392895 0.4000998139 -1.4602757692 0.3851048946 -0.4786458611 -0.3794416487 -0.8028980494 -0.2507890463 0.1673951745 -0.2207980156 -0.4225445688 0.4682018161 -0.0687348694 -0.0825752467 -0.3098355234 0.0069743800 -0.1560923904 0.5178732276 -0.3718009293 0.2082439214 0.0388588831 -0.3511411548 -1.9298443794 -0.0577807128 0.3182652295 -0.3133001029 -0.1729347706 -0.3103607297 0.4067006409 -0.3670919538 0.9301870465 0.0069421725 -0.2986897528 -0.5220221877 -0.5381613374 -0.2914339602 -1.9527058601 -0.4346111715 -0.8410544395 -0.6066263318 -1.0174640417 -0.0729314610 0.0206231941 -0.4943443537 -0.3750962317 -0.4028620422 -0.6286590695 0.0306133702 0.7132897377 -1.0490564108 -1.7979872227 0.2674839497 0.2125919908 -0.0446792394 -0.5569844842 0.1404177696 -0.2771824002 -0.9084932208 -1.2968281507 0.6892948747 0.1139637679 0.0830520838 0.0826677904 -0.3067971468 0.3257498443 0.0559390038 0.2019088864 0.0943688974 -1.3652211428 0.7198828459 -0.0154725136 -1.2423459291 1.1469138861 -0.1335967630 0.2792199254 0.0314264670 -0.3012787700 0.4265950322 -0.7546615601 0.3045050204 -0.1129806638 0.5615350008 0.4583537579 -0.2541823983 -0.0569480881 0.5366791487 -0.2341592312 0.4233259261 -0.3045231104 0.1044203639 0.0277688205 -0.0179467015 -0.0229176171 0.9986660480 0.1108751819 -0.0077010151 0.0602127984 0.9145360589 0.2617380023 -0.0860103294 0.4906799197 -0.8946407437 -0.7285496593 0.2296599150
1.3331786394 -0.1491131932 -0.1327617168 0.4393339157 0.1446832269 0.4308470488 0.9051278234 0.0989177674 -0.9512116909 -0.9869162440 -0.4311175048 -0.4039093554 0.6195741296 -0.1609902829 -0.3394369483 0.5320950747 0.0157296229 0.1045253575 0.5569585562 -0.2601942718 0.9125559926 -0.4750800431 -0.2775849104 -0.0214847773 0.5596369505 0.8416848183 -0.9553562999 -0.2352842987 -0.1684075445 -0.5763864517 -0.8430318832 -0.8139487505 0.6028217077 0.3935503960 0.1654465199 0.2490734011 -0.4933178425 -0.1040673479 -0.1090694740 0.4835061431 -0.8171285391 -0.0558691621 -0.1954929829 -0.1108801439 -0.0286886767 -0.7035186291 1.1919513941 1.2411822081 1.4540445805 -1.2280431986 -0.2137891054 -0.2099409550 -0.1749173403 -0.1344429106 0.6076917648 -0.2396728247 -0.2731332779 -0.1962436736 0.3572718501 -0.0700452477 0.2679606378 -0.4776649177 0.2088778466 -0.0434270948 0.2229806036 -2.2160694599 0.8458862901 0.5164928436 0.4250982404 -0.8378486037 0.2351679057 -0.0073902383 0.8809540868 0.5024271011 0.2124234438 -0.9289841056 -0.5987791419 0.6687623858 -0.1631558090 -1.3415373564 0.0870428234 0.6533272266 -0.0080114901 0.0240670443 -0.3366865814 -0.2601846457 -2.1442053318 -0.3077397346 0.6175656319 0.0469112508 0.0020378672 -0.5822864771 0.6752383113 0.3409279585 -0.2803512216 0.9260391593 -0.1806703210 -0.2013357282 0.0392316133 0.3002207875 -0.2708933949 -1.1194616556 0.0767849162 -0.4504579008 -1.4829590321 -0.3866798878 -0.6852850914 0.1503718048 0.7647257447 -0.0795766041 0.1547068954 -0.0772827640 -0.0478094593 0.6576215029 -0.3814590573 -0.0282253623 0.3609720767 -0.0311680436 -0.6489474177 0.0248109065 -0.0476459377 0.3988076150 -0.4700514972 0.0314544886 1.4821611643 0.8342389464 0.4673603475 -0.2747038603 0.8911227584 -0.1764521301 -0.6599635482 0.3094045818 -0.3784046769 0.0728660822 -0.5883163214 -1.2536643744 0.0422506705 -0.0178731717 -0.0323925428 -0.0149993161 0.0454031378 0.5459809303 0.6466842890 0.4912125170 0.0058435029 0.6379483938 -0.0570371598 0.8658178449 0.0065794392 0.1510989815 0.2043102533 0.4146171212 -0.2073686421 0.3944210708 0.2918802500 0.3322783113 0.3492800593 0.4451667070 0.5294152498 -0.2409766167 -0.3523032069 0.4217595458 1.1273939610 0.3474729359 0.6088421941 0.1241682768 -0.3494633138 -0.4272702038 0.0670531988 -0.3016469181 0.6084135175 0.1460631341 0.0451381579 0.9857103825 -0.0961036533 0.0534364954 -0.1736746728 -0.9459984303 -0.8604218364 0.6678679585 -0.1079492941 0.7739695907 -1.1475895643 -0.2925738394 0.2150155455 1.1180616617 -0.7282692194 -1.7741469145 0.1616449952 -0.5350800753 0.5561066866 -0.0438694283 1.1194849014 1.5990891457 -0.3078798354 -0.1614656150 0.4645726383 0.3456972837 -0.0435750000 -0.0433393866 0.1526021361 0.2602010965 0.2576599121 -1.1977093220 -0.9473739862 -0.5848843455 -1.0620095730 0.3415256441 -0.0052577462 1.9504036903 0.2325285822 0.3512848914 -0.2828062475 -0.0491722487 0.2993419170 -0.2012111247 0.8446856737 0.1375134140 0.3442127705 0.0175202917 0.3329426944 -0.1223465726 -1.0229845047 -0.2183880806 1.3422925472 0.0868634284 -0.3435947299 0.0237418637 0.6805628538 0.1817288101 -0.3609269857 -0.1307373494 0.4029270411 0.3245797157 0.8201977015 0.3788179755 0.0352092162 0.7779929042 -0.7304362059 -0.3745391369 0.5485208631 -0.7007855773 -0.8045093417 0.1163907200 -1.8123086691 -0.4837199152 0.4825872779 0.1668152958 -0.0244276449 -0.1982792318 0.1243825182 -0.2135167122 -0.1766797751 -0.1453474462 -0.2285159081 -1.1028422117
-1.5389819145 0.4452814460 0.5245852470 0.0187647026 -0.0674996302 0.1627270430 -0.1703114212 -0.0807063282 0.3782562315 0.6497389674 -0.0469766147 -1.2400398254 -0.9904696345 0.4717048109 -1.1225380898 -0.7864055634 0.2065877914 -0.3040900528 -0.1326754987 0.6852594614 -0.8220896721 -1.1773837805 -0.3556525111 -0.0385070778 -1.1764931679 0.1783016473 0.3305736780 0.5148400664 -0.0527109616 -1.1557064056 -1.5669907331 -0.0554663986 0.1658671051 0.9719312191 -0.0157332402 -0.1045013964 -0.2400372475 -0.7990608811 -0.3321636915 -0.2258018255 0.0500934906 0.0426986143 0.1712571084 -0.1588177979 -0.2537878752 -0.2118863612 -0.7292005420 -0.4967160821 -0.3519124985 0.1516697556 -0.4382667542 -1.5013151169 0.6876000166 -0.4992245734 -0.6895954609 0.1911263019 0.5383394957 -1.1024719477 -0.8831724524 -0.3230763972 -2.0160951614 -0.2188176215 -0.5232499242 0.0200228840 0.4427437782 -1.2270241976 -0.4061900079 -0.1598903984 0.0155067332 0.2961995304 1.1460051537 -0.0110816658 -0.2886492908 0.1992093623 -0.9446704388 -0.0158593617 0.8146734834 -0.9828186035 0.4154543877 0.6052110791 0.0210719239 0.1454839557 0.0488524660 0.0531576350 0.4670909345 0.0254499465 0.1383578777 -0.5107285380 -0.4256742597 -0.6930723786 0.4258344173 0.3075831234 0.3432954550 -0.2554587424 -0.6542931795 0.0427023023 0.2617418468 -1.1069942713 -0.0275739729 -0.1859099418 -0.3737048507 -0.8633266091 -0.3037371933 -0.2761882246 -0.1543505937 -0.5262790322 -0.1689888835 -0.0145070506 -1.1919825077 0.5857914686 0.4471965730 0.0199988186 -0.1329236180 0.3256450593 -1.5052936077 0.0850971043 0.2587011755 0.6137430072 -0.3325174153 -0.3459762335 1.0017694235 0.5491824746 -0.1668981612 0.7695776224 0.1548888981 -0.8234382868 -0.1661274433 -0.0962097123 -0.0559729487 0.3274046481 0.3772601783 -0.6182041168 -1.1202704906 -0.2202637792 -0.9118173122 -0.1491687596 0.0027341396 -0.4487852156 -0.1570265293 0.0100289434 0.0450010747 -1.4081453085 0.3606191874 -0.3837779164 -0.2075011134 0.3071636856 -0.3778215647 0.3487234414 -0.5382599235 0.0856162682 0.4299826324 0.4730322063 -0.4885030985 1.0670094490 -1.1897683144 0.4533030093 0.2816058993 0.0590465814 -0.0586780272 0.4478884935 0.0072157537 -0.2243696004 0.4403106570 -1.6255365610 0.5319553018 -0.0776108354 -2.5962359905 -0.0973667800 -0.0822351575 0.2861260176 0.0721870139 0.4464299083 -0.0436333865 -1.3174436092 -0.3989062309 0.0274307728 1.1188372374 -0.9733709097 -0.5313124657 -2.7336077690 0.2262244970 0.1294930577 0.7694094777 -2.4698972702 0.3478568792 0.8410068154 -0.0282770339 -0.9317156672 -0.9369575977 0.6216052175 -0.5400563478 -2.0129668713 -0.2593322694 -0.8831789494 0.3689537644 0.0759280100 0.8172971010 -0.5014092326 0.8723151684 0.0108012185 0.0892268121 0.0999113917 0.1499315202 -0.3967591524 -0.4596106708 -0.4849618077 -0.0546725281 0.3665214777 -1.3319227695 0.0459402800 0.8080049753 -0.7873352766 -0.2305741459 -0.0456941649 0.4250002503 -0.5873842835 -1.1766706705 -0.0283040404 0.2429813147 0.3669138253 -0.6329166293 -0.6891881227 -0.5841013193 0.7657998204 -0.7537475824 -0.1270457953 -0.2751084268 -0.0271914825 -0.3184432685 0.4231180549 0.0833859742 -0.2148537934 -0.8334878087 0.9027189016 -0.0071930396 -0.4133170545 -0.0113245323 0.4137504101 0.1058357134 0.4040637314 -0.7738052011 -0.6498490572 -0.5260365605 -0.9284984469 -0.3047914207 -0.5662835836 -0.0032016828 -0.2066736519 -0.0045119673 -0.1042260304 0.1631509364 0.1820081472 -1.8962543011 0.4192611575 0.4610030949 -0.6622384787
-0.0005187575 -0.0259763040 -0.1046879292 0.0044602915 -0.3025048673 0.0637870952 -0.3128026426 -0.0349509344 -0.0702363178 -0.0153080439 0.1249248311 -0.1864052415 -0.1796038151 0.1085280329 -0.1098780409 -0.0799622387 -0.0802945569 -0.3161411285 0.1352180690 0.0929707214 -0.1022945642 0.0223917030 0.2480107397 -0.0430992916 -0.2364213169 0.0464191660 -0.0318961963 -0.0523793697 -0.0460867658 -0.1687734127 -0.0346445441 -0.0564174801 -0.1797589511 -0.0610471182 -0.0436559096 0.0259421952 0.1304150671 -0.0101143848 0.1059155390 0.1685285866 -0.1360981166 0.0267217979 0.0298098009 -0.1330158114 0.0867063999 -0.1551958621 -0.1928060502 0.0097763501 -0.1621110737 0.0361605771 -0.2349388748 -0.1063299626 0.0512126498 0.1914419681 -0.0188879799 0.0498848557 0.0345536880 -0.0662759990 -0.1166694313 -0.1230509728 -0.1396707743 -0.0472070314 -0.0438966416 -0.0329083502 -0.1187330410 -0.0644580722 0.0272899903 -0.0340107828 -0.1184328720 -0.0069702435 0.0850513205 0.0303694010 -0.0869463086 0.0220449492 -0.0382637419 -0.3036280274 -0.1769985557 -0.0590535291 -0.0622248650 -0.1219043657 0.0386018455 -0.0402811877 0.0180176720 -0.0247727185 0.0119289216 -0.1009762883 -0.1343371719 -0.0925198197 -0.0410977714 0.1315606982 0.0382594541 0.0327654928 0.1502040774 0.0916107818 -0.0692310333 -0.1094130427 0.0327736884 -0.0426881090 0.0021859482 0.0604906753 0.0275761448 0.0518264994 0.0815419033 0.0717979819 0.2917467654 -0.0431345366 -0.0036798215 -0.1308607608 0.0372429341 -0.0719887912 0.1102214083 0.2557922304 -0.0397716127 -0.0449626558 -0.0335394554 -0.0912446305 -0.2022183388 0.0708098784 -0.0839132294 -0.0165781621 -0.2741153538 0.0797168314 -0.2899162769 -0.1881636828 0.1355097741 0.0003298850 -0.1632084101 0.1323473006 -0.1407037228 -0.0060408851 -0.1495975405 -0.1162704527 -0.2798337042 0.1702023000 -0.1504753977 0.1123840064 0.0030347928 -0.1261593848 -0.0173740480 -0.0511394665 -0.0328758508 -0.0420303792 -0.0278995633 0.1285297424 -0.0777120739 0.0852500722 -0.3335033655 -0.2012335062 -0.0916477293 0.0544062331 -0.0873657688 -0.1733891517 -0.0634258687 -0.0256513115 -0.0414952375 -0.2047296315 0.0623468868 -0.1215563715 -0.0946167260 0.0653394833 -0.0077865846 -0.6385851502 -0.0309672412 -0.1438098103 0.0313432403 -0.2225446999 -0.1191955209 0.1686894000 -0.1883914620 0.1005102694 0.1479295641 0.0394949019 0.0200137720 -0.0544122159 0.0301588550 0.0485371500 -0.1072111055 -0.1432119310 -0.0889552906 -0.1019158140 0.0189107805 -0.0088315038 -0.0856701285 -0.0109405927 -0.0891750380 -0.0391651541 -0.3443340063 -0.0435527936 -0.1545817554 -0.2189830244 -0.0582055189 -0.0357412994 0.0497094207 0.0275434051 0.0063714418 -0.1437640339 -0.0109655475 -0.0382581279 0.0679490566 -0.0423451364 -0.2478075922 -0.0558435172 -0.1447632611 -0.0734771490 0.0518475771 0.0570410639 -0.0140417153 -0.0153496806 -0.1200286150 0.1186514720 -0.0962871984 0.2285407037 -0.0480707474 -0.0559232049 0.0004634099 -0.2858177722 -0.0217631515 -0.0666661114 -0.0337824561 -0.1201052293 -0.1146301255 -0.1603059322 0.0320744477 -0.0800546631 -0.0306055062 0.1636062711 -0.0562415570 -0.0057068467 0.0985737443 -0.1576927155 -0.0753719509 -0.0427632332 -0.0360535383 0.0681641027 -0.0018771825 -0.0143735260 0.0002467632 0.0442587696 -0.1565526873 0.1798098385 -0.3022129834 -0.0284511112 -0.0267738663 0.0293044522 0.1424059868 0.2299649566 -0.0211880319 0.0948805511 -0.0294813663 0.1246798486 0.1309562922 0.0592902079 -0.3073168993 -0.0545485206 -0.1019772962 -0.1218264624
-0.8153258562 -0.6210325956 -0.1898064762 -0.3856660426 -0.8452317119 0.7667453289 0.3197786510 -0.1711523384 -0.8219097853 0.4925461411 0.6810039878 -1.0637047291 -1.7098208666 -0.1935665607 -0.8495290279 -0.1199548542 -0.1510605961 -0.3020350337 -0.9513790607 -0.2872780263 0.3110036254 -1.2020273209 0.5922993422 0.0182808042 -0.2892684937 -0.7910234332 -0.8750150800 -0.3955648839 0.0960922465 -0.2624745071 0.1677745581 -0.5994757414 -0.5372498035 -0.7511371374 0.1042717397 -0.2710887194 -0.0426950343 0.1172062829 -0.5144296288 0.0451310314 -1.4454957247 0.0016142279 0.3246766627 -0.4125463367 -0.5872066021 0.6863836050 -0.9142259955 -0.3019083440 -1.4634060860 0.2569332719 0.4715827703 0.0112978425 -0.1724451184 0.3235135078 -0.1435209960 -0.6771599054 0.4274778962 0.7416090965 -1.5047720671 -0.9888135791 -1.2882193327 -0.4382393658 0.3184923530 0.0228321906 0.5755941272 -0.1442592442 -1.1805839539 -0.1472628862 0.3163454235 -0.0993451849 -0.3088352978 -0.0372440442 -0.5968745351 0.3593824804 -0.3187674582 -0.3082004189 -1.1714452505 -0.2676136494 -0.9157119393 -0.3741248548 -0.4771415889 0.0067857532 0.0254288837 0.0366972834 -0.0205654297 0.3172306418 -0.5834619403 1.2921297550 -0.7555465698 0.3390869796 -0.4548164606 0.6356777549 0.2189297527 -0.0302207489 0.0340706371 0.1482151300 -1.7751368284 -0.7233461738 -0.0397518426 -0.6144931316 -0.1213395298 -0.4041435122 -0.8403291106 0.2365528196 0.5529038906 -0.3955353200 0.8435379267 0.1002050117 -0.5512671471 -0.8504752517 0.3221118450 1.1143717766 0.0254217442 -0.1437808573 0.0009515553 0.7342337966 -1.0117492676 0.1424167752 -0.4999591410 0.2281278074 -0.4500563145 0.3980179131 -1.3964898586 -0.9167033434 0.0916340202 0.0719054639 -1.1454982758 0.0369477347 -0.6935086846 0.3981337845 -0.1160048023 -0.2860639989 -0.0542648174 -0.1867044717 -0.7613439560 0.5055850744 0.0232639834 0.2731306255 0.2451660931 0.0021760985 -0.0358976573 -0.8779620528 0.2165040672 -0.7442796230 1.1295952797 -0.4050846398 0.2390943766 -0.6973938346 0.4479252696 -0.3205998838 -0.4953795373 0.5489886999 -0.2171303481 -0.1402700245 -0.7216880322 -1.0051293373 -0.8582445979 -0.2415009141 0.3083398044 -0.1935352087 -0.0943660736 -0.6721042991 -0.4489055574 -0.3351351321 -1.2017266750 -0.6491824389 -0.4966352880 -0.0666784495 0.1215155944 0.2218627781 1.0562404394 0.1915364563 0.0569705069 -0.1404778808 -1.3479366302 0.0580111071 -0.4792450964 -0.1438315958 -0.1969728768 0.1123146042 0.2289875448 -0.0296240598 0.2568222880 0.3352518678 -0.1369570196 1.0756068230 -0.4063390791 -0.2747427225 -1.2505676746 -0.6837260127 0.9409061074 0.7710372210 -0.4922858179 -0.0220532175 -0.1657418460 -0.0940892622 0.2239292860 -0.0381479897 -1.9747902155 -0.0381440818 -1.0851632357 -1.3881704807 -0.0580720082 -0.2463774979 0.5069534183 -0.3656211793 -0.5736432672 -0.5460537672 -0.0915073156 -0.6243440509 0.8612542748 1.0124790668 -0.1180863008 -0.0136741437 0.2491244972 -0.3391419649 0.0995465964 -0.0799293965 0.1504036039 -0.4670210481 -0.7227376699 0.0645723119 -1.1517593861 0.2092454284 -0.5460994840 -0.1946334094 -0.7553026676 -0.0177146867 0.7381263971 -0.5149276257 -0.4671109319 0.2305257767 -0.9138819575 0.0232836995 -0.1708555222 -0.2592371106 -0.0602347255 0.2213101089 0.1881752908 -0.3408201933 -0.4249608815 0.7218171358 -0.6911727786 0.3978734314 0.1238683015 -0.2714249194 -0.3619165719 0.0764624327 -0.0325620249 -0.0000949924 0.1744783372 0.1427562535 -0.3244054914 -0.2787775993 -0.3516395986 -0.2106998712
-0.0288819112 -0.0472689606 0.0819081739 -1.7481598854 0.3295049667 -0.3093658388 -1.6195309162 0.0520976037 0.0076849717 -0.4971015453 -0.7378742695 -0.5748131275 -0.5112517476 -0.0887669846 -1.9308428764 -0.6561538577 -0.8885470629 -0.1965319067 1.4181984663 -0.1683034599 -2.2254338264 -0.5108578801 -0.2486724406 0.0368001834 -0.0668140352 0.3836565912 0.0091429427 0.4167850018 0.0632853284 -0.0705291778 0.2921431065 0.1115069017 -0.1177037507 0.0595364198 -0.3535521626 -0.2551743388 -0.0404739045 0.1262988895 0.2033257484 0.7284687161 -0.2992414534 0.0299736224 -0.6212518215 -1.5650601387 0.1780805886 -0.7919076085 -1.7111756802 -1.2188336849 -0.1197963730 -0.5140435696 -0.8854103088 -0.3462013304 -0.1961229444 0.4031436741 -0.6348132491 -0.0740868747 -0.5881509781 -0.6390271783 0.4392633736 -1.0295289755 0.1975504756 -0.3461032510 0.6210473776 0.0629244074 -0.3039031327 0.0846353397 0.3202237785 0.2205465138 0.6570093632 0.0543181784 0.9623002410 0.0142374635 -0.8132215142 0.2222471088 0.4487390220 -0.0281510968 -0.0140259368 -0.2927235961 -0.1307344139 -0.4682446718 -0.8517611623 0.2790559530 -0.0591928735 0.0387964249 -0.6905530691 -0.0103387348 -1.0712643862 -0.1459284127 -0.6921347380 -0.0387713425 -0.4464573264 0.1374149472 0.7364491820 0.7562967539 -0.5975893736 0.0632221550 0.3676491380 0.5721721649 -0.0206792206 -0.2777905166 -0.2885586023 -2.2762632370 -0.1733054817 -1.4512816668 -1.3494027853 0.2239914536 0.1140932888 -0.4423006177 -0.8018000722 -0.5147615075 0.2243525833 0.5490328670 0.0941506177 0.7155523300 -0.5267723799 -0.1846928596 -0.3610228598 0.0329825878 -0.6115130186 0.3193628490 0.1921072900 -0.1010212302 -0.6031891108 -0.7652548552 -0.5622896552 -0.2607373893 0.0460820273 0.5836139917 -0.4857109785 -0.1374871731 -0.0963505954 -1.0000990629 -0.3272953629 0.1177042350 -1.1156839132 -0.1426503807 0.0415920466 -0.9112912416 -0.3690321445 0.0278117284 -0.0060758293 0.5893311501 -0.0121902246 -1.2588708401 0.1344121844 -0.5960184932 0.5353243351 -0.5073123574 -0.5322014093 -0.2331703305 -0.8157662153 -0.1294638664 -0.4097630084 -0.1570757776 -0.5544710755 -0.0593364350 0.3668330908 -0.6404529810 -1.6526440382 0.2446699440 -0.2596499324 -0.4537207186 0.4667894542 0.0559296943 -0.1360851079 -0.4572788477 0.3046043515 -0.0315348692 -0.3179537952 -0.1552895755 -0.3601470590 0.1707379818 0.0320160612 -1.2404217720 0.0178470928 0.0415600166 0.0365563780 -0.9956130385 0.0408449136 -0.1818684638 0.4833588004 0.0856539011 0.5798784494 0.6224172711 0.0500250645 -0.3021471500 0.2628246844 0.1893304735 -1.4214949608 0.1373068690 -1.6531488895 -0.8863819242 -0.2202012390 -0.1200463474 -0.2826417983 0.1998116225 -0.4296703637 -1.1569459438 -1.1487404108 0.0552837998 -0.3378023803 0.7837378979 -0.1872862279 0.1787616462 -1.3616993427 -0.5094400644 0.3439439237 0.2427954972 0.5017706752 -0.0972412303 -0.7028673887 -0.5445570350 -0.1578775942 0.0612281747 0.4926064312 0.2551719248 -0.3233448863 0.0554731749 -0.1245191470 -0.7668079138 0.6731115580 0.6040114760 -1.3295600414 -0.0478921682 -0.8349359035 -0.6372011900 0.3462652862 -0.0581847057 -0.0160491206 0.5456264019 -0.2528413832 0.1005566567 -0.7051728368 -1.1417387724 -1.3377029896 -0.6285558343 -0.0170611814 -0.1425829977 0.2690738738 -0.5495213866 -0.1185615137 -0.4951278865 -0.2044327557 -0.4645364285 0.9975244403 1.1450972557 -0.3342006803 0.0357737616 -0.0260337684 0.9323005080 0.3826586008 -1.0466309786 0.0596834458 -0.3980559111 -0.7474091649 -0.6950188279
-0.2181276083 -1.4608392715 -0.0111566624 -0.4519396424 -0.5415905118 -0.2095290571 -0.2877858579 -0.0351088867 -0.7650859952 -0.2354782820 -0.1275366545 -1.8834365606 -0.7847902775 -0.5219770074 0.0750858039 0.0739728585 -0.1213205084 -0.1449389458 -1.3598595858 -0.6317765117 -0.8550911546 1.1625889540 -0.4974670708 0.0227911994 0.3343063891 0.0473861732 0.0996513218 -0.0712955743 0.2649419904 0.2628301382 0.0135791693 -2.3222639561 -1.2763407230 -0.5363274217 -1.1563032866 0.0280610193 0.4725307822 -0.7095901370 0.4673065543 0.3410125375 -1.1807732582 0.0458925515 -0.1794917434 -0.3381126523 -0.2049411833 0.7072159648 0.2322853804 -0.7348989248 -0.0124209579 0.4166596532 -0.0656055287 -3.5566687584 -0.0094859824 0.0520011298 0.1942696571 -0.0006597897 0.2119286805 -0.0384333506 -0.4206084311 0.7547117472 -0.2335525751 -0.1006772742 -0.5701652765 0.0025839519 -0.6744500399 -0.8449842334 -0.4210944772 -1.2863297462 -0.4059942067 -0.0275770463 -0.8595157862 -0.0400669798 -0.7965890765 -0.3100706339 -0.4555377066 -0.0607894734 0.7985733151 -1.1139525175 0.3432360291 -0.4491416216 -0.1403683126 0.0806127861 -0.0059292540 0.0250450745 -0.3611198366 0.1167102605 0.5479884744 0.0494656488 -1.9447399378 0.2116776556 -0.5038724542 -0.6294371486 -0.3275006711 -0.3407047689 0.0443148538 0.2470979691 -0.3469507694 -0.7788034081 0.0559585914 -0.4743094742 0.0127555160 -0.6926866770 0.6619881988 -0.9778485298 -0.0205123890 -1.6063828468 -0.4466069639 -0.2538591027 0.4305581152 -0.3504752219 -0.1631553322 -0.2223087698 -0.0349259116 -0.3254690170 -0.8387787938 -0.5181379318 0.2330987453 0.3427238464 -0.1047578380 0.0221594665 -0.2984589338 0.1825809926 -0.0945809111 -0.4637593031 0.3044843972 -0.0438360497 -0.7376610637 0.0626546890 -0.7147439718 0.1654238701 -0.3295917809 0.2089684308 -0.2237837911 -0.7370793819 0.7879168987 -0.5361621380 -0.0433834568 -0.2761335969 0.0288512707 0.0454041660 0.0240038112 0.6381919980 0.5730280280 -0.8744983673 -0.1147356853 0.0516608059 -1.1903045177 -0.1728879660 0.1359267533 0.1247022226 -0.5879413486 0.6037569046 -0.2592854202 0.0799294785 0.0024406596 -0.5450177193 -0.3563061357 -0.1254100949 0.5167720914 -0.1036371812 0.0144016845 -0.2085085660 1.4640160799 -0.2374488115 -0.6061620712 -0.0977765769 -0.4512336850 0.2690415978 0.0021091190 -0.0329983383 -0.7415556908 -0.2551301718 -0.0072705671 -1.1604239941 -0.1783456355 -0.0451476201 0.2370814383 0.0881854221 -0.0475189835 0.3292161822 0.8086993694 -0.0898813233 -0.3622097373 -0.3739922047 -0.2971864939 0.7028346658 -0.2909274399 0.2658337355 -0.5408336520 -0.0663090348 -2.2064573765 -0.8541302681 -1.3959516287 -0.1735545397 -0.0580093712 0.3692463934 0.8846209049 0.2147133797 -1.0548390150 -0.0010872185 -0.2036867887 -0.3025496304 -1.1774383783 -0.6218279004 0.0126168616 -0.3539217114 -0.5188019276 -0.0071223900 -0.2288373858 -0.4615261257 -1.2266217470 -0.7688101530 0.2786092162 -0.1160794422 0.7233055830 -0.5082771182 0.7220993638 -0.0953581259 -0.0802927688 0.2890531719 -0.2868496776 -1.4318400621 -0.2294113934 -1.6599903107 -0.2753954530 0.0347579606 0.1611342579 0.0429226607 0.1093745455 -0.0239247084 -0.8917760253 -2.1869716644 -1.7062413692 -1.6840082407 -0.2914950848 -0.5026602149 0.0523131415 0.3419107795 -1.0793310404 -0.2151856869 -1.7738289833 1.2361932993 0.0965805799 -0.0138908727 -0.1093879789 0.0107794600 -0.0128450003 0.1864850372 -0.0349823460 -0.0927292705 0.3229428530 0.0151767032 0.3565600514 0.0160332397 -0.3030838370 -0.2219378948
-0.1205592528 -3.0236082077 0.0420665294 0.0909945741 -0.2933835387 -0.7977888584 0.5368681550 -0.2938188016 -0.3193464279 0.3897006810 -0.0593506470 -0.3120689094 -1.2897633314 0.0991101936 0.4617226124 0.3255124688 -0.0984680206 -0.0106290644 -0.2848148942 -0.7475949526 -0.2031168044 0.3168521523 -0.4198279381 0.0439696983 -0.1891681999 -0.1839927733 -0.1058770046 -1.4963674545 -0.0366245732 0.4742001891 -0.8301452398 -0.5404190421 -1.2236101627 0.6101913452 -1.8662863970 0.0380332097 -0.6659150720 -0.3994262815 -0.3626491427 -0.3491200805 -0.9370250106 0.0069978759 0.2150374204 0.1670674980 0.3168284297 -0.2640133500 0.1418877691 -0.0256136805 -1.3843433857 -1.7581290007 0.1521942616 -0.6439974904 0.0451799333 -0.1003411040 -1.4320102930 -0.1488475949 -0.8589643240 -0.0237560347 -1.6289924383 -0.4871142507 -0.4917328656 0.3516988158 0.0199688710 -0.0003473461 0.3262320161 0.2722395957 -0.3475472927 -0.5562186837 0.4268621802 0.0325380787 -0.5738773942 -0.0261641070 -0.7403371930 0.4873908758 -0.5767391920 0.3884367943 0.3090898693 -0.2277687192 -0.5150811076 -0.4303249717 -1.0945850611 -0.0386625119 -0.0328366309 0.0390116572 -1.4122030735 -0.1519902050 0.0562046468 0.0263084173 -0.4049290419 -0.4932918549 -0.6577547193 0.0004098543 -0.1541619003 0.3710181117 0.0039571077 -0.2478008866 0.0148609290 -0.9117594957 -0.0003153905 -0.3908089697 0.1231635138 -1.3460714817 -0.9627148509 -0.0897383317 -0.2380175740 -2.2288701534 -0.0671956018 -0.6401017308 -0.0608631074 -0.5630965233 -1.7865959406 0.5634815097 -1.2149673700 -0.9150400162 -0.9485205412 -0.3774704933 -0.2698713541 -0.5162252784 0.4713260233 0.0261895135 -0.3236705959 -0.6986843944 -1.6632276773 -0.6528571844 0.4265407622 -0.8023580909 -0.7586381435 0.7503112555 -0.4465024173 0.0053067938 0.3146657050 -0.7804061770 -0.0554324389 -1.1164591312 -0.5116325021 0.0802976266 0.0608083233 -0.3103314042 -0.0241477676 -0.0173193738 0.0409739166 0.2013542652 -0.7286356688 -1.2496176958 -0.4266394675 0.2086266279 0.0601710267 -0.0276691988 -0.7842592001 0.0420699082 0.1204131618 0.3349480033 -0.1262309402 -0.9556781054 -0.5116662383 -0.0420387425 0.2889947593 0.3242354989 0.2626439631 0.7701326609 0.0554616041 0.2042118311 0.0858399644 -0.3284114301 -0.0570248514 0.0372981653 -0.2676993012 -0.0290564205 0.0335214138 -0.4071742892 0.7435135245 0.2559869289 0.0322185904 0.5425792336 0.2965095043 0.0164139867 0.1930014491 -0.4004258513 0.0111634368 -0.3856589794 -0.3757345080 -0.6511589289 -0.0728831068 0.1375826299 -0.0666588470 0.1699372381 -0.2487640530 -0.4179177582 0.1350082159 -1.5104866028 -0.5524109602 -0.2821910381 0.5218015313 -0.3041671216 -0.7223632932 0.4156126380 0.5932166576 0.2951240242 0.1920923591 0.0446430370 -0.2087651044 0.5340556502 -1.6975106001 -0.4884542823 0.0390142724 0.4189324379 -1.2663091421 -0.1681682169 -1.4413536787 0.1079892218 -0.0779771283 -1.4107860327 0.0103373528 0.0191545542 0.1651625037 0.4724874496 0.1710975468 -1.6120307446 0.0080990493 -0.3707693815 0.1643803120 -0.1387171149 -0.0751301497 -0.1236600578 0.2278970331 0.0172832683 -0.0636269897 -0.0365568250 -0.5664179921 0.0892797932 -0.6971527934 -0.4719482660 0.0112893526 -0.6616182327 -0.0177890342 0.1223943084 0.0350713953 -0.0238177311 -0.3847346604 0.0476691015 0.4662747383 -0.1255119294 0.0825079307 0.2091040760 0.3483749032 -0.0106105348 -0.0367018580 -0.3693515956 0.0610099658 0.0771469474 -0.0334533155 -0.6767587662 0.8069921136 -0.1599430144 -0.0344077088 -1.0538233519
-0.1926393956 0.8019918203 0.4162309766 0.4779861569 0.1456437707 -0.3317783177 0.9837077856 0.2765599191 0.4447240829 0.1099543571 -0.4897154570 -0.6948052049 0.9142910242 0.0864497349 -0.3928276896 0.1905425638 0.3812750876 -0.1845452189 -0.7809830308 0.3265309334 -0.6902230382 -0.6312743425 1.0055425167 -0.0158419479 0.1799615026 1.0200068951 -0.0065125357 -0.0259047691 0.3785569370 0.4135697186 0.0823518112 0.5421942472 0.0540704541 0.0074399440 0.2965323031 -0.6053302288 0.1439581662 0.1553294659 -0.0947623178 0.0378052033 0.2256125659 0.0612518862 -0.3560531437 0.3289789855 0.1685870290 -0.0696351528 0.1780156642 0.7219234705 -0.4483316243 0.3116418421 0.4254562855 -0.6857033968 0.2053288668 0.0057949512 -0.2891003191 0.0215039439 -0.2229050994 0.0111382371 0.2215305418 -0.1611238867 -0.6170932055 0.0069538560 0.2456144094 -0.0514120124 -0.6851145625 0.3663041294 -0.9064331055 0.2124445885 0.5329848528 -0.0736765414 0.3685559630 0.0225669444 -0.7109788060 -0.0501234457 -0.7247434855 -0.8270068765 -0.1215511933 -0.4239180088 -0.3209861219 -0.0764088184 -1.2353755236 0.4648846686 -0.0072949305 -0.0593184158 -0.7581153512 -0.1556115150 0.6065077782 -0.3534253240 -0.8354297876 -0.3040546775 0.5879378915 -0.3064397573 -0.2224451751 -0.4365481436 -0.3877664506 -0.1533917934 -0.4366859198 0.2731756568 -0.0034214258 0.5895879865 0.1352533400 -0.3500855267 -0.1190906242 -0.1999765784 -0.0477402434 -0.1451609880 0.1208998933 -0.2553643584 -0.2350375354 -0.0537274182 -0.2817194462 0.3196058571 -1.2322361469 0.6211460829 0.0750284418 -0.8768668771 0.0033579879 0.1220944002 1.0531603098 -0.4418847859 0.3867810071 -0.3791106343 -0.6925774217 -0.6321208477 -0.1051257849 -1.5488483906 -0.2983339131 0.3719632328 -0.3789428771 0.5365135670 -0.7456382513 0.0132081890 0.2728787363 0.2309066951 1.3736709356 -0.2489279658 -0.0207576752 -0.4120297432 0.2820435464 0.0556776598 -0.0262105837 0.5767474771 -0.3706591427 0.6304138303 -0.4979992509 -0.8532826304 0.0784193352 0.2765714824 0.3132472038 0.3980489373 -0.1637836248 -0.0726499259 -1.2062096596 0.8985100985 -1.5922279358 -0.6965102553 -0.7042082548 0.0779818669 0.6633197665 -0.3222037554 -0.5062499046 -0.6671601534 0.4826205075 0.4936833382 0.8089526296 0.0177454632 -0.0471602790 -0.3806731403 0.1983285844 -0.1781661212 -0.7304419875 0.2505303621 -0.0180561319 0.6680365205 0.6924784184 -0.0618614182 0.5365397930 -0.5607025623 -0.2349845320 -0.3336568773 0.3686695695 -0.0861592740 0.9348592758 0.3229592144 -0.0211741906 -0.5269126296 0.1948297769 0.2056032419 1.0159947872 0.6650927663 -0.3240743577 -0.6710045934 -0.4173392355 -0.7546193600 -0.6399760246 0.3833243251 0.5338361263 0.5966164470 0.7688806653 -0.0206896141 0.0751679838 0.2958141565 0.0910143405 -0.6813145280 0.3037601113 1.0367887020 0.0156096471 0.4767632186 0.2947998345 0.0234740134 -0.4404594600 -1.0790246725 0.1022148281 0.2125944793 0.3027016222 0.1923540384 0.0138546219 -1.1876068115 -0.1763478518 -0.7014610171 0.0505110621 0.5901594758 -0.8123898506 -0.1066470295 -0.1006973162 -0.0578599013 -0.0571900532 0.0491515025 -1.6012058258 -0.3999314308 -0.1583067626 1.0411207676 -0.3784147501 0.4839871228 -0.0827276930 -0.0613108426 0.0430903658 0.6851341128 -0.5157809258 0.6617374420 -1.5634675026 -0.5308750272 0.0550557487 -0.5244753361 -0.4105932117 -0.9555199742 0.0284202192 -1.5239021778 -0.0299487803 -1.6895227432 -0.2796370387 -0.4677296281 0.5045804381 -0.2591767013 -0.3700978458 0.1825757921
-1.7609187365 -0.4888034761 -0.0094375834 -0.4525514543 0.1284202337 0.2887887061 -0.3635313809 -0.1963606179 -0.7709534764 -0.4020412564 -0.4058913291 -1.0146228075 -1.8448115587 0.1555082202 -0.1238615289 -0.5632405281 -0.0806213990 0.0324771777 -1.1749775410 0.1121736839 -0.0210667383 0.1982720792 -0.1938594729 0.0610562861 -0.3653019667 0.7498490214 0.1088590845 0.0553025752 -0.5294386744 -0.0579919368 -0.4546681643 -0.9656964540 -1.4781695604 -0.1710669547 -0.0918892324 0.0483956859 -0.4688224494 -0.2396624535 -0.4342535436 -0.1446342021 -0.1514148116 0.0498925820 -0.1330492944 0.0136332326 -1.0939919949 -0.0294809062 0.2569821775 -0.4046954811 -0.1239083782 -0.5183836222 0.0533119887 -0.4302068651 -0.0530570820 0.2049414963 -0.3760895729 -0.0412451252 -0.2344319820 -0.0199618787 0.7105679512 -1.3884379864 -1.2460151911 -0.2694713771 -0.0710506737 0.0278683733 -0.1075112075 -0.3820185661 -0.4523504972 -1.4106780291 -0.0325557180 -0.0179204866 -0.4004045427 -0.0202555656 -0.6818185449 -0.5709639192 -0.1497971863 -0.2045054287 0.4668555856 0.1193110943 -0.3017482460 -0.0396976881 -0.6430652142 -1.2444205284 -0.0155965611 -0.0345729664 -0.1091712862 -0.0413085185 0.3673279285 0.0605514348 -1.0207508802 -0.0555289388 -0.7517858744 0.5187922120 -0.6244846582 -0.7286598086 0.0621603131 0.2377161980 -0.2757052481 -0.4574786723 -0.0124448761 -0.7961528897 -0.1495364606 -0.2999744117 -0.4740089178 -0.6356021762 -0.5760437846 -0.1903629303 -0.0831207782 0.6088771224 0.2003303617 -0.0316829979 -0.8129741549 -0.1012249961 0.3487475514 -0.2159664482 -1.5106205940 -0.6047192216 -0.0105408188 -0.3093946576 0.2806479931 0.0044136867 -0.7012419105 -0.5902842879 -0.2642383575 -0.5799766183 -0.1055530086 0.2589501441 -0.9723554850 -0.4572196901 -0.2756292224 -0.0224957317 -0.6408408284 -0.6252762675 -0.0333907977 -0.7191352844 0.0521770380 -0.3111499846 0.0455143973 -1.3864401579 0.0997132584 0.0274034962 0.0218726918 0.7252894640 0.3936311305 -0.4674599767 0.0457876548 -0.1828683764 -1.2498215437 0.0837088972 -0.2484505773 -0.4309124947 -0.7507578731 0.0447044224 -0.3431417048 -0.6113661528 -0.3372165263 -1.6176627874 -0.0297259782 0.0250197034 -0.2995851040 -0.6716775894 0.6424272060 0.3197845817 0.8179787397 0.3658989072 -0.3332597017 -0.0220908374 0.1514489800 -0.0254675075 0.0211858377 -0.2806163132 -0.2477965355 0.0557239056 -0.0472359881 0.1375500113 -0.1553231478 0.0031376481 -0.1418446451 -0.4118306041 -0.0326915830 -0.5079738498 -0.8063879609 -0.8095049858 -0.1608748287 -0.0770998970 -0.1884790063 -0.4875785708 -0.0223219413 -0.6689285636 -0.1042784303 -0.5725201368 -0.2012765855 -0.7356639504 -0.2965298593 -0.3295058310 -0.0448313765 0.1820848137 -0.2055851072 -0.0795544609 0.2961045206 -0.0244458616 0.3849115074 -0.0669469610 -0.9049603939 -0.0037472176 -0.6532301903 -0.0682497397 -0.2136842906 0.0228233635 0.4689940214 -0.3480050266 -1.7160524130 -1.8518233299 -0.1657074690 -0.1544534415 -0.3864973485 -0.0239255000 0.0087001231 0.0967965275 0.0221341997 -0.1665804833 0.6471982598 -0.9117547274 -0.3103165925 -0.4765742123 -0.7937440872 -0.1721405238 0.0622813776 -0.0098946318 0.0778069273 -0.0408967435 -0.0927763581 -0.3160220683 -0.4801978469 -1.1356687546 -0.0829736292 0.0288188234 -0.0587783754 -0.1243876517 -0.7242615819 0.0352292806 -0.8113386035 -0.6555838585 -0.0217041299 -0.3682346046 -0.6358391047 0.2088458389 0.0449777022 -1.2037127018 -0.0550093278 -0.0740109831 0.2088036090 0.1536403000 0.2880896032 -0.0335869566 -0.1849457026 0.5201780200
-0.0482091494 -0.0145725440 0.0458149984 0.0140680131 -0.0940100551 0.0253933221 0.0104246652 0.0465701297 0.0283598285 0.0241442509 -0.0521397777 -0.0046633519 0.0234976150 -0.0635423958 -0.0538630262 0.0219475292 -0.0148844812 0.0006860048 0.0167651568 -0.0407986268 0.0222441256 -0.0656930134 -0.0023053777 -0.0104631186 0.0463707298 -0.0208145641 0.0400693566 0.0473018624 0.0292514954 -0.0559938923 -0.0523248501 -0.0542714521 0.0230195709 -0.0557400137 0.0358673893 -0.0006144196 -0.0747760087 0.0199091621 -0.0507971831 -0.0563306510 0.0174193233 -0.0574221313 0.0437042341 -0.0457967408 0.0304867029 -0.0459137112 -0.0157235824 -0.0044413516 -0.0220730957 -0.0038606629 -0.0025081481 0.0229475219 0.0571467951 -0.0451692045 -0.0372774303 0.0256142914 0.0321167558 -0.0269043669 -0.0382664204 0.0252381265 -0.0670627356 0.0030967742 -0.0156616401 -0.0220853705 -0.0180500429 -0.0532773621 -0.0623354763 0.0310859829 -0.0091207176 0.0471333489 -0.0726387873 -0.0524114445 0.0283383187 0.0173951816 -0.0738149360 0.0094903102 -0.0754066482 0.0171498805 0.0071085719 0.0113022979 -0.0492715985 -0.0423490964 -0.0159914047 -0.0088199675 0.0317294635 -0.0602295846 0.0021414382 -0.0140050473 -0.0742845833 0.0122234533 -0.0768927559 0.0275364723 -0.0529311039 0.0395091958 -0.0161586180 -0.0482233204 -0.0393167660 -0.0498513617 -0.0545013174 -0.0382742099 -0.0188816879 -0.0067151422 0.0450263508 0.0215341244 0.0156680439 0.0436465517 -0.0338909104 -0.0524162874 0.0199168157 -0.0427392386 -0.0082989372 0.0432861224 0.0312446784 -0.0490103103 -0.0011855414 -0.0640909225 -0.0815499872 -0.0667678714 -0.0254724901 0.0348655060 -0.0303063430 -0.0275884029 0.0298433956 -0.0783732235 -0.0464999750 -0.0782567933 -0.0089641493 -0.0881159231 0.0326407738 0.0070610833 0.0020383368 0.0404205397 0.0414540805 0.0222886484 -0.0469828546 0.0114236642 0.0608128011 -0.0702101141 0.0222285334 -0.0083106607 -0.0210588798 -0.0042249640 -0.0372208022 0.0445263162 -0.0211632811 0.0285737514 -0.0567242056 -0.0229881816 -0.0486466140 0.0433653370 -0.0697721317 -0.0584380105 -0.0562357605 0.0162909850 -0.0013825572 -0.0557280816 0.0074378150 -0.0404700153 -0.0488748327 -0.0015422974 -0.0431194678 -0.0175815560 0.0315080546 -0.0108839022 0.0220972318 -0.0077232942 0.0019962694 -0.0244628172 -0.0188726988 -0.0231028199 -0.0664634854 -0.0420354977 0.0504517481 0.0125694526 -0.0371645354 -0.0199678019 0.0254871361 -0.0749024302 0.0337769948 0.0383941382 -0.0108617637 -0.0922928303 -0.0697194785 0.0223576631 -0.0077826758 -0.0472434908 -0.0396636017 -0.0502369031 -0.0161382481 0.0259047542 -0.0075833234 -0.0529202074 -0.0920079947 -0.0388111845 -0.0485886298 -0.0411816314 -0.0084936917 -0.0137395710 -0.0412820838 0.0361529365 -0.0469228886 0.0247959103 -0.0729167983 -0.0488049984 0.0076531549 -0.0021332151 -0.0547967441 0.0026987344 -0.0555045456 -0.0205651782 -0.0297644250 -0.0509273261 -0.0032760575 0.0387910753 -0.0337117426 -0.0287264287 -0.0206414983 0.0321425796 0.0310511366 -0.0057000755 0.0112625118 -0.0781867728 0.0422475114 -0.0105350334 -0.0277307406 -0.0395497605 0.0497381911 0.0220516026 -0.0509150177 -0.0561432540 -0.0707864687 0.0291391462 0.0283530615 0.0013405216 0.0028785430 0.0410271212 0.0046394020 -0.0388949886 -0.0174472537 0.0302195568 -0.0349346884 -0.0230819434 -0.0038513020 -0.0544183701 -0.0084586600 -0.0521516129 -0.0277001038 0.0103240078 0.0562596768 -0.0070605450 -0.0182204973 -0.0186494738 -0.0845247284 0.0553061366 -0.0171079338 -0.0873438120
-0.5067618489 -0.8002970219 -0.0014714524 -0.0889429301 -0.5933791399 -0.1265827119 -0.2073064893 -0.0343926512 -0.1325741559 0.0600400083 0.0560796894 -1.0650107861 -1.3641407490 -0.0150313629 -0.4748638272 -0.1595336497 0.0386309400 -0.0510183126 -2.0431494713 -0.1285052896 -0.3856642842 -0.8463612199 -0.3333716094 -0.0159426183 -1.7630388737 -0.3866416216 -1.4120693207 -0.4041582644 -0.0544364825 -0.2743893862 -0.4906554818 1.0128101110 -0.1789416224 -0.1447743326 -0.2834243774 -0.0518629625 0.3450056612 -0.1425881833 -0.1231037527 0.0734210312 -0.6585274339 0.0424559191 -0.0272926800 0.0150488708 -0.0641168952 -0.2741758823 -1.7132271528 -0.1062747389 -0.6794117093 0.0469976887 -0.3836230636 -1.9844007492 -0.0535054132 -0.2156309634 -0.3663836420 0.0492175147 -1.0384464264 0.0406867266 0.2703860104 -0.3859638274 -0.0766484737 -0.2111094892 -0.7490239143 -0.0296531022 -0.8587737083 -0.0965347290 -0.2447499633 -0.2170186043 -0.3397908211 -0.0475411117 0.0236315690 -0.0487217754 0.5784933567 -0.1943252981 -0.8087362051 -0.6536928415 -0.7312790751 -0.4754929245 -0.8854395747 -0.7205576897 -0.0065941326 -0.8307127357 -0.0156916231 -0.0505897403 -0.3502247334 -0.2392700613 -0.7982489467 -0.0423998535 -0.5664641857 -0.1699728221 -0.5374506116 -0.2227630019 0.3372396231 -0.2153252661 0.0201786011 -1.8187804222 -0.1082371771 -0.7765163779 -0.0029004812 0.0731145889 -0.3234364986 -0.2295279205 -0.5628519058 -0.3507418334 -0.5558506846 -0.5276640058 -0.0536553562 0.0072896061 -0.0094278473 0.0973590985 -0.8468514681 -0.1490328461 0.0789211988 -0.3745706379 -0.5035278797 -0.7266581059 -1.1054394245 -0.3560928404 -0.1198768392 -0.0506600589 -0.7922745943 -0.3602315485 0.0909376740 0.2457585186 -0.1551495492 -0.0607399084 -1.2155754566 0.3841292858 -0.6478385329 0.0495531633 -0.2692042887 -0.2423578799 -0.0087839663 0.7923533916 0.2921973467 -0.8721269965 -0.0266639665 -0.7048273683 0.0276951827 -0.0552184582 -0.0483069569 -1.1721285582 -0.1803012490 -1.1165893078 0.1219563186 -0.1091899723 -0.4490410984 -0.0590122044 -0.3411600590 -0.3167983592 -0.7200941443 0.0070997328 -0.2227847129 -0.1372078508 -0.1822785735 -1.1284580231 0.0324436612 -0.1652654260 -0.1363252550 -0.1005556434 -0.5367527008 -0.1202023327 0.2925210893 -1.1227388382 0.0964840129 0.0134099424 -0.6350193024 -0.0247323737 -0.0017377958 -0.1139846593 -0.4003050923 0.0022712830 0.0105035231 -0.5924638510 -0.2269518226 -0.0281129926 -1.0820342302 0.0120912874 0.0248700231 -0.7959732413 -0.6259790659 -0.1813976914 -0.7088627219 0.4152442813 0.1534918398 -0.2185982168 -0.0705518275 -0.5346840620 -0.2481392920 0.8861706257 -0.4839141369 -0.0752144232 0.0381131805 -0.1336820871 -0.1551762223 0.6211929917 -0.0929932818 -0.4884364307 -1.2011439800 0.0328991339 -0.8969077468 -0.4098255932 0.4485797584 -0.7075458765 -0.1612683386 -0.3946861923 -0.9417328835 -0.0338630974 0.0988175571 0.0319489799 -0.0072592772 0.8965751529 -0.0535558835 0.0164117459 -0.4233672619 0.0502704233 -0.2367168665 -0.0503998362 0.0392580926 -0.6302234530 0.5470190644 -0.4326002300 -0.1273463815 -0.0595660992 0.3565187454 -0.3274565339 0.0037456751 0.0369452983 -0.0472885147 -0.0232081413 0.3672684133 -0.9918140173 -1.2098796368 -0.4800581336 -0.6438107491 0.0177093819 0.0015288368 -0.7780458331 -0.2177618444 -0.0872164518 -1.6734027863 0.0452331454 -0.0089735091 -0.8892461061 0.3152307570 -0.3150238395 -0.0062431693 -0.2190352827 -0.0068739578 -0.2515437901 -0.6714461446 -0.5594972968 -0.3550040722 -0.0208046287 -0.1774528027 0.1988651752
0.7031689286 -2.1692941189 -0.2775656879 -0.4470911920 0.8257149458 -0.1832707822 0.1137492433 0.2131758481 -1.2946127653 -0.9103049636 -0.7710840106 1.0461128950 -0.2624463737 -0.8882819414 -1.2337710857 0.3167188764 0.1786422879 -0.0388231985 -0.8480880260 -2.2138791084 -0.8544698358 -0.2713759840 0.0234840550 -0.0265734270 0.7547143102 0.2988739312 0.4511887133 -1.3391411304 -0.8885715008 -0.2089218646 -1.4119839668 1.0560884476 -0.9617225528 1.9084998369 -0.1805130094 1.1633691788 -2.5402894020 -0.2032872438 -0.5972434878 0.8465305567 -0.3541200757 0.0574289858 -0.0842044577 0.7117722631 0.4675676525 -0.5642199516 0.4817631841 1.5980906487 0.5284311771 0.0830514878 0.0080518955 -0.3487005234 -1.7456644773 -0.5176142454 -0.5255488753 1.0233104229 -0.2060142457 -1.2760679722 0.0518891402 0.4006066322 0.0721186250 0.1990464926 -0.0025061546 0.0394025370 1.0486671925 -1.1478799582 -0.8445014358 0.1331399381 -0.3495796919 -0.3112553358 0.4118616283 -0.0061633736 0.5099656582 -1.3957066536 1.7189693451 0.3507259488 -1.1797132492 0.7222285867 -0.9088212252 0.6373271346 -1.2965815067 0.0246065874 0.0174726918 -0.0497468486 -0.7932909727 0.1995270401 -1.0858032703 0.0745177865 -0.0615306012 -0.7415098548 -1.1183705330 0.2024338990 -0.2525559962 -1.3140795231 -0.1989080310 0.2672714889 -2.1007366180 -0.0381689668 -0.0239897668 -0.6809728742 -0.0167857353 0.2995448112 -0.8946262598 -0.0823420510 -1.2353703976 -1.9844506979 -0.3864298761 -0.9372361302 0.3629771173 0.7618371248 -0.6420356631 -2.4438550472 -0.2339304984 -1.3036184311 -1.8354473114 0.2937630415 0.9196856618 -1.6662409306 -0.8210192323 0.2484558821 0.4209290445 -0.5011838675 -0.8779948354 0.6477923989 -1.5444331169 -0.4174865186 0.3751476407 -0.7927588820 -0.4017866850 -1.0293147564 -0.5784265399 -0.1558818370 -0.2481558770 0.4372813702 -0.2358089238 -0.2133422345 -0.0543615520 1.0619922876 -0.1450770199 -0.0577203557 -0.0574323609 -2.1829349995 -0.3161739707 -0.6026318073 0.1898905337 -0.3610252738 0.8326312304 -0.4451168776 -0.7429805398 -2.7060568333 0.3981175125 0.2603542507 0.1960285604 -1.6332536936 0.9789860845 -0.5823062658 0.2069219202 -0.8826895356 -0.6067529917 -0.3560461104 -0.7381958961 -0.4162077904 0.0829138234 0.4384730458 -0.3497448564 -0.7536232471 -0.1677458137 -0.2787920833 -0.4898807108 0.0909253657 0.5826624036 -1.0125265121 0.0244001821 -0.1821660846 -2.0954406261 0.0248189643 -0.6760089397 -0.7555743456 0.4737816751 1.1926292181 -2.0715711117 -1.2728708982 -0.2867900133 -0.1265829504 -1.2955323458 0.6441146135 0.5303968787 -1.4850873947 -0.4527134597 0.0736331195 0.1830128878 0.9466578960 0.6717693210 -0.9625118971 -0.7119219303 0.3153510690 0.1917149872 0.3219129145 -0.9899398088 0.0576196536 0.7149845958 3.1919193268 -1.1791023016 -0.0351778865 0.4010156393 0.6804048419 -0.8111291528 0.3935587704 -1.4978305101 -1.1482318640 0.2379418910 -2.0464184284 -0.1019796580 0.0609334409 -2.3101091385 -0.4792788327 -1.2484710217 -1.7245777845 0.1883790940 0.0928251445 -0.1291887015 0.7095102668 -1.0631173849 0.1654280871 -0.9258463383 0.3721455336 -0.0624417104 0.0046007112 0.9729328752 0.1117043048 -1.9063531160 0.7258995771 -0.8333852291 -2.2562766075 0.0373883694 0.0924038440 0.0070321187 -1.6650452614 -1.0477569103 -0.3264056146 -1.2527433634 -1.4806108475 -0.4317413270 -0.4818615615 -1.3458292484 -0.4421140552 0.8788589239 -0.5812238455 0.0184035599 -0.1542970240 -0.3125112951 -1.9526218176 0.6546076536 -0.5427532792 0.1292652488 0.4501975179
-0.0541736148 -0.0317884386 0.0576379076 -0.0525169894 -0.0060987030 -0.0586014055 0.0205395278 0.0295229107 -0.0703746006 0.0465274006 0.0236942694 0.0035655305 0.0496203266 -0.0104689263 -0.0163073316 -0.0420087688 -0.0617165342 0.0509965345 0.0191541370 0.0583534949 0.0251349788 -0.0076942104 -0.0562493727 -0.0008506775 -0.0657902360 -0.0218934063 0.0090017803 0.0297826026 -0.0603112839 -0.0222738013 0.0330297276 -0.0586220138 -0.0348332971 -0.0016957392 -0.0676039681 0.0280179903 -0.0647327155 0.0069991299 -0.0693701729 -0.0146037051 0.0186322927 -0.0254654661 -0.0066897855 -0.0024224904 -0.0554383136 0.0134271812 0.0092111910 0.0293295421 0.0062408769 -0.0525016040 -0.0618973672 -0.0076119141 0.0126343146 -0.0032138005 -0.0508716367 -0.0099720731 -0.0429934263 0.0143485963 0.0377276242 -0.0563618131 -0.0318695083 -0.0686101764 -0.0394883156 0.0347563066 0.0298028868 -0.0054988423 0.0033606489 0.0587342605 -0.0597227067 -0.0000256300 -0.0194812212 0.0419621468 0.0621493943 -0.0349630341 -0.0307888370 -0.0664729401 -0.0843031183 0.0143853063 -0.0498401895 -0.0003915609 -0.0722902566 0.0243209377 -0.0480446070 0.0329530835 -0.0052962610 0.0507306010 0.0127518196 0.0105885565 -0.0025946740 0.0001839122 -0.0758049041 0.0448241085 0.0278928261 0.0039945683 0.0163237751 -0.0012146417 -0.0405019559 -0.0107151894 0.0587090850 0.0583556108 0.0226254631 -0.0450746901 -0.0401250944 -0.0743984208 -0.0204967018 0.0330232605 0.0392522924 0.0532043427 -0.0196714234 -0.0702450052 -0.0355765969 0.0298324507 -0.0515877530 -0.0656129941 0.0357835665 -0.0485469177 -0.0338629223 0.0124797765 -0.0021962649 0.0139763877 -0.0667840317 -0.0260062944 0.0051806271 -0.0001188511 0.0390949808 0.0575028434 -0.0531685278 0.0519785061 0.0028780401 -0.0580702126 -0.0357312188 -0.0266308170 0.0382362232 0.0054377881 -0.0741444528 -0.0622965991 0.0496277735 0.0024336998 -0.0362351164 -0.0112121701 -0.0402518138 0.0214901324 -0.0516676493 -0.0588067695 0.0345784053 0.0580479503 -0.0293768980 0.0506677032 -0.0157993902 -0.0121280979 -0.0812481344 0.0137492865 -0.0126996934 0.0226473305 -0.0512405857 -0.0638324097 0.0208341777 -0.0728355050 -0.0058054016 0.0216112398 -0.0379976816 -0.0678606331 -0.0107054189 -0.0474796891 0.0508588888 0.0284843668 0.0166422520 -0.0147001147 -0.0558162481 -0.0351318009 0.0028077404 0.0067200810 0.0143084079 0.0254041348 -0.0358541645 0.0027674213 0.0198339950 -0.0666684806 0.0572017059 -0.0263961963 -0.0478902981 -0.0569616295 -0.0687998012 0.0076522781 -0.0273988377 0.0444049612 -0.0243095215 0.0238968749 0.0219278783 -0.0437963419 0.0093753189 -0.0661569610 -0.0380635373 -0.0488318801 -0.0664093271 0.0463716649 0.0201094951 -0.0231286883 0.0297129713 0.0501597524 0.0375428908 0.0420963764 0.0123955309 -0.0191915743 -0.0614322983 0.0141010508 -0.0449621864 -0.0448137522 0.0304148532 -0.0255449843 0.0146078793 -0.0703714117 0.0148796663 -0.0151882535 -0.0440172628 0.0343534127 -0.0437429100 -0.0564725399 0.0621071905 -0.0219171885 0.0162198767 0.0123010520 0.0475796200 -0.0033009320 0.0413857587 -0.0479723699 -0.0428322777 -0.0404462516 0.0711528584 -0.0115786940 -0.0647730976 -0.0699749589 0.0162896737 -0.0389255583 -0.0432297066 -0.0256974250 -0.0428519547 0.0046184147 -0.0259635877 0.0283179302 0.0342967659 0.0509012267 0.0504834428 0.0155224279 0.0159884002 0.0035074078 -0.0067262501 -0.0282910448 -0.0194982886 -0.0220469814 -0.0105217500 -0.0423569120 -0.0400243439 0.0283801407 -0.0028657815 -0.0838051140
-1.7679458857 -1.1013251543 0.1158341691 -0.4417760074 -1.3172602654 -1.0807244778 -0.3835221529 -0.7067152858 -0.8523648977 0.8361287117 -0.0154276872 -0.7663691640 -0.1021081060 -0.3172088861 -0.6344946027 -0.6494674087 0.3158811033 0.0942692608 0.0053675794 -0.2536527514 0.0772191584 -1.4816774130 0.0506140366 -0.0293847471 -1.6928588152 -0.2188627869 -0.2141778618 -0.5631215572 -0.8737062216 -0.0236382224 -1.5491638184 0.4442131519 -1.2317864895 -1.0748959780 0.4405066371 -0.1364025325 -1.7779049873 -0.1039098203 -0.6178171039 -0.5895891190 -0.5001385808 -0.0040699360 -0.5692616105 0.7854167223 -0.4479933977 -1.1845866442 -0.0402825028 0.0126231406 -0.0727919713 -0.2000154853 -0.4178211093 0.0300618131 -0.0905741379 -1.2442792654 0.0492907129 0.4456952512 -0.3758960366 -0.3064910769 -0.2747787833 -0.9952011704 -2.0252192020 -0.3085038960 -1.7954984903 -0.0111876940 0.6324240565 0.9730392694 0.0660902187 -2.0095479488 0.2303959578 -0.1218326837 -0.6945967078 0.0613220483 -1.2728327513 0.1957560778 -0.2468204647 -0.1804729104 -1.1869473457 -0.1720152050 -0.7693025470 -0.0215072539 -0.2613279223 0.0130615020 -0.0229533240 -0.0003003404 -1.1156696081 0.1398836523 0.3830278218 0.0302235708 0.5592162013 -0.9017882943 -0.1943115890 -0.8135572076 -0.1792806685 -0.1383975595 -0.1542992294 -0.4680324495 -0.0267202538 -1.8047398329 -0.0460947976 -0.4138308465 0.0372487195 0.2564701736 -0.9029694200 0.1566941738 -0.0391119160 -1.7386224270 -0.8175823689 0.1874638647 0.3072755337 -0.0028265272 -0.2784132361 0.2138146311 -0.9331340790 -1.2417180538 -1.0185232162 0.8586106300 0.2610304058 0.0545881614 -0.1277483255 -0.1760335267 1.1423776150 0.0741130412 0.5513986349 0.7216548324 -0.3921916485 -0.8214019537 -2.5322687626 -0.2870284617 -0.1456628889 1.0744296312 -0.2410933226 -0.2340442538 0.0150821842 -1.2526794672 -0.2802820504 0.1129762307 0.0585597679 -1.2162965536 0.0520952977 -0.0583901480 -0.0423161462 -0.1272567362 -0.4189838171 0.0661989227 -0.4698425233 -0.7333384156 -1.4425312281 -0.4861489236 -0.3659394383 0.0505040735 0.1527894288 0.3001407385 -0.9441887140 -0.6122839451 -0.4668822587 -0.2945407927 0.0846032873 -0.3594157696 -0.0799680352 0.1509768069 -0.6803730726 0.1367326677 0.1146728694 -0.7180992365 -0.4106681347 -0.4952805936 -0.3396441042 -0.1428022683 -0.0514937490 -0.1678096503 -0.1289862096 -0.7554247379 0.0430156812 0.0699691847 -1.5989159346 -0.0127008036 0.7350282073 0.0624758564 0.4712062776 -0.2470433563 -1.0720156431 -0.1489591599 -0.5195840001 0.3527085185 1.0553270578 0.4919796288 0.0153291151 -0.8752415180 0.4801713228 -0.2214266360 -0.0631048232 0.6520708799 1.4501217604 -0.3668070436 -0.2542836964 0.9107275605 -0.2469962239 -2.3314182758 -1.6132265329 0.0617421269 0.6969442964 -0.2126713544 0.7535239458 -0.3218330145 -3.8364863396 0.1581725180 -1.2490632534 0.1556381285 0.2355709374 -0.1528660655 0.1494075358 -0.3956427574 -0.6215935349 0.0378681645 -0.5630887747 -0.4871051013 -0.2014703602 0.1535611302 -0.3479562402 0.3801583946 0.2328193784 0.4252106547 0.7216439247 -0.0015986009 -0.1803437322 -0.3108596504 0.0290497690 0.0192491412 -0.2950693369 0.0651052967 0.3650835752 0.9034770727 0.5224186182 -0.7473688126 -0.7166853547 -1.1039263010 -0.0020892397 -1.0758610964 -0.0113623496 -0.2967368066 -1.6827063560 -1.3241797686 0.0640116408 -2.0590212345 0.5509674549 -0.5272607803 0.7932669520 -0.4908653796 -0.0146267042 -1.2648316622 -0.4911014438 -0.4841042161 0.6234198809 0.0196737945 -0.5326457620 0.0068439031
-0.2738933265 0.5528450012 -0.3836758137 -0.7694674134 -0.4422572255 0.1920735389 0.3312129378 -0.4844644964 -2.0662608147 0.0638514981 0.0041881874 -0.9491592050 -0.7934346795 -1.2176263332 -0.9022853374 -0.6565526724 0.1830090135 -0.3827423453 -1.0165443420 -0.0802111849 -1.1714901924 -0.3920274675 1.1279450655 -0.0169337392 0.1744911075 -0.5646659732 0.0125498790 0.1640257537 0.8884693384 -0.2292006165 -0.7796738148 -1.0286724567 0.4970601499 -0.8809342980 -1.0637787580 -0.1155194491 -0.3386879265 0.3300629258 0.1139982194 0.9448260665 -1.8815110922 0.0553306676 -0.1526318938 0.2809238136 -0.5060965419 0.0551928580 1.1722893715 0.2565192282 0.5797418356 -0.4514158964 0.1793731451 -0.6420250535 0.1427623779 -0.5176242590 -0.3301981091 -0.1606259793 -0.7897235155 -0.0330273062 -0.0632852912 0.0955911949 -0.1137500927 0.5145080090 -0.5973862410 -0.0026416949 -1.0215908289 -0.6666716933 0.0040765558 -1.6479272842 0.1156924516 -0.2141810060 -0.5159248114 -0.0136677250 -0.8922400475 -0.6225466132 -0.6256617904 -0.2147819549 -1.1645858288 -0.3481943011 -0.8851034641 -0.1834298372 -0.2546943724 -0.2806062996 0.0199277848 0.0139269307 0.1571515352 -0.0260662641 -0.0505157262 -0.8835852146 0.0952013433 -0.4035587907 -0.2997061610 0.0951626673 0.6956416965 -0.4018437564 0.0199640691 -0.6117128134 -1.3227218390 0.3053542376 -0.0423264578 -0.5269063115 -0.1923472136 -0.0145536382 0.4614183903 0.1182456464 0.0154980728 -1.7967561483 -0.7246931195 -0.5878404975 -0.6151205301 -0.0114630368 -0.1157194525 0.1295192987 -1.1243704557 -0.0685140640 -0.7527582645 -2.2549083233 0.5799344182 0.1494648606 0.3376254737 -0.1733803600 -0.1138088629 0.4797421098 -0.8416979909 0.1275579333 -0.5927967429 -0.2069659680 -1.8138933182 1.0196382999 -0.6716617346 0.1138910204 -0.8708677888 1.1460920572 -0.1998314857 0.2229028344 -0.0099295229 -0.3131588399 0.0087239370 -0.9814609289 0.6515362859 0.0333233848 -0.0561687723 0.2244991809 0.0498093329 -0.0601531155 -0.1172588021 -0.7847719193 -0.8148072958 -0.3819386363 -0.6559039950 -0.0363189727 0.0446172729 -0.0398771837 -0.2408522367 -0.9767061472 0.4483147562 -0.6053033471 -0.8552204370 0.4659081995 -0.2501169443 -0.5094926953 0.3306055069 -0.5327541828 -0.6274483800 -0.1626981944 0.1264922917 0.3015783727 -0.6960688829 0.1063900366 0.1365806460 0.1657031924 0.3635513484 0.1036480367 0.0357842073 0.7513192296 -0.2895881832 0.0497277677 -0.8910251260 -0.6447931528 -0.0046078470 -0.2510027289 0.3428802490 -0.5492150784 0.6500580311 -0.2923402190 1.0366080999 0.5500703454 0.1335631758 0.8087706566 -0.3695832193 -0.1991363913 0.4274638891 0.5185363293 -0.2459116131 0.9199851751 -0.3816419244 0.0902632698 0.6893360019 -0.2520492971 -0.3841986954 -0.0294617712 -0.3533221185 -0.5766645074 0.1179590449 0.0413386859 -0.5714064837 -0.7725524306 -0.2445330918 0.1460587829 0.8479941487 -0.4642366171 -1.3250625134 0.1758310497 0.0754507631 0.0313124880 0.7450505495 0.8328822851 -0.4955885112 -0.3890362084 -0.0953914374 -0.9893583059 0.3405516148 -0.2918263078 -0.8497706056 -0.4159158766 0.3247482777 -0.9910225272 -0.3820416331 -0.0309711918 -0.2060492933 -0.0739835203 -0.6671247482 -0.5857167840 0.2146333456 0.2856906354 0.0524943173 -0.3460657597 -0.0075369254 0.2949768007 -0.1820785850 -0.6225827336 -1.0351889133 -0.1206756681 0.4522846937 -0.3136224449 1.0338524580 -0.8285898566 -0.0799713507 0.1539191902 0.0073843375 0.4342960715 -0.1876291633 -0.3943268061 0.2528297305 -0.1923217922 -0.4199933708 -0.0787863806
-0.0266964622 -0.1737756580 0.4917606115 0.2375573218 -0.9965218902 0.1130622402 -1.1374939680 -0.2212422043 -1.8390376568 -0.3953268528 -0.2350512147 -1.2290745974 -0.1609468758 0.2982786000 -0.1366430521 -0.2792774141 -0.8721549511 0.2938410342 1.2658338547 -0.2374245375 -0.5650328994 1.1590743065 -0.4827827513 0.0564705878 -1.1397089958 0.0892619044 -0.1438212246 0.6593722105 -1.0962705612 1.3691843748 -1.4418132305 -0.3162535727 -0.5069703460 -0.7231756449 -1.1011869907 0.2591879964 0.3846174181 -0.1547864527 0.7109797001 -0.8260265589 -0.1648922265 0.0490184389 -0.8215103149 -0.1082486436 0.4549743533 0.1155098826 -0.2192569226 -0.1989521086 -0.6705127358 -1.1880378723 0.4132749438 1.2533531189 -0.1266647279 -0.1227116361 -0.2679065764 -0.2278860807 -0.1967806071 0.1057381555 -0.1925619990 0.2230618745 -0.4052314162 -0.5331848264 0.6268730760 -0.1247094646 -1.5236042738 -0.0837752670 -1.3257207870 0.2868445516 0.3003056347 -0.2536098659 -0.3532072604 -0.0210374221 -1.1972955465 -1.1739133596 -1.5985691547 -0.1291455030 -0.1177273467 -1.4017096758 -0.0011036576 -0.7662543654 -0.5958256721 -0.6370226741 0.0480879918 -0.0557090044 -1.1123654842 -0.4817201197 0.3607007265 -0.0820870548 -0.8094381690 -0.2020707875 -1.6829015017 -0.5384668708 -0.7748844624 -1.0953937769 0.1830780059 0.4828684330 -0.1674142331 -1.9818502665 -0.0292830542 -0.3175478876 0.8025130033 0.0487405658 -0.0787092000 -1.2804517746 -1.4121245146 0.6338605881 -0.5310556293 0.1467877179 0.3859626651 -0.6573261023 0.3078591228 -0.0791831166 -0.2815525830 -0.3020103574 -1.4547785521 0.1918320507 -0.4594551027 -0.3529229462 0.7513228655 -0.4948269427 -0.3604362309 -1.0882778168 -1.3565363884 -0.0755771399 1.3477497101 0.4660288990 0.0829736963 -0.4817173481 -0.0803471059 -0.3315977156 0.2658005059 0.0883507878 -0.0114461603 0.1503500491 -0.6435425878 0.1010992676 -0.0169198662 -0.2717117965 -0.0943276137 -0.0211035982 0.0598767549 -0.3955869675 0.5417223573 -0.0638790131 -0.8621540666 -0.9247449040 -0.9197008610 -0.1280853003 -1.3851040602 -0.4530718625 0.4874509275 0.1381404102 0.2754355669 0.3579711914 -0.1658790112 -1.1607192755 -0.5367753506 -0.4478201866 -0.2139570415 -1.0371793509 0.3782089949 0.2823163867 -0.6840218306 -0.1077376530 -0.5933120251 -0.3107848763 0.4292655885 -0.0518789217 0.0026376601 -0.9795937538 -0.6940745711 -0.0124174524 -0.0361714140 -0.3231028616 -2.1649513245 0.0256171823 -0.1952540129 -0.5004339218 -0.1842366606 -0.0335269906 -0.7426697612 -0.2316082865 0.2919062972 -0.6466566324 0.8210091591 -0.0799341276 -0.9051798582 0.4123504162 -0.0943081826 0.1639092118 -0.8359963298 -0.4953193367 0.7912828326 -1.0183209181 0.1367247105 0.4221270680 -0.5156934261 -1.4001240730 -0.2031254321 0.0258720890 0.2053006291 0.7555673122 -0.2876886129 0.5954191089 -0.4794122279 -1.4715311527 0.3215554655 -0.2294543833 -1.1855313778 -0.5193911195 0.9146596789 -0.8750146627 0.4921954274 -0.1159710363 -0.2331580073 -0.1344495267 0.1165845096 -0.7111032605 0.8708967566 -0.1317047924 0.6193211079 -0.8108973503 -1.2279260159 -0.7310121059 0.1073394194 0.6476227045 0.2490702868 -0.0225585103 0.2711170018 -0.1578059494 0.5235373974 -0.4921754301 0.6383730173 -0.5325979590 0.1022826284 -0.1640836000 -0.0122786239 -0.3535802066 -1.1165283918 0.8544918299 0.7755450606 -0.4738876522 -0.0573712476 0.1644405872 0.1594296396 0.7527647614 -0.3850333393 0.1885951906 -0.0010652468 0.2831427157 0.7358564138 -0.3035268188 0.8437721133 -0.1431544125 0.8209362626 0.2317764461
-0.5678396821 -0.5521318316 0.5099020004 -1.1536006927 -0.7526897192 0.2214492261 -0.1140954718 0.3130947649 0.2060479671 -0.1847643703 -0.4867863953 -0.7875739932 -0.2959803641 -1.1350783110 0.5574452281 -1.2737466097 -0.5227192044 0.1687493026 0.6813238859 0.3676899970 -1.7421340942 0.0542239100 0.2586964369 -0.0277182478 -0.3747881055 0.6626824737 -0.2119561583 -0.5707672834 0.9437527657 0.2004356235 0.3305258155 0.1267713457 -0.2046215087 -0.5240288973 0.2763971686 0.1565828621 0.0631929040 0.9145401120 -0.4706644416 0.4572812617 -0.1348846704 -0.0171348825 -1.6469237804 -0.4945309758 -0.2653288841 0.3168607652 -0.1819035858 -0.4951832294 -0.5860039592 -0.9435488582 -0.0377092957 0.1766003519 -0.4848598242 0.2610178292 -1.2192385197 0.2084540576 1.1940883398 0.4334842265 -0.6542652845 -0.0140473861 -0.2516599298 -0.9475685358 0.1433468014 -0.0625744164 -0.2290575504 -0.2082067728 -0.5893326998 0.3983090520 0.2670179904 -0.0915078670 -0.8303143978 -0.0237956122 -0.3685673177 -0.8508557081 -1.2312216759 0.1206614375 0.1257837862 -0.1839288324 -0.0403584614 0.2063436061 -0.0076276278 -0.1254596412 -0.0339116454 0.0100691542 -0.0365099385 -0.0489668585 0.2052223086 0.0159118008 -0.3342933655 -1.2394798994 -0.0724593475 0.5284847021 0.0522620156 0.5769915581 -0.5476949811 -0.0806393921 -1.1416301727 0.5001356602 -0.0315478668 -0.3327431679 -0.3639682829 0.3184383512 0.1132310256 0.3355846107 0.4494608045 -0.0855602995 0.4383525252 0.1253958046 -1.3289977312 -1.3315794468 0.0166639090 0.4387142360 0.4124474823 0.9895923138 -0.4670209587 1.0774629116 0.2635377645 -0.4103515148 0.0083672563 0.0876951516 -0.4309291542 -1.3742232323 0.3145304620 0.3120457232 -0.0966188014 -0.2951601744 -0.1104022488 -0.4685124159 -1.1662536860 0.1225086302 0.0908485949 -0.1277483553 0.0807444528 -0.7885179520 0.0370920487 -0.1040885672 0.0362447798 -0.2541944385 -0.4115678072 -0.0050920122 0.0032944456 0.4265646338 0.2397503555 -1.1811195612 0.0310423598 -0.1614223272 -0.0788584501 -0.2659206092 0.1847776175 -0.1880210489 -0.3805139065 -0.0779606551 -0.9148654938 -0.4024890065 0.3486742675 0.1203636453 -0.0250551775 -0.4366782010 0.1226292923 -0.7495210767 0.1911549866 0.0401760824 0.9249900579 -1.0487432480 -0.1384795010 -0.1657919139 -0.0000225955 -0.3500904441 -0.0283948500 -0.6115292907 -0.2789652646 0.4303666353 -0.0369725153 0.2086374164 1.3229627609 0.0023474097 0.0981462970 -0.0513576306 -0.0448218621 -0.5061066747 -0.1936262995 -0.1681715846 -0.7938384414 -0.1296303719 -1.4611309767 -0.5437543988 0.7462027073 0.1551330835 -0.3349360824 0.1229864731 -3.2693951130 -1.7388029099 -0.1153001487 -0.2788727582 -0.6658436656 0.0707838312 -0.0903866589 -0.6382893920 -0.1055037454 0.0485832542 0.2682467103 0.4187491238 0.1821625382 0.7480965853 0.2789596915 0.0542638265 0.4953849316 -0.1252058446 -0.3175769448 0.1637000740 -0.4752551317 -0.2977013886 -0.3511623144 0.0920405611 -1.0631743670 -0.3336406052 0.0324756876 -0.2996980250 0.0243922677 -0.1870196015 0.9095781446 -0.6560316682 -0.3747144938 -0.5946297050 -1.3324166536 -0.0733888447 0.2360666543 0.0035051554 -0.2818195820 -0.0405089669 -1.7518424988 0.1406631321 -1.9573384523 0.4229095280 0.2925077975 -0.1167716309 -0.0527514517 -0.0622911826 1.2578408718 0.3508344889 0.3394082487 0.6987586617 -0.1568889171 0.7776618004 -0.1175976545 -0.2113974839 -0.0005146443 -0.1579963267 0.0296232179 0.0007332541 0.2218213528 -0.5839081407 0.3569363654 0.7349350452 -0.0662884712 0.4764431119
-0.1689075828 -0.0296321549 0.0013068691 -0.1380606741 -0.2036716193 -0.0170144532 -0.1073552370 0.0463073812 0.0268701427 -0.7858914733 -0.4258831739 -0.0405285582 -0.2694461346 0.1121876985 -0.6389248967 -0.2346289009 0.0473354235 -0.0453087687 -0.4130238891 0.0075920504 -0.0117930109 0.0400032215 -0.0795385167 -0.0325885862 -0.0560163520 -0.2061911672 -0.1758175939 0.0373992026 -0.0677696466 0.0397742912 0.0402405113 -0.0773814097 -0.0476108231 -0.0765140504 -0.0942674726 0.0122293010 -0.1252867728 0.0651052892 -0.0312159155 -0.0784678981 -0.1136502847 -0.0069997013 -0.1879853904 -0.0766609386 -0.3070434928 0.0235964358 -0.0447889194 -0.0080928421 -0.2701803744 0.0172413047 -0.0310685635 0.0526623316 -0.0144900680 -0.0844124630 -0.1373984814 0.0156747773 -0.0394850150 0.0549507141 0.1173256785 -0.1587278843 -0.3200310171 -0.0916927755 -0.0151473032 -0.0292911120 0.1633048207 -0.1370231956 -0.1344043314 -0.1552158445 -0.0370541289 -0.0429604650 -0.3672090471 0.0470561087 -0.0673621148 -0.0130406516 -0.0438033901 0.1151057407 0.0100689419 -0.0044452380 -0.1914859861 -0.1463146955 -0.4249601066 -0.0454104729 0.0234035701 0.0294203088 0.0443517789 -0.0439192876 -0.5286238194 0.0221736133 0.0106563438 -0.1619116515 -0.2863329351 -0.0107155954 0.0500142127 -0.0454714336 0.0378975719 -0.1512876153 -0.0325618275 -0.2404605150 0.0387447998 -0.0142652681 -0.2820606530 -0.0655302405 0.0976458713 -0.0438585952 -0.2813125551 -0.0681653470 -0.2745762169 -0.2651853263 -0.6394445896 -0.1786268502 -0.1312108636 -0.1090197787 0.0409170724 0.0480875820 -0.2407662570 -0.1839352548 -0.3387361467 -0.0414713696 0.0979476795 0.0212197676 0.0208075494 -0.0622765049 -0.0666974783 -0.2660796642 -0.1136874333 -0.1469497234 -0.0444054417 -0.0984692574 -0.0260493420 0.0214348882 -0.4433360100 -0.2703030407 0.0021401197 0.1224966645 -0.2321380377 -0.0932134390 -0.0595497638 -0.3977488875 0.0197916776 0.0523536205 0.0020261556 -0.4160173535 -0.6108377576 -0.3684599400 0.0221680067 -0.0428815149 -0.1789265126 -0.0205482300 -0.0685138255 -0.0393406451 -0.2884417772 -0.0476293191 -0.0816951767 -0.0288309902 -0.0021292518 -0.0166872442 -0.0473840386 0.0357686616 -0.0153823961 -0.1249541119 -0.0044517783 -0.3360862732 -0.3407157660 0.0130761825 -0.0118901776 -0.0027578026 -0.0308746472 -0.0050289705 -0.0471445918 0.0140682114 -0.0039547500 -0.0416673869 0.0372117534 -0.0992396250 0.0002482373 0.0455997363 -0.3482859731 -0.2301098108 -0.0298201740 -0.0416200720 0.0288216677 0.0659216344 0.2376990914 -0.1990034133 -0.4151120782 -0.1207951158 -0.0116205942 -0.0167322773 -0.0495428294 -0.0090137981 -0.0593702607 -0.1351549923 -0.2203257382 -0.0233746804 -0.0459122434 -0.0921837613 -0.0718391612 -0.0369972475 0.0072975629 -0.0442528874 -0.1314940900 0.0592753664 -0.0896046758 -0.0872315243 -0.2682216465 0.0468003899 -0.2071058899 0.0136233568 -0.0274274498 0.1444947273 -0.1085942611 0.1533822864 0.1032657847 0.0363159627 -0.0525406860 0.0237138420 -0.0612500757 -0.0171853080 0.0261606798 -0.0752180740 0.0597982928 -0.0502917506 0.0519752055 0.2253528982 0.0345154107 0.3014575541 0.0111607090 0.0471413955 -0.1043717489 -0.0311713293 -0.2650257349 0.0542177856 -0.1902924478 0.0781090036 0.0958045200 0.0623300150 0.0097391084 0.0608327165 -0.4110825956 0.2663106918 -0.2208617330 0.0599219054 0.0017779768 -0.1367845386 -0.0113825398 0.5411831141 0.0052804053 0.0705982372 -0.0296284035 0.3465403914 -0.0682742447 0.0641819537 -0.1087640002 0.0331082419 -0.1753478944 0.0453964248
-0.0743780732 0.1246248707 -0.0405648276 0.2451785207 -1.0739243031 -0.1198319644 -0.0450944789 -1.3918883801 -0.2217691541 -0.9133721590 -0.5023183227 0.3994978666 0.1202996597 -0.1106660292 -0.7400038242 0.0968504623 -1.2285716534 0.0369579643 0.7274599671 -0.6872174740 -0.2408826500 -0.5467455387 0.2158952951 -0.0004785359 -0.2597478628 0.5401940942 -1.4850753546 0.3291360736 0.1333085895 0.0042356998 -1.2359540462 0.2463138849 0.0196849555 -0.2222120613 -0.5208528042 -0.0191906765 0.1497933567 -0.1978818625 0.2842366695 -0.7678897381 -0.0042212112 -0.0054748803 -2.4545354843 -0.4468252957 -0.1409821510 -0.6292381883 -0.6105256081 0.2963564396 -0.5047969818 -0.4846172333 -0.0307365954 0.2752597928 -0.0022413805 -0.1868624091 0.4312738478 -0.0052475333 0.4718812406 0.0609332025 -0.6949585676 0.2925727963 -0.0756472424 -1.6932184696 0.0041961297 -0.0182645451 -1.0589042902 -0.2629266381 0.4257182479 0.0220688861 0.0118282959 -0.0020348132 0.2451217175 -0.0398765579 -0.3671413362 -0.1090345308 -0.1156475618 -1.5982056856 0.0224966798 0.1845679432 -0.8579690456 -0.5225090384 0.7226690650 -1.0577534437 0.0267984122 -0.0030408949 -0.3109212518 -0.0528624728 -0.2665807903 -0.0498979613 0.2126351744 -0.3472681940 0.4785096943 -0.1826023459 -0.3850348592 -0.0802214667 0.0200449526 -0.4106115103 -0.6349341273 0.8290793300 -0.0536432341 0.0652839467 0.5488412976 0.1699507833 -1.5985106230 -0.6908825040 -0.0792843774 0.0017800257 0.0618365407 0.1089326069 0.1130587459 0.4406822324 -0.5874744058 -0.3849401176 -0.0890099108 -0.8516346216 0.0082322657 0.1866820157 -0.8123242259 -0.5515071750 -0.8194171786 0.0551812798 -0.6063110828 -0.1978515983 0.5704702735 -0.0234706402 -0.2037003338 0.0345937647 -0.3948749006 -0.6027104855 0.4164629579 -0.0575135723 -0.1349586248 0.1684443504 0.0379746407 -0.1361963898 -0.0714977086 0.1283717304 0.0132825151 -0.3038721681 0.1013043448 -0.0436700433 0.0322531462 -0.7457388043 0.0519420989 0.7142224908 -0.0643060207 -1.1224075556 -0.0728236586 0.4620948732 -0.9223980904 -0.1154576838 0.4011451602 -0.0326565504 -0.2581860721 -0.8694936037 -0.2966047227 -0.4873966575 0.2994246781 -0.6701866388 -0.4848521650 -0.4116485417 -0.1249261424 -0.0496245474 0.3894066513 0.0145020392 -1.5266349316 -0.0305244699 0.1611513793 -0.0470220633 -0.0321144462 0.8562584519 -0.4455102086 -0.0241248980 -0.0372033715 -0.6402005553 -1.0120006800 0.0095018372 -0.0358098894 0.9797298908 0.0482903644 0.3424161375 -0.3674939573 -0.5320589542 -0.1713608652 0.2011294663 -1.7114648819 -0.6531016231 0.0233052168 -0.2711926401 -0.3148922324 -0.1849779040 0.0628355742 -0.4646994472 0.2117449492 -0.7100077271 1.0243772268 -0.7079762816 -0.4154635072 -0.2779704928 -0.0700739846 -0.0015324876 -0.1351330131 0.3494077325 0.4926080704 -0.5421953797 -1.2427999973 -0.0600561723 -1.0129883289 0.0304211080 -0.0439185128 -0.2394923270 -0.3378281593 0.2108510137 0.0701959059 0.0705608055 0.3053429127 0.0359879360 -0.0681028739 -0.3222011924 -0.0023211350 -1.3211987019 0.0688363016 -0.5144611597 -0.1831570566 -0.1634901464 -0.5840340257 -0.5209003091 0.0090045184 0.0039971024 -0.2802643478 0.0414411947 -1.2171595097 -0.0831647739 -0.2922512889 -0.0686470941 -0.1172069684 0.0387732834 0.0595080703 -0.1137122959 1.2564767599 0.2430425286 -0.5117233396 -0.7500483990 -0.0295881703 -0.5942932963 -0.3320923746 -0.8241237402 -0.0137758479 -0.4548375309 0.0260521621 -0.5682057738 0.0206262115 -0.8037428260 -0.6402583718 0.0177924410 -0.8412371278 -0.2108872980
-0.0012355981 -0.3290992081 0.1719831526 -0.2334576100 -0.1316282600 -0.5210830569 -0.5810041428 -0.6580820084 -0.0280069765 -0.5213230848 0.6396505237 0.5741217732 0.4085610807 -1.4215122461 -0.1739280671 -0.5645202398 -0.3913567364 0.4759087265 -1.3885077238 0.5474786758 -0.0717020705 0.9653672576 0.0196106657 -0.0406569876 -0.8604255915 -0.3145371377 -0.0238809027 -0.0455215015 -1.1223809719 -0.1011952534 0.2645967603 -0.0584618971 -0.0892333612 -0.0420229509 -0.1717608571 0.3427788615 -0.1965241283 0.0571774542 -0.0751342624 -1.1589859724 0.2061017752 -0.0402102135 0.5927483439 0.2843540907 0.3031018376 -0.0181450937 0.1529163271 -0.1872537881 0.5781060457 -0.8873350024 0.1810061932 0.7184115052 -0.0439111330 -0.4920615554 0.0981340259 0.2822575569 -0.2317675054 -0.1112709492 -0.6925077438 -0.1632858366 -0.1160511896 -0.3727356493 0.0091352966 -0.0256271064 -0.0237685349 0.0928857550 -0.3450428247 0.0554695912 -2.3189251423 0.0563530028 0.3775119781 0.0313540623 -2.1965212822 -1.2612071037 -0.2930012345 -0.2048979104 0.2298507839 0.2030715346 0.0154738594 -1.9742155075 -0.3381306827 -0.0668944716 -0.0034126937 -0.0319650546 -1.0519658327 0.1172065437 -0.3719490469 0.2149214298 -0.5048108101 0.1385284215 -0.0329187103 -0.4260403812 0.1812582016 -0.9304730296 0.4547829628 0.0815853402 -0.2943665385 0.0919634029 0.0087452456 -0.0383164659 0.3770198226 -0.6942594647 -0.1030372158 0.0088050617 0.0242105369 0.1455198973 0.5152581930 -0.3432591558 -0.1432368308 -0.0573153794 -0.6258247495 0.3971861005 -0.2088503093 -0.6314985752 0.0618622750 0.8921976686 -0.2965220511 -0.6276082397 0.0711192116 -1.8510091305 -0.3810476661 0.0676068142 -1.5135033131 0.2336892635 0.2493933737 -0.5142427087 -0.0047203992 0.0828812122 0.1580195725 0.2986923754 -0.1210561842 -1.7034047842 0.2993616760 0.1162601635 0.2094877958 0.5710979104 0.0160785541 -0.3564726412 -0.2467233092 -0.0466975644 -0.0599887148 -0.0661843717 -0.6595565677 -0.0489803180 0.2293526977 1.6540809870 -0.7767742872 -0.1229007691 -0.1013221368 -0.3708719909 0.0108717103 0.1154669821 -0.0200353526 0.5492280126 -0.1752382666 -1.9439095259 -0.3068885803 0.2053310573 -0.3430339694 -0.6291137934 0.3855009675 0.2786971927 0.5862928033 -0.1585099697 -0.2076371908 0.5395714045 0.3301954269 0.5407961011 -0.0590480864 -1.2478024960 -0.2806676328 0.1213616133 -0.0552604645 -0.7552385330 0.4659023285 0.0410063118 -1.2834862471 -1.1827971935 0.2572197914 -0.4474091828 -0.4924853742 -0.1911008954 -0.2157274187 0.2385350317 0.0377340987 0.0221458245 -0.7209734917 0.1264472008 0.6252598166 0.4080519676 -0.8913860321 0.0144679621 0.3610391617 -0.0144261522 -0.1627037674 0.1412515789 -0.6929373145 -0.1767157614 -0.2183904648 0.0376731828 -0.4360858202 1.5399521589 -0.1980102807 0.0151691604 0.1844875216 -0.8226281404 -0.0535670109 -0.4874633253 -0.1553468406 -0.4863010645 -0.1168502644 -0.5154096484 -0.1321888268 -0.0620410852 -0.1628282070 -0.0234791599 0.7145765424 -0.0485914797 -0.2286209315 0.2723504305 -1.0922591686 0.3961127102 0.8062664866 -0.1293599457 1.0335583687 -0.2146200985 0.5391921401 0.0566614494 1.1416940689 0.4472418725 0.1480628848 -0.0781283230 -0.3895549774 -0.1155161858 0.7954946160 0.0453889109 -0.0522641465 -1.1833602190 -0.0278965700 -0.0990567580 -0.7284723520 -1.5682516098 0.1047048792 -0.0284096058 0.0995579511 -0.0899060965 0.1916256249 -0.6899503469 -0.0320867598 -1.9162954092 -0.0760262907 0.5860128999 1.1048288345 -0.8804364204 0.0682121292 -1.5101326704
-0.0374358036 0.0017615779 0.0359002724 -0.0529737025 0.0083134128 0.0400613882 0.0315944552 0.0180288795 0.0199750848 -0.0483252294 -0.0391470566 0.0483981669 0.0199545249 0.0515876710 -0.0408021025 0.0434588492 0.0207130890 -0.0063138977 -0.0493647642 -0.0757842660 -0.0426831022 -0.0646114945 -0.0601934120 -0.0191676393 0.0154021084 0.0165885370 -0.0092984047 -0.0541314408 0.0291026216 -0.0533241332 -0.0525315180 -0.0105039310 -0.0081900861 -0.0548796915 0.0216500815 0.0476018563 -0.0048956382 0.0102074910 -0.0347082913 0.0480386354 0.0004861633 -0.0179128870 0.0378396474 -0.0456588715 -0.0282130186 -0.0137540530 -0.0628663301 0.0300779566 -0.0189338848 -0.0454996973 -0.0574466437 0.0364309438 0.0592387691 -0.0659310743 0.0473768786 -0.0416367427 0.0156092299 -0.0183880925 -0.0303410627 -0.0652050823 -0.0507374220 -0.0496320836 -0.0459221527 -0.0487243682 0.0320511833 -0.0149810212 0.0035200492 -0.0706019104 -0.0494607762 -0.0421181768 -0.0643804297 -0.0218991116 0.0153255537 0.0300920531 0.0383775532 -0.0207122620 0.0051533892 -0.0569716282 0.0448714271 0.0177422985 -0.0469036289 -0.0489612445 0.0038850754 -0.0581908450 -0.0241111070 0.0363951996 -0.0666352957 0.0125282332 0.0189346746 -0.0281402022 -0.0461425483 -0.0066835880 -0.0567036346 0.0225077774 0.0216544643 -0.0726075470 -0.0548952520 -0.0548430011 0.0095041096 -0.0106602237 -0.0206188112 0.0097103342 -0.0430589616 -0.0482808203 -0.0518640280 -0.0270495024 -0.0011346489 0.0474531502 -0.0520348996 0.0334455967 -0.0594318323 0.0036755952 0.0052556801 -0.0020780489 -0.0130777955 0.0209754240 -0.0188048575 -0.0135839367 0.0411049053 -0.0431084931 -0.0545822792 -0.0456017740 -0.0338986665 0.0217059962 0.0243044943 0.0148494123 0.0252418760 0.0054013301 0.0066732615 0.0073823929 -0.0157199111 -0.0442465581 0.0586828887 0.0199294295 0.0400131121 0.0293346848 -0.0065710843 -0.0292789098 -0.0009910762 -0.0297243521 -0.0140389428 0.0136477025 -0.0743859857 -0.0599926561 -0.0454263203 -0.0351225212 -0.0095830858 0.0148778036 -0.0696277767 -0.0326214544 -0.0270136781 -0.0327645168 -0.0313612148 -0.0729568973 -0.0471879952 0.0314248800 0.0090160491 -0.0011105388 0.0252774097 -0.0247053131 -0.0317633301 -0.0582707971 -0.0276624039 0.0509029552 -0.0095463842 -0.0046913847 -0.0272307005 -0.0147112161 -0.0338324606 -0.0284496844 0.0425582603 0.0098273307 -0.0604913756 -0.0051006265 0.0162351951 -0.0129477456 -0.0704048872 -0.0071073133 -0.0440163165 0.0552846864 0.0168200377 0.0106053483 0.0325294398 0.0009759318 -0.0749921873 -0.0151990354 -0.0115932869 -0.0446311794 0.0224529821 -0.0284116007 0.0033683763 -0.0147481486 0.0451820865 -0.0297287665 -0.0172450542 0.0204146691 -0.0343497954 -0.0273198709 0.0088237012 0.0152025223 0.0083647408 0.0311329737 0.0375489257 0.0423395634 0.0025545938 0.0066541210 -0.0506497025 0.0510240719 -0.0533869863 -0.0030118451 0.0039976947 -0.0022812432 0.0479180738 -0.0035655203 0.0173867512 -0.0025375709 0.0066144243 0.0187219474 0.0568723977 -0.0594352745 -0.0071292762 0.0420300327 0.0251730755 -0.0586836934 0.0270308554 0.0362148322 0.0580815971 0.0094313323 -0.0597257912 -0.0332601815 -0.0511087738 -0.0514011160 -0.0191278420 -0.0424302332 0.0128929242 -0.0308234915 0.0247067660 -0.0116286650 -0.0611708835 0.0563875362 0.0559611470 0.0096037388 0.0338862836 -0.0733668730 -0.0126324818 0.0250121523 0.0143852308 0.0289027244 0.0199660733 0.0382123664 -0.0438035056 0.0409874544 -0.0337894633 0.0183811709 0.0140052726 0.0530760363
-0.0527495295 -0.0129061714 0.0173178315 0.0243598837 -0.0447388478 -0.0495700315 -0.0635789037 0.0316989273 0.0083443373 0.0202890951 0.0395199582 0.0016511559 -0.0370324142 0.0270410143 -0.0532462373 -0.0470654368 0.0227440894 -0.0411686823 -0.0601044893 0.0026883036 -0.0293172281 0.0157708395 -0.0630847290 -0.0495245531 0.0133831576 0.0313404314 0.0245300531 -0.0293497555 0.0006568953 -0.0107183084 -0.0526036695 -0.0565287247 -0.0252692811 -0.0061351471 -0.0489241406 0.0255670995 0.0075694569 -0.0634250268 0.0263112765 0.0427064449 0.0050236881 -0.0054624304 -0.0291686803 0.0366488658 0.0410442017 0.0143310903 -0.0272602458 0.0342799351 -0.0073701995 -0.0081101507 -0.0527561530 0.0202838182 -0.0505171791 -0.0233143419 0.0510578267 0.0204915926 0.0023683643 0.0290101394 -0.0245518312 -0.0205980614 0.0152435396 0.0364080220 -0.0121323764 -0.0522504747 -0.0507372394 0.0176443569 -0.0550272949 -0.0467353761 -0.0542469919 0.0010080487 -0.0424499996 -0.0592310727 -0.0487965718 -0.0714487806 0.0466022417 -0.0566200092 -0.0280115549 -0.0066311583 0.0393955931 0.0592422560 -0.0100138551 0.0149733378 0.0392044857 0.0134653822 -0.0187557042 -0.0495457202 -0.0289747640 0.0590321049 -0.0190011859 0.0457905345 -0.0303681325 -0.0332392715 -0.0330094583 0.0194879919 0.0062571019 -0.0472960845 -0.0170486476 -0.0689320937 -0.0593145415 0.0225167889 0.0491371229 -0.0170938671 0.0381288081 0.0450166650 0.0417772494 -0.0226216838 0.0455218963 0.0528938472 -0.0125245014 -0.0648832172 -0.0748359114 0.0414455980 -0.0527542681 0.0269622132 -0.0006341264 -0.0592643470 -0.0828887969 -0.0369472690 -0.0234266687 0.0220502689 -0.0525424406 -0.0298369527 0.0045311302 -0.0619371608 -0.0489986725 -0.0659764931 0.0190562829 -0.0542661808 -0.0391979329 -0.0295556560 -0.0346005186 0.0194709692 0.0186549276 0.0109769702 -0.0442008823 0.0125482529 -0.0138093308 -0.0433063097 -0.0134500051 0.0297544897 -0.0418101549 -0.0650040880 -0.0164484642 0.0016468785 -0.0362238362 -0.0685750395 0.0284766965 -0.0304169003 -0.0402118489 -0.0376430191 0.0123972017 0.0108544007 0.0296758339 -0.0632818714 0.0054607987 -0.0145907849 -0.0159229338 -0.0152052008 -0.0580461882 -0.0564081669 -0.0341742001 -0.0353266448 0.0019747545 -0.0118884910 0.0320760272 0.0458899364 0.0083003258 0.0604718104 -0.0417549163 -0.0589485019 0.0198211316 -0.0062279999 0.0265457034 -0.0110132098 -0.0584978648 0.0130420774 0.0116356136 0.0261980109 -0.0494239628 -0.0294291750 -0.0664648563 0.0420231894 -0.0672497824 0.0168439467 -0.0201701857 0.0481554121 0.0065867752 0.0290680379 -0.0413722582 -0.0405375138 -0.0034100232 0.0231065676 -0.0567315742 0.0154919326 -0.0678846687 -0.0322725773 -0.0265581273 -0.0057451576 -0.0051365616 0.0205691978 -0.0026756749 -0.0597482808 -0.0211939756 -0.0128280064 -0.0088945748 0.0574453473 -0.0564840697 0.0077614784 0.0116349384 -0.0049563334 -0.0452995151 -0.0222695321 -0.0231924504 0.0017847057 -0.0451223031 -0.0103501081 0.0151787773 -0.0574248880 -0.0126761571 0.0071570128 -0.0224673394 -0.0508753918 -0.0647255927 -0.0093406290 -0.0167078748 0.0187673569 0.0513554066 -0.0578668341 0.0100584701 -0.0169441625 0.0425909609 0.0534499995 0.0269756224 -0.0505338535 -0.0221750122 0.0580249280 0.0596776903 -0.0528958552 0.0086566433 0.0478705727 0.0353507809 0.0187406391 -0.0361913741 -0.0073804334 -0.0032982640 -0.0503257141 -0.0019790530 0.0299130306 0.0541350320 0.0142952651 -0.0396293327 0.0431408472 -0.0800595060 0.0004068166 -0.0341937281 -0.0250870008
-0.8449813128 -1.2421084642 0.7593375444 -0.1302846372 -1.2410068512 -0.3535702825 -0.2043645382 -0.0777953640 0.5775462389 -0.6711332202 -0.1929482967 0.5037814975 -1.2695598602 -0.8435858488 -0.2411192805 0.0249265432 -1.2287822962 0.6807486415 -1.7576904297 -0.1554258317 -1.3144617081 0.1355636865 0.0505604632 0.0074966848 -0.1561305672 -0.5047293901 -0.4243008494 -0.2200025618 -1.6179457903 0.5939016342 -0.4579388797 -1.0648339987 -1.8777416945 -0.8958612680 -0.5279542804 -0.3795740604 -1.8205056190 -0.7203425169 -0.7732855678 0.0580689013 -2.5317347050 -0.0484002382 -1.5605679750 0.0344896205 -0.5059917569 -0.1525147408 -0.3287084699 -0.3477444947 1.0047481060 0.6641045809 -0.0497219749 0.6867735982 -0.7142710090 -0.0921618044 0.1061596200 -0.1226634756 -0.4728140533 -0.1720112711 -0.0000594418 -0.5208521485 0.4913574457 -1.7412272692 -0.2238059044 -0.0122826993 -0.2790445089 0.1113904566 0.2982622683 -0.6674837470 0.3394895196 -0.1523693353 -0.4151730835 -0.0562516302 -0.5055186152 0.6691622138 0.3085854650 -0.0274812449 0.5899239779 -1.2185354233 -0.8962563872 -0.2809656262 0.4099227786 -1.2057580948 0.0343073010 0.0145179480 -0.8234230876 0.5027030706 0.3311308324 0.7879899144 -0.6444613934 0.7239432335 0.3871350884 -1.5778943300 -0.3445983529 -0.1658251584 0.0274531543 0.7752031684 -0.4498762190 0.0085700341 0.0332544222 -0.0347937606 -1.7618199587 0.5889085531 0.0522864945 0.0680122003 0.0393368304 -0.1989619881 -0.2760544121 0.0194717366 0.5777677298 0.2076733857 -1.3156768084 -0.8631671071 -1.0476931334 0.1498331577 -0.2623511553 0.2003478557 -1.5286855698 -1.3537383080 0.1512959301 -0.6797023416 -0.7479425073 0.1614896059 -1.9609760046 0.9985580444 0.6597186327 -0.8042842150 -2.0368700027 -1.0025184155 0.0783703625 -1.1584132910 -0.5618045330 -0.1682730764 0.3063087761 0.5945117474 0.0702441260 -0.0095099183 0.0293880776 -1.0091753006 0.2690023184 0.0568203405 0.0265398249 -0.0745730549 -0.2443688065 1.0515378714 -0.7850174904 -0.4247555435 -0.6320200562 -1.5937858820 -0.7022991180 -2.0536012650 0.8327572942 0.5399300456 0.3106245100 -0.4285266697 0.7428352833 -0.6935704350 -0.0493515097 -0.6787562966 1.6390640736 -0.4730041921 -0.2070232779 -0.0108448276 -1.5012451410 0.0116639519 -0.5224002004 -1.3067616224 -0.5311331153 -0.0037524926 -0.9397867918 -1.4181108475 0.1999542862 0.3340615928 0.0435457602 0.1710583121 -1.0785537958 0.0251777768 -0.3575428724 -0.6874614954 -0.5843433738 -0.5124256611 -1.7611409426 -1.7012295723 -0.8485663533 -1.1330839396 -1.7756929398 0.2853824496 -2.0219457150 -0.1550101489 0.3480082154 -0.6262952685 -0.0710347742 0.5842344165 -0.5201675892 -0.9119699001 -0.1805449724 1.1531591415 0.0722685307 -0.9069262743 -0.2057577670 -0.0203512460 -0.4014947712 -2.4115314484 -2.4191274643 -1.9995169640 -1.3768857718 -1.7669769526 -0.7206179500 -0.2909181714 -0.8216944933 -0.2557950914 0.0050242525 -0.9379926920 0.7671475410 0.0384937637 -0.3708038032 0.1331685334 -0.4212728441 -1.3068583012 0.4999117553 -0.1066967547 0.7839763165 0.2374032438 0.1324739903 0.1864864826 0.0413475595 -0.1573114395 0.0418280214 -0.0517883226 0.4188158512 -0.0778899118 -1.7162648439 0.5078278780 0.3904565573 -1.0323982239 0.0298900567 0.0198600292 0.0018381029 -1.4199143648 -0.0676868856 -0.1713857800 0.5293768644 -1.0928829908 -0.1087112650 -0.0775289983 -1.0829801559 -0.3714291751 0.0754146948 0.2549998760 0.0223316103 -0.6788542867 -0.3159098923 -0.2683186233 0.3125623763 -0.4586216509 -1.1769044399 -0.0571822599
-0.1122853532 -0.2539379597 0.2195851803 0.7172316313 -1.0258136988 -0.0571228005 -1.8833341599 -1.7176781893 0.1855674833 0.8518590927 0.2499263436 -0.6188532114 -0.4311162829 -0.0498432927 -0.1137503684 -1.1103626490 -1.2747501135 0.3216523826 -0.1801080853 0.0843906701 -0.0561610833 0.0823580697 0.1375864446 0.0105368122 -1.1820015907 0.4029039741 0.0309759751 -0.5800690055 -0.5894393921 -0.5914997458 -0.8341751695 0.1340020001 -1.0810056925 -0.1632614434 0.6720780134 0.4483658671 -0.6949147582 1.1687760353 -0.1734282374 0.3608975410 -0.7911567092 -0.0227690283 -1.3815547228 -2.3160336018 0.1486857980 -0.6530368924 0.4919948578 -0.3378759921 -2.1236495972 1.3939721584 0.8468694091 -0.5119025707 -0.1554432958 0.2862659097 -0.3213055730 0.6545315385 0.4803609550 -0.0209496599 -0.3366926014 0.1955089420 -0.0280850716 1.0681650639 -0.5509174466 0.0292837173 -0.2652131617 -0.1460354030 -0.3371854722 -0.5906732678 0.6689943075 0.0302339215 -0.7210752964 0.0587370917 -0.0921317935 -0.4680198729 -1.2099914551 -0.0952103585 -0.4840323329 -0.3908168972 0.5969404578 -0.0485184081 -0.8075041175 0.8818723559 0.0249109864 0.0326107368 -0.9359467626 0.3003503978 0.2749246955 0.0328028835 -0.8824569583 -0.4680079520 0.0412338078 0.1404157281 0.0447554253 -0.7871217728 -0.0451777615 0.1265483946 -0.9038833976 -0.1683397591 0.0513602197 0.0256367773 0.0817128122 0.3875088394 -0.0926210582 -0.6277896762 -0.6309975982 -0.1984878182 -0.7574723363 0.5101702213 0.6524243951 -0.7431721091 -0.3183929920 0.0730912238 -0.3540502489 -0.5582574010 -1.2966614962 0.3908911347 -0.4380943477 -0.7336259484 0.2264165431 0.8575240970 -0.5516827703 -0.4836513400 0.3537631333 0.2531200349 -0.1300942749 -0.0075103142 -1.1655136347 0.1774913967 0.4229633510 0.6405082345 1.3028472662 -0.7019962072 -0.1316385418 -0.0057858964 -0.4309303164 0.7444362044 0.0353573710 0.0264104772 0.4508335888 -0.0400109813 -0.0241080448 0.1487388909 0.9644121528 -0.5261908174 -1.0435315371 -0.8575760722 0.6623250246 -0.0495997444 -1.2252162695 -0.7226998806 -1.2522858381 -0.0357095674 -0.3732497692 0.3363730907 -0.7119638920 -1.2377407551 0.3749000430 -0.3551321626 -1.3447356224 0.3990220129 0.7884189487 -0.0030354508 0.0017333680 -0.2465662509 -0.5908949375 -0.1297630370 0.2724935710 0.0839940906 -0.4190397859 0.1118150130 -0.7625310421 -0.2970660925 0.0541364178 -1.2794624567 0.2388117611 -0.0623084828 0.3049785495 -0.1102589965 0.0803333819 -0.4165926874 -1.1398715973 0.1065813899 -0.3125444353 -0.3624141812 -0.8905761838 -0.0401830524 -0.3903429210 -0.2781865001 -1.8829833269 0.5563215613 -0.3384331167 0.3163490891 -0.1275944412 0.2649670541 0.4307355285 -0.7539559603 -1.3652244806 -0.1671986729 0.4264883101 0.0363915637 -1.7001020908 0.7160747051 -0.1004359946 0.0890984163 0.0653983355 -0.5811605453 -0.7531214952 -0.2370031625 0.3246676624 1.6599078178 -0.5488820076 0.0065377192 0.0313213058 0.0229978859 -0.1587534249 -0.4879002273 0.0316845253 -0.0137993349 0.4186844826 0.0225412976 0.0504331775 -0.4134297669 -0.8102552295 -0.0328435265 0.4098532200 -0.4805415869 0.1765439361 -0.0248007476 0.2504891753 -0.0929777548 -0.6929721236 -3.2834284306 -1.3467993736 -0.1021213979 -0.0320527367 -0.4942002892 0.0137702376 -0.1648580879 -0.1074429229 -0.3403927982 -0.2177694589 0.4620212317 -0.1988430917 -0.1840338111 -0.1513909549 -0.4705675840 0.3628606796 0.3179951906 -0.0399389490 0.0974019021 0.4567096531 -0.1468598992 0.3533054888 0.6668559909 0.3069571853 -0.1971794963
0.0054393406 0.0232734438 0.0317939967 -0.0737331733 -0.0707505569 0.0160486512 -0.0096164970 -0.0644035861 -0.0356675945 -0.1044853777 -0.0267315228 -0.0601015016 -0.0345145762 -0.0371079966 -0.1046643779 -0.0890014172 -0.0657735318 0.0275673121 0.0083925920 -0.0693967938 -0.0358181112 0.0360014848 -0.0083199609 -0.0166203901 -0.0203131288 0.0420096703 0.0282224361 -0.0280960426 -0.0468607768 -0.0273482203 -0.0885146335 -0.0293430109 -0.0350673944 -0.0312132388 0.0113936169 0.0492565334 0.0218346883 0.0089552458 -0.0048472690 -0.0323529989 -0.0331991389 0.0389222875 -0.0258841179 -0.0542319641 -0.0284166671 -0.0437063351 -0.0659762770 -0.0598279089 -0.0127911512 -0.0618828200 -0.0114389881 -0.0231724512 0.0505572855 0.0262041260 -0.0805466473 0.0327607840 0.0056281933 -0.0356140807 0.0291093346 0.0088711819 -0.0375032648 -0.0854359865 0.0103925951 0.0063548251 -0.0748351812 -0.0729941949 -0.0374110527 0.0193824563 -0.0344934314 0.0317844748 0.0260687061 -0.0216606036 -0.0633252040 -0.0337442458 -0.0290858839 0.0101163825 -0.0412460268 -0.0142506799 0.0106524462 0.0094163008 -0.1040594280 -0.0129934074 -0.0321466103 0.0218718946 0.0026260871 -0.0008936077 0.0308513921 -0.0309414342 -0.1016873121 0.0196608100 0.0280948784 0.0398583673 -0.0684524849 -0.0799917281 0.0593501776 0.0285076965 -0.0302163064 -0.0246118996 0.0611784309 -0.0885919109 0.0286674313 -0.0575108491 -0.0525518395 -0.0226037987 -0.0720378160 -0.0151796965 -0.0752883106 -0.0329516344 0.0134631079 0.0276835319 -0.0153704518 0.0022816986 -0.0286282320 -0.0546040125 -0.0370644145 -0.0995473191 0.0171207562 -0.1053537875 -0.0819060057 0.0470236614 -0.0774440318 0.0192288402 -0.0536816791 -0.0852209777 -0.0440864302 0.0246989205 -0.0850843638 0.0377528444 0.0273685940 0.0444081947 0.0097400807 -0.0635160729 -0.0214740261 0.0295663625 0.0266026445 -0.0423177928 0.0503130779 -0.0445842482 0.0605229139 0.0383841693 0.0000500679 0.0059748269 -0.1160175800 0.0156568401 -0.0438051336 0.0039549335 0.0171209779 0.0150190452 -0.0414831974 -0.0645729825 -0.0655473918 0.0390733406 -0.0543602593 -0.0484314598 0.0271707568 -0.0415548198 0.0165733323 -0.0238417573 -0.0375568718 -0.0201101638 0.0220854655 -0.0545994043 -0.0102964370 -0.0705857649 -0.0868295506 -0.0363128409 0.0390919968 -0.0159609094 -0.0121428296 -0.0654839799 -0.0374065451 -0.0120190680 -0.0336790010 -0.0602356866 -0.0703551620 -0.0164720193 0.0389410406 -0.0399415828 -0.0491008684 0.0350881703 0.0279555097 -0.0620273352 -0.0753724873 -0.0857841223 -0.0432792865 -0.0114136655 0.0368123800 0.0254195537 -0.0119942417 -0.0660850480 -0.0107810497 -0.0639484301 -0.0130986711 0.0083461469 -0.0545805804 -0.1390977204 -0.0570621192 -0.0232445505 0.0113238804 0.0460042208 -0.0681644604 0.0177134946 -0.0191349331 0.0141977360 0.0262618605 0.0241154954 -0.0248949807 -0.0521764606 -0.0636636093 -0.0312672071 -0.0316388570 -0.0318432525 0.0207749307 -0.0575970151 -0.0129705127 0.0157313347 0.0115035474 -0.0522933938 -0.0100126043 0.0521256626 0.0245335978 0.0077373465 -0.0700612739 0.0465424247 0.0084168129 -0.0091909049 0.0275858417 0.0401462913 -0.0010953066 0.0226571709 0.0416138619 0.0361203291 -0.0218416881 -0.1017656624 -0.0016176825 0.0467357710 -0.0532363206 -0.0299651679 0.0081054438 -0.0681067482 -0.0150913848 -0.0445434414 -0.0481008142 -0.0205356535 0.0260765031 -0.0063289348 -0.0135552660 -0.0086655337 -0.0576716736 -0.0868338645 -0.0956259742 -0.0413420089 0.0120148659 -0.0582666993 0.0052675353 -0.0169111490
0.0306553990 -0.3877235651 -0.1076456904 0.0141068660 -0.0136852432 0.2387452722 -0.3007847667 -0.2133861333 0.0073985262 0.1034759656 0.0245674532 -0.7658869624 -0.2801052630 -0.1873855591 -0.0601952076 0.2566529512 -0.0924895927 -0.1603241265 0.2279814929 0.1644053608 -0.2005951256 0.1072551310 0.0785967335 0.0200874731 0.0563701689 -0.2385946363 0.0871767104 -0.1738058627 0.3034892380 0.1380761117 -0.1358066350 0.1308544278 -0.0271638595 -0.2147302628 -0.0387770645 0.3708195388 0.1737408787 0.0001488507 -0.0664011165 0.1787179857 -0.0511555783 0.0441162437 -0.3514935672 0.2481221259 0.1189980656 0.0990296900 -0.0285832360 -0.4511606693 -0.1924096793 -0.3674682975 0.3663032651 -0.5883135796 0.1126824543 0.0135776391 -0.6161321998 0.0445426144 0.0398164503 -0.2714829743 -0.3068071008 0.0000598153 -0.0944092348 0.0981337801 -0.2139733732 -0.0140867010 0.0044084243 -0.1196188778 0.1493858099 -0.0595433451 -0.7611728311 -0.1446660608 -0.5027871728 -0.0259790644 0.0949747488 0.0183686409 -0.6703991890 -0.1526135057 -0.4349882305 0.1452802420 -0.1598216742 0.0224363822 -0.1698838323 -0.0021885936 -0.0342705920 0.0184391811 0.0323913619 0.1220058873 -0.0661491454 0.3091151416 0.0082424460 -0.3062935174 -0.4612172246 0.1084442362 0.0968761444 0.1017840058 -1.0311644077 -0.0480578914 0.0586961545 -0.1008121818 -0.0415078998 -0.0559962317 0.0656913072 -0.1766969115 -0.1336888820 -0.9135763049 0.2470557094 0.1718762666 0.0703896061 0.3463899195 0.0496857427 -0.3283191621 -0.1628216058 -0.1024706289 0.1259536743 -0.2272098362 -0.0828244165 -0.1050281823 -0.7697297931 0.0815036148 0.1022132784 0.2641535103 -0.3724978268 0.4582669735 -0.6627421379 -0.2702361345 0.0784514323 0.2913479209 -0.0848006755 0.1168575659 0.2820905745 0.0767503977 0.0235688873 -0.2356538773 -0.0705587715 -0.0821463913 -0.2212077230 0.0510759391 0.0277389437 -0.0180837605 -0.0143528478 0.0518604144 -0.0447660759 -0.0701251030 0.0913466662 -0.1321635544 -0.3530719578 0.2239263356 -0.0414703712 0.0631979257 -0.7350138426 -0.1113969088 0.0255712960 0.2195766866 -0.3853293359 -0.2596343756 -0.2984449565 0.3011710346 -0.1256037503 -0.0321268737 0.2875033915 0.0571976937 0.1947309226 -0.2410783321 0.4176722467 -0.8382900357 -0.0927828923 -0.0432721972 0.0013094557 -0.2022673786 -0.1293408871 0.0489849746 0.1202213019 0.1481108218 -0.0481396243 -0.4626031816 0.1895610392 -0.0237921327 -0.0610007122 -0.5596131682 -0.0438458063 -0.3551404774 0.0945998803 -0.1389738023 -0.2680679560 -0.2114508450 -0.0420093946 -1.5933817625 -0.0034315477 -0.2145439386 -0.6751565337 -0.1221259311 -0.3860365450 -0.1779851764 0.1381707639 0.0501340851 0.0324372053 -0.4108049273 -0.0827117115 0.0407959819 -0.3088657558 -0.0047723427 0.0744318739 -0.3085570931 -0.1291901767 -0.0271022413 0.2128997594 0.1368772984 -0.1924867779 -0.0459426381 -0.1012986898 0.0950533003 0.1793042719 0.3758797348 0.0960186273 -0.0542542860 -0.4269915819 -0.6356797814 0.0147668896 -0.0176213067 0.3248890936 0.2879334390 0.0534404330 -0.1062313765 -0.1794234216 0.0187184643 0.1119492501 0.2172085196 -0.0479528680 0.0087589324 0.0463384576 -0.2496716082 0.0598624609 0.4436928928 -0.4068309069 0.1949557662 0.8001541495 0.2197296172 -0.0043616444 0.0414981134 0.0986182615 0.1527434886 -0.5950492620 0.2118660808 -0.1130742356 0.1224670559 0.4847239554 0.8720836639 -0.4970697761 0.2055121660 0.0213904306 0.3043371141 0.0628956631 0.3150996268 0.1532623470 0.4999521971 0.0526912622 -0.6638628244
-1.3978635073 0.0964131653 0.2733048797 -0.3644691408 0.6501154900 -1.7747794390 -0.4499870837 -0.1879603118 -1.1706727743 0.3767451942 -0.3191500902 -2.2761619091 -0.5010057688 0.3144798279 0.4736317694 0.3339065611 0.6382690668 0.2658178210 -0.9641599059 -0.1169666648 -1.0709044933 -0.8151041865 0.4900216758 0.0141865164 -0.1821958125 0.4710727036 -0.4724000096 -0.2738199532 -0.5091051459 -0.4626241624 -0.6008900404 0.0124059217 -0.3221534491 -1.3141269684 -0.2550936937 0.7353413105 0.3440596759 -0.4126110971 0.7578694820 0.8920313120 -0.2216914892 -0.0033177361 0.5261842012 -0.6456086636 0.6311974525 0.1344661266 0.2941154540 -0.2488367409 0.5759170055 -0.1335204840 -0.3261269331 0.1668935716 0.4423248768 -0.7565642595 0.3317798078 -0.0009022190 0.9764190912 1.3766413927 0.6467951536 -1.2048105001 -2.7920737267 0.0125474883 -0.5744587779 0.0091565493 -0.4736545384 0.4453219771 -0.1452011019 -2.4417166710 0.8932582736 -1.1143683195 -1.0719637871 0.0547230467 0.5128801465 0.4308772981 -0.3414634466 0.7613337040 -2.3184039593 1.5163539648 0.5660755038 0.8139185905 -0.7899956703 -0.0403086506 0.0016437620 -0.0513596833 0.3085442185 -0.2510300577 -0.9795316458 0.0078919036 0.6066558361 -0.6051484942 -0.1352570802 0.3608224988 0.6094272137 -0.4761229753 0.5325220823 0.1280021071 0.0967109203 -0.3270109594 0.0281346142 -0.1385161281 -0.0464812256 0.0528709069 -0.5187702775 1.0187377930 0.3696581423 0.2376821190 0.0477734581 -0.3661964834 -0.8466182351 0.5544020534 -1.6068788767 0.4963054657 0.9987429380 -0.6311924458 -1.4393434525 0.2019010633 -0.5383094549 0.8187464476 -0.0125310505 -0.2063225657 0.4064001739 0.3538287282 -0.3215159774 0.0450573862 0.3055538535 -0.9687256217 0.9623777866 -0.1613213569 -0.2504345477 -0.4035864174 -0.1210118309 -0.5077690482 -0.2574505508 -1.6103091240 0.5924855471 0.6348420978 -0.0463879704 -0.1619959176 0.1090368405 -0.0184825212 -0.0385183841 1.1104127169 0.7269026041 -0.2627157271 -0.3559149206 -0.0306946058 -0.4039831460 0.1298120916 -0.9634757042 0.0404606499 -0.2327893823 -0.8341741562 0.2547732592 -0.8708171248 -0.5783328414 0.8289184570 -0.0093137976 0.5086160898 -1.8531779051 -0.0036049313 -0.5685333014 0.1812770069 -0.1074734926 0.1864817888 -1.6959865093 0.7058895826 0.0877134278 0.8491079807 -0.7036707401 0.4301846623 0.0724294335 -0.1112827882 0.0569316223 -0.4966209531 0.5519432425 0.0271664336 0.0045487816 -0.4018045962 0.2665825784 -0.1359242946 -0.2163727432 0.0570406690 0.1094153225 0.6478408575 0.5845388174 -0.5668497682 -0.1125022098 1.0177206993 -0.6991291642 -0.4452699721 -0.5558124781 0.6605912447 0.7145727873 -1.1879630089 -0.1903138459 -1.1189081669 0.2796260715 0.2510654628 0.1500911862 0.0204913318 0.4780198634 -0.2594937384 1.1802923679 -0.5550950766 0.5498176813 -0.7707077861 -0.2275357544 1.2038327456 0.5552560687 0.0896346569 0.3440880477 0.0184028726 0.8237147331 0.0742123798 -0.0279864483 -0.6805025935 0.7384744883 -0.1384612769 0.5275661945 -0.2472480685 -0.0889311954 0.3500530124 0.3752691448 0.1509972513 -0.1344520450 -0.2571780086 0.0496618301 -0.0463099629 0.3179151118 0.7556007504 -0.0682040974 0.0946547911 -0.7737510204 0.6777664423 -0.4935781658 -1.0375305414 0.0608939379 0.1617778838 -0.0379069448 0.3683502674 0.7576706409 0.5044955015 0.9711658955 -0.2452794164 0.4542492926 -0.4964495599 0.0931511372 -0.0247869063 0.0009988621 -0.3505440950 -0.3484326005 -0.3673655093 -1.1320317984 -0.4149063230 -0.4097933769 0.2710488141
-0.7494072318 -0.2052112967 -0.0020821837 -0.3745395839 -0.1435274184 -0.2455687523 -0.3507659137 -0.1260441095 -0.8398009539 0.1601509005 -0.6033775210 -2.3826627731 -0.7393858433 -1.1391150951 -1.1496061087 0.9166705608 -0.3839794397 0.0134295691 -0.8437296748 -1.1634322405 0.4227144718 -0.8151332140 -0.2372979969 -0.0233559459 -0.4252848029 0.3292052746 -0.0645906553 -1.6727070808 -0.6537883282 -0.7508664131 -1.2256250381 -0.2181543559 0.2677035630 0.2488684952 -0.1607460231 0.2176222801 -0.3794011474 0.6017061472 0.0370610468 -0.1712389141 -0.8808403015 -0.0377478711 -0.2057226896 0.6411487460 -1.2832309008 -1.7544144392 -0.8394058347 -1.5991505384 -1.4473862648 -1.1112430096 -0.3487284184 0.7409579158 0.2262670696 -0.2719588578 -0.1054399237 0.3282109797 -0.2035766095 0.6063672304 0.5986871123 -2.2646536827 -1.5546516180 0.1815899312 -1.6106897593 0.0465489738 -0.3165774047 0.2098009586 -0.1178457215 -1.1845151186 0.2317897379 0.9676637650 -0.2083724141 -0.0619116873 -0.4044426084 -1.0321871042 -1.2656407356 0.3813659847 -0.0822030902 -1.0078936815 0.7598291636 0.2883881927 -0.7410732508 -0.1156395376 -0.0210007578 0.0070624575 0.6605305672 -0.5258817077 -1.1951986551 0.3111300170 -0.8121911287 0.2974022329 -0.7515033484 -0.5902849436 0.2130170166 -0.9744990468 0.1276487410 0.5209205747 0.1914281249 -0.6801725626 -0.0007945448 -0.3522848785 -0.0224579852 -0.3918018639 0.2527914643 0.4973156750 -0.2036180794 -1.5280364752 0.6193081737 -0.0364806838 -0.2479768693 0.8333859444 -0.3121598959 -0.0801046267 -0.6920412183 -0.1443531364 -0.4994523823 0.3785538673 0.6909964085 -0.1284481585 -1.0237815380 0.5130928755 0.1976639181 -0.4064286351 -1.5296311378 -0.1374342591 0.1660845876 -1.0324431658 0.4019486308 -1.2184695005 0.2951066196 0.4945167303 0.7618797421 0.0342812687 0.3622999489 0.3716571331 -0.0034666311 0.3597978354 -0.0247421786 0.2017443925 -0.3164407313 -0.0136473626 -0.0585263148 1.0831921101 0.4452050924 -0.6722841859 -0.4380942583 -0.2086859941 -0.2787496448 -0.8494465351 -1.7038525343 0.0591542721 -0.4934822321 -0.3285142481 0.3736024499 0.6051364541 0.3860491812 -0.3791417181 -1.0345165730 0.0850796476 0.1538984478 0.3374725580 -0.8627857566 0.0636676252 -1.8039999008 0.8445010185 -0.1061650738 0.2894224823 -0.4407805204 1.7413183451 -0.6738287210 -0.2906273901 0.1274853498 -0.0634138510 0.0189173892 0.3667280078 0.7577277422 0.0040514395 0.2198038548 -0.9755299687 0.0783476159 -1.9840619564 0.2470342964 -0.4850863814 0.4728025794 -0.3960835636 0.6758621335 -0.4322198629 -0.1835798472 0.3031632304 0.2721199393 -0.4873974621 -0.0026218793 -0.4085515738 0.1950411052 0.1123055965 -0.0478916876 -0.9421124458 0.2876406312 -0.6964501143 -1.1665880680 0.0366794020 -0.1052544191 0.1942655444 -0.0097175101 -0.5163843632 1.1381926537 -0.0660562217 -0.9303666353 0.2928120196 -0.8299862742 -1.0296041965 0.0551876910 -0.9060629606 -0.0229354203 0.0130479671 -0.3228210509 -0.7367822528 0.4266771376 0.0573427565 0.1387766302 0.1326658577 0.6314784884 0.8100793958 -0.6774740219 0.3301894069 -1.8196645975 -0.1858368069 -0.0322385989 0.0365129635 -1.2945001125 -0.3911439478 0.1508164704 0.2008698285 -0.8829547167 0.1441454589 -0.2036467940 0.1364872158 0.0301402062 0.2649675608 -1.8224533796 -1.3660500050 0.1126114652 -0.2388166487 -0.0798929408 -1.1457577944 0.0875394866 0.0530507490 0.1306420714 0.1213192046 -0.0182365477 -0.6319543719 -0.5883973837 -0.8419528604 0.1780893654 0.2952461541 0.4332235754 -0.2311223000
0.0303786974 0.0067881453 -0.0607051104 -0.0135750994 0.0294320323 -0.0223579742 -0.0547130704 -0.0093831960 0.0178209674 -0.0490143970 0.0040708147 -0.0611590184 -0.0273104869 0.0036303438 -0.0201515649 0.0008785217 -0.0402554907 -0.0041361153 -0.0448381566 0.0159585122 -0.0159397125 -0.0577617064 0.0214941986 -0.0548391864 -0.0536440760 -0.0470756292 -0.0388761088 -0.0377132334 0.0123432335 -0.0414034501 0.0205638371 -0.0667019933 0.0079304781 0.0272988919 -0.0591836758 -0.0300417393 0.0506565943 -0.0388885736 0.0158160497 -0.0071637654 0.0119305821 0.0561942086 -0.0319517106 -0.0494434685 0.0126783308 -0.0184189212 -0.0127183627 0.0017059247 0.0664616674 0.0092584621 -0.0695435479 -0.0326982141 -0.0163484216 -0.0157767590 -0.0380524546 -0.0428911448 0.0316928327 -0.0273660347 0.0498456657 -0.0668977201 -0.0269237943 -0.0110563394 -0.0365820490 -0.0097668525 -0.0040774494 -0.0448437966 0.0379517078 0.0097832913 -0.0230752937 0.0170623213 0.0293792132 -0.0057124197 0.0339912064 -0.0183589216 -0.0401409492 0.0374315158 0.0229319446 0.0015594973 -0.0460607596 -0.0448128805 0.0543511398 -0.0072584995 -0.0340449363 -0.0133513957 -0.0500264913 0.0064977231 0.0102254143 0.0449659005 0.0207833108 -0.0023995957 -0.0485150367 -0.0357631408 0.0481734388 -0.0085874461 -0.0216629803 -0.0237954855 -0.0268347207 0.0321821421 0.0554273874 -0.0238147490 -0.0021540562 0.0089588910 0.0362106115 0.0328940265 -0.0331709348 0.0191114247 -0.0680377558 0.0045015337 0.0547394417 -0.0589118563 0.0234397203 -0.0290955659 -0.0029228856 0.0223141275 -0.0907150209 -0.0069180229 -0.0060106539 -0.0151714729 -0.0278196689 -0.0209899843 0.0363352112 -0.0241426993 -0.0596705377 -0.0572284460 -0.0261714179 0.0334005617 -0.0037587883 0.0074063665 -0.0106011312 -0.0472453833 0.0419951789 -0.0115991645 -0.0206865892 0.0112716658 0.0506287441 0.0255419333 0.0459299088 0.0052291504 0.0096927863 0.0207846165 -0.0120516121 0.0568691157 0.0496467128 -0.0060607968 -0.0017713148 -0.0141536193 -0.0213202592 0.0563193299 -0.0494249538 -0.0423546247 -0.0302367564 0.0015170947 0.0220289994 0.0135283992 -0.0515781492 0.0341409408 -0.0508116297 -0.0043630484 -0.0437237397 -0.0494427830 0.0039191148 -0.0572963543 -0.0207858831 0.0137909921 0.0105992882 -0.0157985985 -0.0294968970 0.0381673872 0.0448275059 0.0246761851 -0.0015013780 -0.0541509911 -0.0329032391 0.0546936542 -0.0626938418 0.0057084337 -0.0401325449 -0.0469483808 0.0114509910 0.0441978574 0.0439374931 -0.0492784679 -0.0622412413 0.0196453407 -0.0472541712 -0.0281221606 -0.0199498925 -0.0627621040 -0.0246316772 -0.0450909138 -0.0437936559 -0.0074360138 -0.0126346545 -0.0396978967 0.0176446047 -0.0473865308 -0.0460491739 0.0301929042 0.0577032827 0.0614179075 0.0165255331 0.0379519276 -0.0599594675 -0.0420136750 -0.0537344962 0.0237539485 0.0039230869 -0.0332575068 -0.0263362583 0.0596613660 0.0255032293 -0.0261988901 0.0151345432 -0.0381412879 -0.0604100041 0.0590240024 0.0544134676 0.0040877815 -0.0040786862 -0.0054615000 0.0154919671 -0.0472754613 -0.0107389465 -0.0120933698 0.0231830943 0.0199969579 0.0187544450 -0.0378652513 0.0005682848 -0.0404022858 -0.0472753346 -0.0463918857 -0.0022238684 -0.0379299484 -0.0568277277 0.0101746097 0.0539638102 -0.0433091223 0.0338045917 0.0305994190 0.0311620478 0.0329286940 0.0223301351 0.0507655777 0.0405590571 -0.0308396854 -0.0165852830 0.0529761761 0.0418731123 -0.0377257802 -0.0411943048 -0.0170655269 -0.0300066825 0.0599372759 -0.0206289776 0.0413663350
0.2339958996 -0.0016876741 0.0457589701 -0.9058447480 -0.4300701916 -0.8059516549 -0.1241604611 -0.3614288867 -0.3913356364 0.0913603157 -0.6363798380 0.3594878614 -0.3404240906 -0.5767140388 0.0001556630 -0.1374476999 -0.1049468517 -0.0536984876 0.3772922456 -0.5570009351 -0.0688059106 0.1183178127 -0.3889977038 -0.0537235066 0.0879764855 0.3028169572 0.1534641981 -0.4266097546 0.0326352604 -0.7292121053 -0.4080800414 -0.6646710038 -1.6042654514 -0.7683192492 -1.0185948610 -0.0299868062 -1.2872692347 -0.9173879027 -0.1475654244 0.0436124094 -0.5554118156 -0.0097056944 -0.6965245605 -1.3635922670 -0.4185384810 -0.2540174425 -0.8665799499 -0.4093502164 -0.1934084147 -0.5795679092 -0.0380571410 -0.5802313685 -0.0168895200 0.0412407108 -0.0639960393 -0.0399294868 0.2676462531 -0.0211228132 0.1809566468 -0.7074224949 -0.3746355474 -0.7788687348 -0.0802485421 -0.0201759711 -0.5693601370 0.5213420391 -0.3801852465 -1.2450680733 -0.2321233898 0.0182198286 0.4249725044 0.0585317239 -0.5614551306 -1.3739914894 0.3068975210 -0.6140238643 -0.6396952271 -0.1675238013 -0.9796210527 -1.2169038057 -0.4956862628 -1.2513257265 0.0235225856 -0.0242224783 -0.8385208249 0.3682731688 -0.0862059146 -0.0372180268 -0.6701111197 -0.7923678160 -0.8215010166 -0.3391714990 0.0071360068 -0.7043691278 -0.0086562634 0.0293691400 -0.7141389847 -0.4302723408 -0.0267551541 0.1405386180 -0.1991143525 -0.6668813825 -0.8546291590 -0.7016534209 -2.1041748524 -0.5987034440 -0.4666823447 0.1454015225 0.3383303285 -0.1980193853 0.1700830907 -0.9721172452 -0.2354379743 -0.7140778303 -0.6947969198 -0.1025948375 -1.0063064098 -0.0657847747 -0.2420344055 -0.0261100456 -0.1017636061 -0.5183188915 -0.3716740310 -1.1787694693 -0.6326422691 -0.1644022316 -0.5004419684 -0.4924076498 -0.4494732022 -0.0195468590 -0.1606914103 -0.5279558897 -0.0152873620 -0.4663290083 0.6550472379 -0.7998105288 0.0032047331 -0.2116723657 -0.1938334107 0.0312059522 0.0063575432 -0.2354206145 0.2656159103 -0.2540032566 0.8119263649 -0.0364157110 -0.5718786716 -0.2003856301 -0.3595243394 0.4964405596 -0.1952279359 -0.0527164191 0.2191154361 -0.1115389019 -0.3365879059 -0.6811089516 -0.4539900124 -0.0129040638 -0.1495418996 0.0959592685 0.5495462418 -0.7171635628 0.4093345702 0.1026143059 -0.5644537807 -0.0009921342 -0.5135020614 -0.0013610361 0.0338116661 -0.2939411104 -0.7162149549 0.1047006845 -0.0051311180 -0.9397184253 -0.1947350502 -0.0535673574 0.3317263722 -0.6119987965 -0.0155205652 -0.2603239715 -0.9160088897 -0.2380384356 -0.5680571795 0.8487446308 -0.8790994287 0.0157066900 -0.0062950947 -0.0228070430 -0.1482272595 -0.1810768098 -1.1456031799 -0.4221331179 0.3380448818 -0.6044281125 0.0126874615 0.2266248763 -0.2241824269 -0.0647438094 -0.8818470240 -0.0333306119 0.7581449151 -0.1483960748 -1.5909345150 0.5738297105 -1.3455263376 -0.2859724164 -0.3888514638 -0.0383628234 -0.1475129575 -0.3041924238 -1.3980238438 -0.3983371556 -0.0110778045 -0.1267259866 -0.4987157881 0.0444107838 -0.0479351506 -0.3192365170 -0.0262200870 -0.0997742116 0.0251087677 -1.0420742035 -0.4333172739 -0.7723805904 -0.5240458250 0.3291283846 -0.0296822935 -0.0416883081 -0.3833667934 0.0438408181 -1.1004030704 -1.0950636864 -1.2928450108 -1.5832202435 -0.0002666031 -0.0620166063 0.0280370265 0.1837711781 -0.1422263682 -0.5611753464 0.3837146163 -0.5574481487 -0.0550824255 -0.1950756907 0.7949330211 0.0798465535 0.0520823225 -0.8897043467 0.0351845101 -0.0181005094 -0.3904666007 -0.3945268989 0.0539391004 -0.0615237206 -0.7205169201 0.1160526723
-0.0132543528 0.0324772485 -0.0333609655 -0.0586277321 -0.0191674456 0.0407082736 -0.0438779406 0.0164183099 -0.0295225121 0.0255439039 -0.0186603200 -0.0398195274 -0.0147019476 0.0245283693 -0.0384498201 -0.0478147268 0.0100405887 -0.0281371269 0.0358842239 -0.0542819425 -0.0631490499 -0.0008757885 0.0149619272 -0.0556346923 -0.0470317118 -0.0211705714 0.0273507424 -0.0302257631 0.0032871161 0.0087691741 0.0343484022 0.0259154141 -0.0232695993 -0.0013814199 0.0357339196 -0.0365184098 0.0277015772 0.0190736707 -0.0529177524 0.0311090257 -0.0762598217 -0.0489505753 0.0039733327 -0.0019046153 -0.0281359255 0.0272417162 -0.0325038359 0.0269476958 -0.0658827275 -0.0111916168 -0.0209241286 -0.0679935440 0.0106900558 -0.0433963984 -0.0583693869 0.0611267835 -0.0300295949 -0.0383638144 0.0300148930 -0.0401292853 -0.0688003898 -0.0786059126 -0.0527937673 -0.0256619398 0.0119162938 0.0074522272 -0.0294721741 -0.0172545519 -0.0564159900 0.0544364154 0.0459901914 0.0119778961 0.0436586216 -0.0222909860 -0.0695588216 -0.0167931821 -0.0024132514 0.0190231539 -0.0664789677 -0.0596116520 -0.0265784748 0.0235775970 -0.0623216331 -0.0131213292 -0.0481997952 0.0349026397 -0.0336118154 0.0106046479 -0.0130079323 0.0526700914 0.0246322677 -0.0578556433 -0.0284694675 -0.0405247062 -0.0673862621 -0.0239259321 -0.0058542271 -0.0054002660 -0.0595675483 -0.0600713342 0.0031480221 -0.0200354047 0.0007350966 0.0076414137 -0.0251729488 -0.0046447716 0.0484747216 0.0187014136 0.0377313048 -0.0270115063 0.0281253569 0.0345958583 0.0061749299 0.0502843857 -0.0463606380 0.0204043519 -0.0344904512 0.0266188662 -0.0043018609 -0.0492156819 0.0224737525 -0.0109526338 0.0529390089 0.0043142326 0.0562255010 -0.0571955219 -0.0870910063 -0.0067729158 -0.0433092266 0.0099115670 0.0325690098 0.0622098595 -0.0539251938 0.0295779631 0.0172127858 -0.0619577952 -0.0573017523 0.0190348905 -0.0227389336 -0.0040248409 0.0453610942 0.0456473455 -0.0191969424 0.0424881950 0.0028747022 -0.0177171305 0.0610015392 -0.0178448558 0.0249705706 -0.0159541667 -0.0151543003 -0.0449561402 -0.0125799924 -0.0555707961 -0.0680943802 0.0237066895 -0.0362864770 -0.0536701307 0.0070448215 0.0426809192 -0.0543132909 0.0242950227 -0.0115273669 -0.0198951215 0.0455725901 0.0379757099 -0.0025713728 0.0471490920 0.0074493960 0.0242218412 -0.0618440807 -0.0383589938 0.0070037022 -0.0135176405 -0.0082745282 -0.0459805652 0.0072899032 -0.0151870698 0.0256385878 -0.0256632958 -0.0110211577 0.0012699345 -0.0077678594 0.0249621086 -0.0878873914 -0.0365391150 0.0207021255 0.0218550880 0.0076555870 0.0362573154 0.0118603874 -0.0046442309 -0.0376496501 0.0414566956 -0.0567046963 0.0002857213 -0.0359232388 -0.0508392043 -0.0530340374 -0.0152390450 -0.0625095740 -0.0658848882 -0.0469122604 -0.0486421250 -0.0709853247 -0.0332726128 -0.0629904419 0.0344619006 0.0185278449 -0.0063194558 -0.0577705950 0.0231782570 -0.0090964288 0.0345276967 -0.0393419638 0.0467109755 0.0430059135 -0.0686058402 0.0497304872 -0.0286684614 0.0148094986 0.0079945466 0.0363351665 0.0090611828 0.0183452144 -0.0311993659 0.0132595301 0.0524023548 -0.0338896066 -0.0215290338 -0.0055899355 -0.0100421766 0.0098170163 -0.0005130984 0.0280090347 -0.0037741587 0.0545067489 -0.0654869899 -0.0274040755 -0.0362941250 0.0388277322 -0.0023820740 0.0045809522 0.0111771077 0.0483115613 -0.0012409183 -0.0025113747 -0.0508045442 -0.0326751173 -0.0706552565 -0.0182213467 -0.0478933379 0.0094689960 0.0363269746 -0.0705356225 0.0570739433
-0.2098846287 0.1358122230 0.1253722608 0.0407845266 -0.2379003763 0.1121807024 -0.0749879479 0.1470665187 0.0123327589 0.0454036742 -0.1291740537 -0.0102336695 0.0598904341 0.1396557540 0.2686986327 -0.9284636378 0.1564076543 0.3625731766 0.1618452221 -0.1034570783 0.0963212252 -0.2097802460 -0.1140989661 -0.0216375962 0.1798183471 0.0731819347 -0.0366299227 0.1194492504 0.2833919525 -0.1034558713 0.0305597559 -0.1738965958 0.0704530478 -0.0810859799 -0.1712768674 0.1718531847 0.0497888885 -0.1536207944 0.0548886731 -0.0547447465 -0.0319836475 0.0549773350 0.0025952929 0.1705722958 -0.0852031931 -0.0738261044 -0.1721421182 0.1739493161 0.0157412160 0.0033719279 -0.0494433194 -0.1628843993 -0.1173425838 -0.0167212877 -0.2326956093 -0.2708323300 -0.1212843210 0.0527070239 -0.4581884444 -0.2127455324 -0.1283877492 -0.0477116778 0.0429391861 -0.0314630009 -0.0884058177 -0.0128913224 -0.0797040313 0.0119435741 0.2511706054 -0.1257108003 -0.0951836631 0.0547583550 -0.2451651990 0.0622925535 -0.0536091998 0.2061949521 0.1593035460 0.0860820338 -0.0570089631 0.0273147803 -0.2917777002 0.0185731091 -0.0159237385 0.0246969238 0.0842293873 -0.0163383260 0.1463285089 -0.0705321580 0.0099286782 -0.0664179549 -0.1482770890 0.2391838729 -0.0614305921 -0.0082924087 0.0628958046 -0.0215667933 0.4708272219 0.0098983301 0.0611728802 -0.0587705448 0.2743785381 0.1197338924 -0.0481375493 0.0615341105 0.1596468240 -0.1951303482 -0.0236466788 0.0470474958 0.0581556894 0.0086178742 0.0499460064 0.0036178366 -0.0962760448 -0.0144128799 -0.0847160444 0.0767132491 0.2333534509 -0.0175649542 -0.1531350613 -0.0062320647 -0.2269853055 0.1446901262 0.0552868433 -0.0255010892 0.1353460401 -0.1156213582 -0.0735051706 -0.0588929169 -0.1174526289 0.0545606241 0.0916142538 -0.3687936664 0.2816055715 -0.0040412680 0.2065323889 -0.2364268452 0.0009212345 0.0164753478 0.0352018587 -0.0339010581 0.0553819835 -0.0381056033 0.0144999232 0.4913414717 -0.1196653396 -0.1276630610 0.2857740521 0.3482092023 -0.0127653759 -0.0135134486 0.0211087596 0.0389880948 -0.0199070945 -0.1954778582 0.2420183271 0.0444384068 0.1017196923 0.0435705073 0.1682093740 0.2022935450 -0.4100618064 0.0972730592 -0.0920702815 0.4278624952 0.1526374221 -0.0265587829 -0.0156474058 0.0515046045 -0.3705096543 0.0565415621 0.0342300050 0.0465285033 -0.0264596567 0.0567416549 -0.0427283496 0.0433489382 0.3207176328 -0.0229398441 -0.4567606151 0.1610168964 0.1424538940 0.0508259274 -0.1527717412 -0.0656986907 0.0162579156 0.5115828514 0.1811650693 -0.1669647396 -0.0514532030 -0.1108566150 0.1340072453 0.1207440495 -0.0760807842 0.0981419683 0.0465677045 0.2152539641 0.1212367862 0.1460586339 -0.2704540789 0.0493867770 0.0180077627 -0.0000171800 -0.0766890794 -0.1531219035 -0.1743148714 0.1930728108 -0.1785081774 -0.0217061453 0.0873799473 0.2371718138 -0.1515188068 0.1172582209 -0.2739187479 0.0523101427 0.0077840434 -0.1465781182 -0.2930097878 -0.0751415789 0.1915642619 -0.2254576534 -0.0085635791 0.0601767600 0.2365276068 -0.0016691262 0.0702580586 0.3438706398 0.1782647669 0.0173793286 0.4280935824 0.1608424932 -0.2391262800 0.0434280001 -0.0437864102 -0.1069749668 0.0036043653 0.0878854841 -0.0546608865 -0.0472488515 0.2562642992 0.1816767901 0.0839914903 -0.0495887510 -0.1454721987 0.0112561211 -0.0280672535 0.0270497948 0.1570784301 0.0318261944 -0.0491540208 0.2141723782 0.1697508842 0.2818345428 -0.2673461735 0.0874931142 -0.4307156205 -0.3191500306
-0.0359923244 0.0006913841 -0.0336163789 -0.0070417253 -0.0872965679 -0.0359939858 0.0435694307 -0.0151499063 -0.0520541593 0.0374024510 -0.0081399595 -0.0717307106 0.0240708664 0.0451344810 -0.0349006504 0.0321945101 0.0721279830 -0.0170101523 0.0707081184 -0.0068070111 -0.0265955292 -0.0502735488 -0.0153552089 0.0352429599 0.0306398626 0.0217264295 -0.0443642586 0.0380074233 -0.0132744713 -0.0460351333 -0.0310609154 -0.0617844574 -0.0173625574 -0.0814089701 0.0151680335 0.0359044671 -0.0971947685 -0.1119916737 0.0159266368 0.0138390949 -0.0475017279 -0.0566676110 0.0580995716 -0.0801784992 0.0241186135 -0.0518378727 -0.0358115733 -0.0394240320 -0.0146783544 -0.0241477080 -0.0152272657 -0.0099231005 -0.0610727891 -0.0539647415 0.0224312600 -0.0138739794 -0.0336030088 0.0553019047 -0.0319955051 -0.0326263607 -0.0966655910 -0.1249469966 0.0435183644 0.0186708942 0.0540231764 0.0032939413 0.0435107872 0.0037064478 0.0119290799 0.0149213821 0.0363799259 -0.0494233072 0.0661484450 -0.0058196695 0.0631970763 -0.0461064130 -0.0147946272 -0.0428326800 -0.0808378011 -0.0396896042 -0.0722505823 0.0242211837 -0.0432039648 -0.0405606404 -0.0407704003 -0.0034138113 -0.0627591908 0.0049699992 0.0400380231 0.0384695083 -0.0710982755 -0.0215687361 0.0016533477 0.0299463160 -0.0137825906 -0.0031946872 -0.0044002505 0.0292051062 0.0451278612 0.0577441379 0.0689302981 -0.0484325476 0.0531291105 -0.0628159791 -0.0671894178 0.0155138671 -0.1135813296 -0.0386393443 -0.0651006326 0.0256218165 -0.1144000068 -0.0768784210 0.0473223068 0.0677760169 -0.0079416549 -0.0207536295 0.0199577920 0.0382249020 -0.1176972017 0.0055084825 -0.1143881828 0.0646414235 -0.0483595766 0.0049964450 -0.1116743684 -0.0677323863 -0.1588656008 -0.0029865904 -0.0372954868 0.0513355881 -0.0679140389 0.0043536527 0.0094875544 -0.0198162012 -0.0095411558 -0.0444381088 -0.0127694085 -0.0600485764 0.0079159355 -0.0591706485 -0.0403527096 0.0249609966 -0.1488425583 -0.0432973057 -0.0012105677 -0.0056994045 -0.0044573601 -0.0462412871 0.0484984666 0.0405263938 -0.1122363806 0.0128002837 0.0042216931 -0.0661331266 -0.0630640537 0.0234791599 0.0482353643 -0.0297986660 0.0230511148 0.0550332554 -0.0206698682 -0.0654386953 -0.0436658710 0.0446258597 -0.0057847220 0.0042806342 -0.0442692451 -0.0540838540 -0.0082400143 -0.0067191957 0.0364244245 -0.0607630238 0.0388900638 -0.0256727505 0.0395720042 -0.0468907878 -0.0185239464 -0.0301913898 0.0264114961 -0.0109833917 0.0190634746 -0.0947818533 -0.0767098889 -0.0617554523 -0.0318445787 0.0233319234 0.0395521708 -0.0820736513 -0.0244463831 -0.0340437666 -0.0199397616 0.0403992273 -0.0276528597 0.0414004922 -0.0489387326 -0.1228667796 -0.0334926881 0.0520096533 -0.0543845706 0.0255654752 -0.0592671745 -0.0634562075 0.0460147262 -0.0186601169 -0.0481873229 -0.0424838886 -0.0582927838 -0.0505983382 -0.0438808687 0.0458124503 -0.0080591515 -0.0431423895 0.0128313974 0.0007793783 -0.0093990630 -0.0097023249 0.0069971234 -0.0382830538 0.0143285468 -0.0923388749 -0.0824306607 0.0129204057 0.0100627309 0.0615277514 0.0317859985 -0.0108702956 0.0163387209 -0.0301613957 -0.0106005315 -0.0491984710 0.0092958184 -0.0562964156 0.0224337000 -0.0534308665 -0.1313240528 -0.0054737851 -0.0018086582 -0.0500138253 -0.0100295153 -0.0161454882 0.0070556444 0.0155720422 0.0405537263 0.0144248549 -0.0665445477 -0.1349604279 0.0244892165 0.0078079468 0.0053108707 -0.0045572100 -0.0487227701 -0.0999268964 -0.1363141239 -0.0038249791 -0.0874548107 -0.1326941103
-0.1865513027 -0.1530002356 -0.0184569359 0.1675892621 -0.8281469941 -0.0072513586 -0.2624379396 -0.5172122121 -0.2451904267 0.0211177543 0.0960149989 -0.5391415954 0.1813440025 0.7555124760 -0.4973913431 0.1884225458 -0.4059445262 0.0454232246 0.3853189945 -0.1878052354 -0.4635466635 -0.4672123790 0.7088479996 0.0143621191 -0.0610797554 -0.6431813240 0.0972893238 -0.7878946066 -0.9496613741 -0.1094988734 -1.3598604202 0.0986083373 -0.1479091942 0.0345616005 0.1398468614 0.0600614846 0.3563358486 0.6672039032 0.0648952350 0.1528618783 -1.3240109682 0.0048169633 -0.2093142271 0.0440024734 -0.4645060599 -0.1835840046 -0.9184926152 -0.2753517628 -0.1090888008 -0.8717681170 0.0039135404 -0.2791815698 0.0538038984 -0.1913792193 0.3809326589 -0.0466156751 -0.1924400926 0.0241584182 0.1462654173 -0.6997696757 -0.2575741112 0.0250132121 -0.8054281473 0.0035225758 0.0126431128 -0.4410413206 -1.8784288168 -0.2590961158 -0.1162130088 -0.0613419786 0.1278065592 0.0387845039 0.3191158473 -0.7046851516 0.4104788601 -0.3926017284 0.1264177412 -0.6696731448 -0.1192869097 -0.0758520141 -0.2460713536 -0.4885765314 0.0173905119 0.0225960612 -1.3494123220 -0.0061512208 -0.7589918375 -0.0256542489 0.2427850068 0.1229707971 -0.3946348727 -0.1082700193 0.3894351125 -1.3482584953 -0.0472242758 -0.2462718189 -0.4527529478 0.1101330519 0.0472624823 0.7385964394 -0.1811429709 0.3321903348 0.3542210758 -0.3261722922 -0.2178248316 -0.3551420867 -0.0690742731 -0.0009782752 -0.1828348786 -0.6241145730 0.3233139515 -0.2168010026 -0.4099153578 -0.3254050016 -0.7478559017 0.2200007439 -0.2678118646 -0.0748547241 -0.2741425633 -0.0347179994 0.3584564924 -0.9299388528 -0.1879327446 0.4043965638 0.6280856729 -0.8225396872 0.0399106331 -0.1023136452 0.9890990853 -0.0008466727 0.1662898213 -0.1344828904 0.0107452497 -0.3695566952 -0.5910332799 -0.4830106199 0.0522636473 -0.5681976676 0.0689862072 -0.0480549484 0.0295799077 0.4088750482 -0.0192024894 -0.2969677448 -0.9317033887 0.3268668354 0.0244059749 0.2733889520 -1.0143827200 -0.4281416535 -0.2223793715 -0.1270049065 0.8337384462 0.5354351401 0.4009732008 -0.1366409063 -0.7200512886 -0.4821345806 -0.2480056584 -1.4398082495 -0.0537873507 0.0487730503 0.0217710230 0.0296589714 -1.5140228271 0.0591696277 0.9208666086 0.0655490682 0.0477845818 0.4711706638 -0.4069121182 0.0355337299 0.0604365468 1.1226820946 -1.0263957977 -0.0405362621 -0.5693414211 0.3707254827 -0.0084164822 0.7956446409 -0.3813974857 -0.0488257930 0.8975355625 -0.9786194563 -0.0719261467 0.3055408299 0.4888682365 -0.3106689453 0.0113168377 -0.5714652538 -1.2766005993 -0.8599718213 -0.5524398685 -0.3093352616 1.2294864655 0.1886415035 -0.3216644228 -1.2736866474 -0.2072672844 0.0418140218 -0.0610968508 -0.6354700923 -0.4013808966 0.2220443785 -0.2723428905 -0.0006957010 -0.1727530360 0.0039380612 0.0236165598 0.5461326241 -0.6548859477 -0.9195749760 0.0308203921 0.1593072414 -0.2633498311 0.0329112895 -0.3871403635 -0.5663906932 -0.0222389903 -0.6846606731 -0.2267424464 -0.0465810113 -0.7331643105 -0.7786974907 0.3429669142 0.5652935505 0.0470332168 -0.0396154821 -0.1968361884 -0.1150011420 0.2937048972 -0.0470181927 0.1952655166 -0.2266711593 0.4359512627 -0.2299571484 0.0195728093 0.0345105156 0.6206431389 0.9088997245 -0.5318154097 -0.6193891764 0.0103633329 0.4722926021 0.2740169466 0.7765193582 -0.0415954068 -0.7476703525 -0.0415276736 0.8508052826 0.1220247746 0.6788023114 -0.7047330141 0.0120984763 -0.3694996536 0.2709016800
-0.0375440717 0.0388736576 -0.0284489244 -0.0261508040 0.0197665952 -0.0341481008 0.0410512164 -0.0128732249 0.0122666173 -0.0520226769 -0.0104282871 -0.0044522742 -0.0697720572 -0.0399708785 -0.0651916862 -0.0179261118 0.0406853706 -0.0621929765 0.0089151580 0.0007167984 -0.0448979884 -0.0218355730 0.0339106955 0.0150764808 0.0109707564 0.0150044831 -0.0422372483 -0.0630294457 -0.0036373660 0.0337736532 -0.0247564949 -0.0693735406 -0.0219964646 0.0255028531 -0.0333919227 -0.0461093858 -0.0103078829 0.0178535469 -0.0464378409 0.0184392352 -0.0160029419 0.0182331651 0.0360632390 0.0106065581 -0.0119229229 0.0070011853 -0.0625837892 -0.0336932689 -0.0542907119 0.0573436767 0.0028796494 0.0366893113 0.0573948100 -0.0571557879 0.0386529900 0.0605929047 -0.0481868871 -0.0312363952 -0.0693727732 -0.0794893429 0.0070086322 -0.0346138403 -0.0428990796 -0.0591491163 -0.0235293005 -0.0459156521 0.0458741859 -0.0206837188 0.0352911055 -0.0219080523 0.0503594205 0.0562276617 -0.0456874706 -0.0256706271 -0.0236350968 -0.0692251027 -0.0115847038 0.0395939574 -0.0646320805 -0.0125555918 -0.0319439657 -0.0634413883 0.0623552948 0.0121966600 -0.0427164733 0.0269803628 -0.0892799571 -0.0592388138 0.0133163678 -0.0357611552 0.0132911773 -0.0630728453 0.0036740270 -0.0085396739 -0.0400507301 0.0228288993 0.0217548180 -0.0421170443 -0.0263272226 -0.0533981062 -0.0610168427 -0.0657617077 0.0209350474 0.0064974278 -0.0265475567 -0.0112436619 0.0303622428 0.0023007747 -0.0483833775 -0.0433982313 -0.0453909189 0.0193572082 -0.0197274089 -0.0228715017 -0.0317503735 -0.0013599992 -0.0671081468 0.0057216813 -0.0712386891 0.0044255257 -0.0565464385 0.0119246244 0.0530853122 0.0149604660 0.0464009978 0.0203554090 -0.0595313869 0.0100721009 -0.0160386562 -0.0244254470 0.0426816754 -0.0548104681 0.0247162208 0.0176624451 0.0514244065 -0.0389208123 -0.0291762426 0.0405302122 0.0210863259 0.0209877267 0.0600619689 -0.0512635894 0.0268597659 0.0157265067 -0.0611332767 0.0260266401 -0.0455483310 0.0234160293 -0.0437873304 -0.0106354719 0.0073544839 0.0334568098 -0.0166341774 -0.0162260234 -0.0384799391 -0.0297379047 -0.0338695049 -0.0625647828 0.0234067366 0.0455211252 -0.0211356692 -0.0487169847 -0.0121992715 0.0159038417 -0.0403571129 -0.0332903937 0.0000657365 0.0441559404 0.0420939475 -0.0017333578 0.0096241832 0.0376630723 -0.0360215753 -0.0454476103 -0.0297097042 -0.0608082712 0.0512120984 -0.0437712036 -0.0180513337 -0.0273936111 0.0022720492 -0.0941053107 0.0333067402 -0.0803028718 -0.0780799538 0.0016191378 -0.0424163342 -0.0555372909 -0.0411462635 -0.0359039716 -0.0406547561 0.0497439802 -0.0200063232 0.0080930740 -0.0603915974 -0.0107928654 -0.0836944655 -0.0052609593 -0.0022044033 -0.0067884848 0.0121624554 -0.0291523207 0.0385451652 0.0125097781 -0.0186952204 -0.0307930708 -0.0808233172 0.0026419908 -0.0394087806 0.0488540903 -0.0221918374 0.0428437702 0.0445862412 0.0060127527 0.0254588891 -0.0294268355 -0.0592245162 0.0316604190 -0.0407061726 -0.0274763629 -0.0595846176 -0.0693663806 0.0161632150 -0.0492656901 0.0024147183 -0.0325839669 -0.0373436958 0.0560143292 -0.0699163303 -0.0476252958 0.0114263212 0.0110420575 -0.0547995418 -0.0363674387 0.0451269671 -0.0592858940 0.0172535405 0.0041389847 -0.0023161240 -0.0207699947 -0.0391775146 0.0076985043 0.0546883047 0.0383843482 -0.0153319845 -0.0068891197 -0.0512011424 0.0443902612 0.0512652099 0.0400012955 0.0239576250 -0.0594154634 0.0173635595 -0.0121764317 0.0050142435 0.0014453578
-0.0312229544 0.0350435525 -0.0512793884 0.0220110528 -0.0238789674 0.0076380968 -0.0551304780 -0.0142387822 -0.0321137831 -0.0602546111 -0.0666156337 -0.0664913729 0.0351793952 -0.0514910407 0.0103507321 -0.0465556011 0.0032639951 0.0108466744 0.0288333967 0.0336208381 0.0314251482 0.0445071645 0.0521672815 -0.0423021540 -0.0526914857 -0.0005621474 -0.0149434209 -0.0175890606 -0.0316428840 0.0576046556 -0.0267848969 0.0233977698 -0.0709354281 -0.0635194182 0.0185597166 -0.0327454582 0.0529141687 -0.0701828748 -0.0526788086 -0.0484725833 -0.0712682977 0.0611939579 0.0214003026 0.0272499006 -0.0027539060 -0.0386521444 -0.0302129909 -0.0403229818 -0.0055751815 -0.0641995519 -0.0438941494 0.0316349417 -0.0076409131 -0.0624770299 -0.0156053482 -0.0175510868 0.0341995731 0.0256025419 0.0509534851 0.0222394858 -0.0578424819 0.0238746088 -0.0367486551 -0.0521660671 0.0209776871 -0.0454426855 0.0270053670 -0.0364644602 0.0046503246 0.0539697930 0.0433039404 0.0337874740 -0.0132287843 -0.0507888533 0.0009122060 -0.0464550890 0.0343480818 -0.0436445326 -0.0140371164 0.0185335632 -0.0157982986 0.0220650081 0.0008170828 0.0179035217 -0.0535357296 0.0041013584 -0.0274736583 0.0069251582 -0.0163292717 0.0097638639 -0.0656620488 0.0291008484 -0.0700127184 -0.0708715171 0.0602532849 -0.0579903945 -0.0662271529 -0.0431481712 -0.0616384670 -0.0331442729 -0.0003741352 -0.0269947033 -0.0342073590 0.0198580567 0.0074195680 0.0117240390 -0.0142097278 -0.0283091757 -0.0564603955 -0.0695107505 -0.0656088144 -0.0108045116 -0.0289786384 -0.0551628768 -0.0596184731 -0.0400951132 0.0444987677 -0.0621464625 0.0004536216 -0.0197819993 0.0371436961 0.0178749524 -0.0372553654 0.0216018856 0.0518342108 0.0394922122 -0.0566826500 -0.0512571819 0.0376202017 -0.0103723183 0.0448495373 0.0508125536 0.0297323912 -0.0505583957 0.0033774953 -0.0030605523 0.0577690899 -0.0189428087 -0.0367165580 0.0439275131 -0.0042606965 -0.0492181927 -0.0237389207 0.0057031251 0.0134079186 -0.0678098425 -0.0663681179 0.0275699180 -0.0526941568 -0.0706592724 -0.0107242716 -0.0089709535 0.0479600653 0.0282762423 -0.0637117028 -0.0027069536 0.0207890086 0.0424270146 -0.0225761421 0.0147379050 0.0236843377 0.0214196723 -0.0310984813 -0.0017291824 -0.0686083436 0.0172125027 0.0271587502 0.0242707953 0.0114014521 0.0467400700 0.0197700579 -0.0375165343 -0.0296468660 -0.0684631690 0.0358061269 -0.0378675982 -0.0545904487 -0.0412047841 -0.0469479710 -0.0251881517 -0.0581305176 0.0553392693 0.0224965531 -0.0594361387 0.0187609419 0.0465714596 -0.0387537628 0.0212603882 0.0248483382 -0.0588700548 -0.0376392975 -0.0129211005 -0.0621236786 -0.0035644462 0.0039456463 -0.0034681431 0.0426810160 -0.0500759557 -0.0646943972 -0.0379817858 -0.0104480395 0.0015369211 -0.0461356752 0.0340594389 0.0403725579 0.0106791034 0.0125700086 -0.0090799406 0.0304839499 0.0078764157 -0.0141640622 0.0233360827 -0.0001322031 0.0173421688 0.0550628677 -0.0597742423 0.0045755208 0.0214218292 0.0590668395 0.0374716520 -0.0250381604 0.0089978110 -0.0251546632 0.0403772444 -0.0358504541 0.0291520841 0.0268716440 -0.0380679294 -0.0689925030 -0.0134869888 0.0316415243 -0.0051963925 0.0257341359 -0.0435090438 0.0135932676 0.0276536718 0.0080781877 0.0209257826 -0.0598512515 0.0460437834 -0.0095764538 0.0348330624 0.0388697460 0.0106333448 -0.0203522220 -0.0447544120 -0.0543957949 -0.0354280323 -0.0477076620 0.0089452192 -0.0360293463 -0.0663620085 -0.0388095900 0.0271092057 -0.0205938742 -0.0590990037
-0.9075818062 -1.2520458698 0.3819853961 0.1392221451 -0.2151115388 0.5329083800 0.4922880530 -0.1179417819 -2.4925985336 -0.7435316443 -0.1036626324 -0.6661995053 -0.2712709010 -0.7371345758 0.3491654992 -0.7399863005 -0.9107149243 -0.1562378854 0.3365018070 0.4591565430 1.1033838987 -1.0768203735 -0.0293809101 -0.0189724565 -1.9336414337 -0.2753220499 0.0451129340 -2.2638742924 -0.0839478821 -0.5909583569 -1.3349364996 0.5972971320 0.3448965549 -1.5313487053 -0.6134710312 0.1927198917 0.1187861934 -0.4030547440 -0.0315677561 -0.3891113102 0.3032419384 -0.0124364616 -0.1065139547 0.9050176740 0.1469994932 0.0428724289 0.4161369205 0.5967146754 -0.5267058611 -0.4951372743 -0.0416465513 -0.3285638392 -1.0570396185 0.5725495219 -1.3871216774 0.1024905443 -0.5361873507 0.4648082852 0.7491130233 0.1120416000 -0.2798631787 0.7626868486 -0.4933097064 -0.0597830527 -0.2622801363 0.2246343344 -0.6005333066 -1.7764532566 -0.5017567873 -1.0318185091 -1.8287878036 0.0378375947 -1.1700080633 -0.3213169277 -1.5082670450 0.4096973538 0.8468148112 -1.7350066900 1.2491320372 -0.7365481257 -0.7691643834 0.4931544662 0.0309099704 -0.0046359077 -0.6529895067 0.4484558403 -1.0944101810 0.2242332399 -0.0279166270 -0.2039942890 -0.5401031375 -0.1401203424 -0.7695459127 -0.6104677320 -0.4015872777 -0.3198478520 -0.2655756176 -1.2568724155 -0.0606430173 -0.4599176943 -0.5343842506 0.3362170458 0.0248801876 -1.1495128870 -0.5444305539 -1.3712191582 -0.2035748065 0.5668292642 -0.8473473787 -0.4011696577 -0.0089326305 -1.0085806847 -0.6033256054 -0.4838340878 -0.7709491253 -0.0190726463 0.4526746869 1.5099899769 -1.4535449743 -0.1197266653 -0.6688776612 -0.0088202190 -0.4466339648 -1.0363256931 -0.4268038273 -1.6269321442 0.9796949625 -0.3477649391 -0.0766796619 0.3961622715 -0.9040521383 -0.1136983633 0.0794937313 -1.2222223282 0.8502752781 0.2471799701 -0.0074016377 -1.7266912460 -0.5761648417 0.0349801406 0.0406631306 0.2270651907 -0.3353778124 -0.6570448875 -0.4471599460 0.0595307238 -1.2373963594 -1.2211648226 -1.1962792873 -0.5610556006 0.1361989379 -0.3023649454 -0.1470176578 -0.1260022968 -0.4040156603 -1.0922664404 -0.6067988873 -0.4316052198 0.0812459663 -0.1150231957 -1.9581233263 -2.4164879322 0.1447735876 0.1378809512 -0.2496354133 -0.1167324632 -1.4349668026 -0.1350940168 -1.0265299082 -0.7091384530 -0.5071305037 -0.0809448808 0.0091070905 -0.1149622053 -0.2737556100 0.0243844241 -0.5648325086 -0.1937979460 0.1049791873 -0.5180963874 0.6056258678 0.4037925601 0.0511831827 -0.5659984946 1.0192315578 -0.3068593740 -0.0318557657 -0.3271213472 -0.3864170611 0.1692772061 -0.4541261494 1.6490384340 -1.8393554688 0.1094772518 -1.0583455563 0.1226874664 0.5595261455 0.2720066011 -1.1541583538 0.0158361122 -0.0966053605 -1.5059641600 -0.4117847681 -0.2993081808 -0.3361617625 0.1462712586 -0.2626000345 -1.0258460045 -0.3773332834 -1.3392848969 0.2115015239 -1.5458712578 0.4700269103 -0.7281966805 0.0907805040 -0.9901793003 0.7122215629 -0.0651328266 0.1758904904 -0.0411595106 -0.7629084587 -1.7385247946 -1.5220080614 0.5078073740 -2.0856816769 -0.2243324518 -0.0523038208 -0.0245138705 -1.2744022608 0.3072611690 -0.8292532563 0.4075809419 1.0873057842 -1.6095474958 -0.0208527613 -1.1484475136 0.0208014846 -1.4403357506 -0.5763108730 -0.6955029964 -0.7164422274 -0.8736178875 1.0648362637 -1.4110029936 -1.3728424311 -0.4327180684 -0.2868411243 -0.8958517909 0.0174892098 0.6807811260 -0.8321375251 -0.3211849630 0.3602942228 0.1901444495 -0.8175293803 -0.3219591677
-0.5011344552 -0.5415397286 -0.5162760615 -0.8629756570 -0.2859498560 -0.0285988431 -0.0449840426 -0.0551030003 -0.6003115773 -0.0097432761 -0.9315180779 -1.2562419176 -1.2672007084 0.4274741113 -1.5472556353 -1.2710744143 0.8079478741 0.6834679842 0.3926633298 -0.6227416396 -0.2444095016 -3.0486807823 -0.6410605311 -0.0404168442 0.6391617656 -0.1834935546 -0.2862208188 -1.0367674828 -0.1102145240 0.1277412027 -0.3521571755 -0.1184726283 -0.3859869242 -0.7382330298 0.3674652576 0.5543704033 -1.4767816067 0.2074658871 -0.4884279966 0.0949819684 1.2330023050 -0.0500755534 -0.6440305114 -0.4594994485 0.0121365078 0.1241311952 -0.0744875371 0.1290880442 1.2368506193 0.0573658720 0.6316770315 -0.0919241011 0.0910522565 -2.0236363411 -1.3760806322 -0.3556903005 0.5761816502 -0.5724292397 -0.3862550557 -1.5458080769 0.1540554613 0.2911254764 -0.4131881893 -0.0164868701 -0.1646164209 -2.3335011005 -0.0031879565 -1.2676867247 0.4363539219 -0.5902900100 -0.5813933611 -0.0267651901 -0.4599318504 -0.7463029027 -0.2282425016 0.0301373750 -0.9775494933 -0.3497375250 -0.4599061310 -1.0701029301 0.4736557603 -0.5228197575 0.0071758255 -0.0583517700 0.4285516143 0.6651319265 0.1631217301 0.0171889625 0.2941269577 0.0914812684 -1.0112782717 -0.7140700221 0.3469383419 1.5512760878 -0.1584773213 0.5713594556 -0.3527913988 -0.1053304821 0.0126656592 -0.4267582297 0.2610893846 -1.3776435852 0.7397254705 -0.0496072173 0.0066338461 -0.9512981176 -1.0024880171 0.2807894647 -0.4231345356 -0.4625560343 -0.4547832906 -0.1626151502 -0.2925151587 -0.1146078408 -0.3232916594 0.0803307816 -0.9931028485 -1.1179937124 -0.1827334166 -0.6833046079 -0.5126007795 -0.4044347703 -0.7547674179 0.5090512633 -0.7621992230 -1.4512009621 1.0391935110 -1.0651334524 0.3763810098 -1.2431148291 0.4784262180 -0.5190131068 -0.1113486961 -0.7593495846 0.5617754459 0.3107130527 -0.0300879478 -1.1006391048 -0.0882284716 -0.0616204366 -0.0128472447 0.4927096367 0.7586396933 -0.7808079123 -0.0987220854 -0.3694539070 0.0378930978 0.8766378760 -1.4849773645 -0.0618604831 -0.4317124784 0.4155976474 -0.0200521536 1.8093073368 -0.8525997400 -0.0678044558 -0.4934979677 -0.3255337179 0.0126862936 0.1862880886 -1.0729303360 1.1591229439 0.4500700235 0.2425510436 0.2832132578 -0.7746583223 0.6414184570 0.9176203012 0.4239961207 -0.1486229300 -0.4827554822 -0.7433002591 -0.0047630370 0.2475801408 0.2459902167 0.0623983145 0.6264131665 -0.5800156593 -0.2327690274 -2.0386853218 0.2035578340 -0.4108939767 -0.3244986236 0.8886520267 -0.4988014698 0.5227560401 -0.5459653139 0.0720893294 -0.1500720531 0.4040906131 -0.9323316216 -0.4867182374 0.6197556257 0.5220299959 -1.2820252180 0.9425576925 -0.0360179357 -1.6855430603 -0.0386285521 0.0360807478 1.0412292480 -0.1862865835 0.2215925604 -0.7922015786 0.3167147338 0.7133503556 -0.6057730913 -0.9175037742 -1.2530122995 1.1143840551 -0.2988436818 -0.2520007789 -0.4461246133 -0.0955826864 -0.2320781350 -1.1943804026 -0.0377387553 -0.0154883433 0.3078942299 0.5813887119 0.1033832580 -1.4568730593 0.3744240999 0.5846329927 -1.2518219948 -0.4858895242 0.0601787530 0.0288892835 -0.6239929199 0.1380170584 -0.2993979156 -0.9307603836 -1.7850391865 -0.0574945919 -0.6116570830 -0.2366269082 -0.0152521431 0.4397295415 -0.6582528353 0.9505145550 -0.3589501381 -0.2372269034 0.3201618195 -0.2322728783 -0.9750536680 0.4175974131 -0.4320815504 0.3312816024 0.0329628363 0.4907529056 0.2399621159 -0.3471760154 -1.3373532295 -0.8040012717 -0.2438013703 -0.6975281835
-0.3799521327 -0.7216631174 -0.0551778600 -0.8067768216 0.2525032163 -0.8475487232 0.3833172917 0.0097725885 -0.9787431955 0.1761261821 -0.0650648847 -0.6624855995 -0.6058409214 -0.4804646075 -0.1584246010 0.0687929988 0.0582805537 0.0481726304 -0.0543430969 -0.2420868427 -0.2325234860 -1.4028649330 -0.2887376249 -0.0125882253 -0.4454535246 -0.0217025690 -0.3748258352 -0.2375431806 0.1865688711 0.0104637099 0.0049785902 -0.5205118060 -0.5469269156 -0.7133917212 -0.2977758646 0.0553925112 -1.3740594387 0.0723163486 -0.4807455242 -0.1769748032 -1.4649344683 -0.0167785063 -0.1724412888 0.2528074682 -0.7533970475 0.3359935284 -0.3876557052 -0.0794593096 -0.0247292630 0.2475930750 0.0580954701 -0.3965330720 -0.0440391377 -0.1891015172 -0.2046233118 -0.0566747040 0.0669241175 -0.0029227808 -0.2689132094 0.2735648453 -2.3255898952 -0.0745110735 -0.0812346265 -0.0076156589 -0.9924322367 0.0625170767 0.1503973007 -0.8695849776 -0.0199634656 0.0379015878 -0.0566760786 -0.0103853494 0.0249613039 0.2307459712 -0.4446971416 -0.1315019280 -0.0424389280 -0.2988763154 -0.1305146813 0.0466561206 -0.0919842124 -0.1865670383 -0.0339910239 -0.0500246063 -0.1246223524 -0.0337991938 -0.5444086790 0.0324786529 -0.2878310978 -0.0261393338 -0.5589902997 0.2522228360 -0.0444915630 0.0530732721 0.0555094406 -1.0409730673 0.1282193959 -0.3768833876 0.0464576110 -0.2733470500 -0.2434575558 -0.0597894229 -0.4521471560 -0.2580978870 -0.0965744182 -0.6548785567 0.3620202243 -0.0578464940 -0.5667913556 0.2539704442 -1.0592182875 0.2090892196 0.0682174414 -0.1007510275 -0.1393223107 -0.4132286608 -0.4117624760 -0.4355014861 -0.5495506525 -0.0511186793 -1.3777314425 0.1946588159 0.1121150181 -0.1301606447 -0.4321113229 -0.6533641219 -0.8044883013 -0.0412567221 -0.4709255099 0.0035124347 -0.5333759785 -0.8091105223 -0.0126708597 -0.0039567286 0.1408699155 0.0798594058 0.0593445972 -0.4087265730 -0.2631306350 -0.0612766072 0.0267557204 -0.3479855657 -0.3508694470 -0.1415560991 0.2596131265 0.0409590229 -0.7017391920 -0.4888091683 -0.0503873900 0.0967882201 -0.3425673842 0.0455408096 -0.2876473665 -0.2248268276 -1.5015760660 0.0919863209 0.1843240857 -0.1085559949 -0.5515917540 0.1485137939 -0.1759173274 -0.2786752582 0.3589532375 -0.2453521788 -0.3701827824 0.0000780523 -0.1590573788 -0.0032939960 -0.0557566807 -0.1685099751 -0.3149617016 0.0130058825 -0.0247202218 -0.3606063724 -0.1386840641 -0.0372433141 -0.5485354662 0.1147591472 0.0193690285 -0.9989782572 0.1287515908 -1.0309140682 -0.1877280325 0.1263699681 0.1242832914 -0.2560317814 -0.0282661561 0.0323628262 -0.4515024126 -0.2934593856 0.1343929917 0.0608979538 0.7684272528 0.0047701746 -0.2606362402 -0.1225567162 -0.5409272909 -0.8760530353 -0.6048107147 -0.0279885605 0.0418568365 -0.1790816039 -0.0260225963 -0.2874172628 -0.0990992337 -0.0364867523 -0.0880069882 -0.0609371364 0.1118458733 0.1545580477 -0.6594239473 -0.0127894925 -0.0451869816 0.1768351346 -0.4505401552 -0.0527478158 -0.0327442512 -0.2069224417 0.0494186431 -0.7185485363 -0.2138434201 0.0324923657 0.1599737406 -0.4801262021 0.1682710946 -0.8398024440 -0.0143433586 -0.0202768221 -0.2058292776 0.0324025750 -0.4359444976 0.2616304159 -0.7251205444 0.1863041073 -0.7233104110 0.0297654197 -0.0388383865 -0.3426970243 -0.4658523202 -0.4075796008 -0.7377888560 0.1708062142 0.0545869991 -0.1534068137 -0.1145009771 -0.3164242208 0.0381536409 -0.4957334101 -0.0309371501 0.0590267777 -0.6790183783 -0.3212648630 -0.7718250155 -0.0391858742 -0.3406096995 -0.0450414345
0.0332995839 -0.0043212338 -0.0540376604 0.0503791720 -0.0167324580 0.0509600751 -0.0459213294 -0.0325444303 -0.0622264557 0.0488566719 0.0067157932 -0.0532481037 0.0021653827 -0.0438995995 -0.0675131381 0.0263878684 -0.0223826058 -0.0273978561 -0.0467463546 0.0386678427 -0.0222461559 -0.0599472560 -0.0646237582 0.0537884310 0.0235126354 -0.0204090215 -0.0391204208 0.0361182019 0.0321119167 0.0312737450 -0.0228006709 0.0109592471 -0.0379427560 -0.0196906328 -0.0202568844 0.0567897782 -0.0607599206 -0.0377817191 -0.0320626386 0.0395191610 0.0164988562 -0.0523943752 0.0233360268 -0.0010308996 0.0111065805 -0.0124476049 0.0256380588 0.0208356902 -0.0164275113 -0.0172740240 -0.0603408590 -0.0132227335 0.0280534998 0.0597273856 -0.0743853971 0.0053351521 -0.0656919554 -0.0566897318 0.0059354408 -0.0892132968 -0.0245286077 0.0302961320 0.0293196738 -0.0066977041 0.0276950337 0.0024831400 0.0225402564 -0.0071662106 0.0097623318 0.0194365978 -0.0702729598 0.0361722559 -0.0630868226 -0.0296911411 0.0277926493 -0.0022253306 0.0459272787 -0.0140041020 -0.0385337770 -0.0316989385 0.0180707928 -0.0216426272 -0.0420313925 -0.0290260911 -0.0104522277 -0.0092049316 -0.0004896042 0.0016103238 0.0093198717 0.0207567960 -0.0052627604 0.0258267615 0.0250818152 -0.0443201885 0.0051371902 0.0104920138 0.0334706120 0.0399218947 0.0457284749 -0.0639597774 0.0064749708 0.0383013524 0.0077320891 -0.0223500319 -0.0056975414 -0.0303144716 -0.0330747552 -0.0420105904 -0.0345131420 -0.0482729077 -0.0614340939 -0.0280743241 -0.0586693808 0.0028397343 -0.0171773676 0.0323166102 0.0384418368 -0.0590370893 -0.0855872482 0.0059917122 -0.0639832243 0.0099040559 -0.0637128055 -0.0737159774 0.0207517184 0.0298349094 -0.0239755698 -0.0599466078 0.0093445275 -0.0373413414 -0.0306269042 -0.0306782573 0.0575125143 0.0130850598 0.0385899693 -0.0159350708 -0.0542038530 -0.0654046237 -0.0438498482 -0.0266244560 0.0187152177 -0.0064126095 0.0146040581 -0.0361606702 0.0177434664 -0.0454296619 0.0107235266 -0.0277171358 0.0166458134 0.0369308069 0.0024541488 -0.0564479306 0.0205329712 -0.0285421312 -0.0223119017 -0.0739426613 0.0049738912 0.0450257473 -0.0568659678 0.0456785932 -0.0293231718 0.0230254401 0.0278729722 -0.0630497038 -0.0628144369 -0.0126639977 -0.0273746382 -0.0046202466 0.0193776190 0.0003271964 -0.0291077737 0.0129597634 0.0230484083 -0.0696230680 -0.0062461640 -0.0580212474 0.0304478966 -0.0401676148 0.0569202155 -0.0196747035 0.0295342226 0.0135508021 0.0135898329 -0.0943865478 0.0169427469 0.0175838433 -0.0107756043 0.0208952352 -0.0521524921 0.0529083870 0.0183784664 -0.0335016288 -0.0707255080 -0.0688161999 0.0516812280 0.0255761910 0.0113886828 -0.0191356987 -0.0491646379 0.0389182866 -0.0719991177 -0.0425950103 -0.0410011299 -0.0268987883 0.0230264757 0.0061286241 -0.0094845630 0.0408263355 0.0275381338 0.0068897996 0.0302406494 -0.0744820461 0.0464367792 -0.0466377847 -0.0400372408 -0.0015101507 0.0475362390 0.0491339229 0.0008112416 0.0308129098 -0.0457951464 -0.0677902997 0.0383059494 -0.0030632233 0.0326140374 -0.0006033665 -0.0289045200 0.0176574439 -0.0005749417 0.0000277981 -0.0085544931 0.0429412760 -0.0159771498 -0.0243543778 -0.0499451682 0.0370654687 0.0005681142 0.0525166616 -0.0711135417 0.0112843784 0.0177220907 -0.0605395809 -0.0063020214 -0.0690877289 -0.0199708845 -0.0471516661 0.0002456978 -0.0705942661 -0.0472906604 0.0092043336 -0.0287868287 0.0162908342 -0.0256881882 0.0183536857 -0.0286727156 0.0115370238
0.3442735970 -1.7459018230 0.2817986012 -0.0260525458 -1.7638490200 -0.9302722812 0.7546135187 -1.9737476110 0.4948627055 -0.9439054132 0.2992402911 0.1172269508 -0.0611985512 -0.3446546793 0.4063768685 -0.8836292028 0.7088361382 -0.5044694543 0.3683535159 -0.1583084464 -0.0682403222 -0.5369813442 -1.2681230307 -0.0300856233 -0.6079632640 0.0350524038 -1.9820153713 -0.5189816356 0.1701229811 -0.1161190867 0.3623802066 -0.5567016006 -0.0193701833 0.0937124342 -1.2442411184 0.0869264454 -1.8484226465 0.2034980208 -1.1728295088 0.0389566831 -1.8040473461 -0.0316558667 -0.1113617197 -1.0310847759 -0.7540848851 -0.5065494776 -0.3826257885 -1.8429177999 0.9963089228 -0.1189381033 -0.0821485594 0.4870987833 -0.4665936530 0.3943679333 0.5314248204 0.1444649100 -0.3233771026 -1.0781605244 -1.1593300104 0.2446568161 -0.2379456609 -0.8113514781 0.1090925261 0.0382805765 0.2983543277 -0.4049412012 -0.8996195197 0.0042122193 -0.1071334630 -0.3646086454 0.2824079692 0.0080695972 -0.3814843297 -2.7757854462 0.2487866133 -1.3318397999 0.1521726102 0.0858690441 -0.4086222053 0.9349883199 0.2276466340 -0.6546783447 0.0121592954 0.0458346903 -0.4067898393 -0.5558081269 -1.5939718485 0.1598773748 0.2895138860 0.4688031673 0.1201998442 -1.5737680197 -0.5001499653 -0.3529960513 -0.7286078334 -0.8284013867 -3.5295944214 0.1240864471 0.0196716040 0.1504689753 0.1940622330 0.0246012527 -0.6478735209 0.0877764001 0.0093692113 -0.1004796401 0.7440604568 0.1536718756 0.2127968520 0.3229841292 -0.3071841300 -0.3937253058 -0.8582910895 0.3343117237 -0.7114540935 -1.1200393438 -0.2664105296 -0.8347383142 -2.3370521069 -0.0135863647 -1.5463217497 0.0469367318 0.5488601327 0.4474690259 -1.1549428701 0.3086706102 -0.8406984210 -0.9163155556 0.0017698433 -1.7260522842 -0.4623024166 0.2214772701 0.3513927460 -0.3398007154 -0.6916874051 0.4607357085 0.0177096426 0.1986743510 -0.6178218126 -0.0396096781 -0.0449540094 1.0658293962 0.2338473350 0.9178758264 -0.0669838041 0.0431472138 -0.0011315629 -0.5878546834 -1.3617529869 0.0866576880 0.6635813117 0.3377239108 -0.2423937619 0.2290560603 -1.5883395672 1.1002734900 -0.1071632951 -2.2707724571 -0.3896695077 -1.1996332407 -0.9213557243 -0.2429001480 -0.0549783446 0.5947607756 -0.4450632334 -0.9099008441 -0.2072760016 -1.0127422810 -1.0674329996 -0.9563050270 -0.1875454187 -1.4968637228 -0.0344783291 0.7256257534 0.3377609253 -0.0473084375 1.0889201164 0.9194055200 -0.2530438900 -0.3041738570 -1.9792979956 -1.2916271687 -0.1120197028 0.4947544336 -2.1217951775 -0.9219902754 0.6295466423 0.5126184821 0.0752909780 -0.6108583212 1.4616836309 0.3058457673 -0.3014102578 -0.3909117281 0.0841777176 -0.2289693058 -0.3585054576 -0.5985469818 -0.3294962645 0.0069120005 0.0345041528 0.8480818272 -1.6850197315 -0.8731517196 -0.5640191436 -0.1363497376 -0.5574458838 -0.0953222960 0.0942788050 -0.5757374167 -0.1505969614 -0.3517909646 0.6567807198 -0.0639583990 -1.1636984348 -0.0669543594 -0.2572006583 -0.9949873090 -0.4492582679 -0.6024955511 0.2067272365 0.2401102185 0.1477392167 -0.6511602402 -0.3340746164 -0.4242655337 -0.0318533778 -0.0215811953 -1.1374857426 0.0462899804 -1.3848385811 0.0078855054 0.3499552608 -0.2222831845 0.3065659106 -0.0734678283 -0.0394704342 -0.5336383581 0.6644301414 -0.2104108185 0.4153906107 0.4528454542 -0.0026816353 -0.0956137553 0.6174868345 -0.4456037283 -0.0528828390 -0.9939261079 -0.0196306035 0.4881705344 -0.1399426758 -0.1521593928 0.1913084239 0.0488746688 -0.4804863334 0.6510395408
-0.0414664857 0.8826067448 0.0055888295 0.3708516359 0.1513944268 -0.4977838993 -0.3490251601 -0.8352969289 -0.0715419874 -0.8505254388 -1.3552132845 0.9705148935 1.0521848202 -1.1947888136 0.4833966196 -0.7449064851 -0.9483385086 0.0222511739 0.4590886533 0.3633451164 -0.0550660528 -0.1923558116 0.5049409270 0.0529722199 0.4512566924 0.1417570412 -0.1685532779 0.1141894981 -0.3997201920 -0.2177652717 -0.1588034779 -0.4409876466 -0.2646190524 0.0728514344 -0.2261016518 -0.0550506637 -0.3834982812 -0.4014616013 -0.2647708654 -0.6819833517 0.2172452211 -0.0418678299 -3.2641329765 -0.8886079788 -1.1878319979 0.0414556339 -0.6091080904 0.0852106735 -0.9952644110 0.2240894884 -0.0092114676 -0.0932334289 0.0490121022 0.0776600987 0.2436793894 -0.0362134799 0.2773760259 -0.0430462062 0.1476787031 0.4092626870 -0.2498992532 -0.5350776315 0.1078346521 -0.0030419624 0.4599062502 0.3501504958 0.1725901663 -0.4388512671 0.0464788191 0.0578806549 0.3662009835 -0.0536417514 -0.9337077141 0.3864743412 0.4682172835 -1.0564169884 -1.0105429888 0.0607939847 -0.5536908507 -1.0923572779 0.2752506137 0.1734200269 0.0323012620 0.0470046252 -0.6532056332 -0.0702597201 -0.6106671095 0.0389895812 -0.1246134117 -1.2464498281 0.1310037673 -0.3413171470 0.1668583304 -0.4056392014 -0.0562170893 -0.6416411400 -0.7085465193 0.3010039032 0.0340453312 -0.2102610320 -0.5383790135 -0.0303269532 -0.8897893429 0.0004420430 0.2180134058 0.0530754477 -0.6383876801 0.0269728266 0.8010267615 -0.8923454285 -0.2286017686 -0.3198955059 -0.5038718581 -0.2724294960 -0.7731354237 0.1527321339 -1.1531095505 -1.6690609455 0.1963397563 -0.0347414315 0.1465074569 0.1664931923 -0.5040115714 -0.0755370334 -1.2993996143 0.5015136600 -0.3477981091 -0.4568576217 -0.4404773116 0.0465799570 0.3948557377 -0.6046865582 0.0287577435 -0.1675976664 -0.2146433145 -0.3699580133 -0.0564821884 -0.4757060707 -0.0549427941 0.0558524281 0.0424661040 -0.3703840077 -0.3548895419 0.6342347264 0.4054816961 -1.6538801193 -0.2538170815 -1.3056954145 -0.4491923153 0.6340731382 -0.6506536007 0.0105989724 -0.9021264315 -0.2440326214 0.0274556912 -0.6210935116 -0.3415425420 -0.1747232676 -0.7108920813 0.1108121052 -0.4225270450 -0.1755778342 0.5272001028 0.0666153580 0.2209017426 0.0549843311 -0.6333630085 -0.0426340960 -0.0269244388 -0.0932734311 -0.3623029888 0.0034851953 -0.0187311247 0.0706717446 -0.8883578181 0.0611418188 -0.6135643721 -0.6049978733 0.0375253260 0.3473413289 -0.4506469071 -0.0073681036 -0.3408563733 0.0137435496 -0.1275015920 0.2502601445 -0.4977185428 -0.1926759183 -0.6378068328 0.1605510861 -0.0330934599 0.0422804058 0.5398072004 -0.0170299485 -0.7071071863 -0.8674825430 -0.5483630896 0.0344389789 0.1751655489 -0.0104519501 0.3695587814 0.4796449542 -0.5028876662 -0.6431058049 -1.9648921490 -0.1295035183 0.1810420454 0.0294329002 -0.3735623658 -1.0107030869 0.0786250234 -0.2228465825 0.1207307279 0.0931044444 -0.2369576842 -0.0041167703 0.1946209669 -0.5406158566 0.0118761649 0.0800432488 0.1455048770 0.0485113971 -0.1652061492 0.2185528278 -0.5580649376 -0.8617768288 -0.0092829093 0.0494685546 -0.5193320513 0.0611193776 -0.2684629858 0.1191802621 -0.7662401795 -0.3343858123 -0.7889948487 -0.0517892763 0.0506841391 -0.4275003374 -0.5782661438 -0.4689381719 0.1363201290 -1.6601703167 -0.0137531012 -1.7713814974 0.2658137977 -0.1610959768 0.0087566823 -0.3310296237 -0.0349151567 -0.2110513747 -0.4940629005 -0.0951223373 -0.2244266123 -0.0025508404 -0.3168715239 0.2540400624
-0.0739266053 -0.0943385214 -0.0040880591 -0.1137615889 -0.6402293444 -0.2465968579 -1.0620068312 -0.1256587654 -0.1671819687 -0.2231379151 -0.5793388486 0.2722600400 -0.3011206388 0.4080545306 -0.1978420615 -0.3913657367 -0.5413990617 0.0032157600 0.0501663610 0.0763793066 -0.3609828055 0.1619828939 0.9505108595 -0.0622236580 0.2930994332 0.4856497049 -0.0589270107 -0.0862205923 -0.8080667257 -0.5071805120 0.0828147307 -0.7803786397 -0.3647581339 -0.2444459945 -0.4237865508 -0.0543189570 -0.2303365767 0.2825655341 -0.0664098859 0.0872303247 -0.0368578434 0.0156985614 -0.4473294616 -0.8302930593 0.6014609933 0.5536233783 -0.2345281243 0.1196135059 0.1874756664 0.4249891639 0.1911707968 -0.3393635452 0.0208933875 0.3627152145 -0.2645763457 0.0486859977 -0.1347646862 -0.0163175762 0.0793182999 -0.0249910746 -0.2831948996 -1.5538793802 -0.1180297881 0.0188051239 -0.1440580338 -0.3448365331 -0.4370783567 -0.4653700590 -0.2584576309 -0.0462432057 -0.0473003797 0.0460726693 -0.5846150517 -0.1475167423 0.3229288757 -1.8633270264 0.1955270469 -0.2608649135 -0.9568242431 -0.7778128982 -0.1779941767 -0.0296532027 -0.0317177325 0.0096777603 -0.1316544265 0.0722966567 -0.1588504910 -0.0141542181 -0.7703327537 -0.8560869694 0.6859081984 0.1181287542 0.0710072741 0.2478573322 0.0621305853 -0.5402539372 -0.3193810880 -0.2874775827 -0.0535835549 -0.3169186711 0.4195272326 -0.4344860911 -0.6382703185 -0.0439291783 0.5741353631 -0.0458144620 -0.9059058428 -0.2929043174 -0.3331370950 -0.5945808887 -0.5381791592 0.1254636794 0.3083988726 -0.1162039340 -0.4099388123 -0.4097401798 -1.2120336294 0.2043956816 0.2635031641 0.0213316679 -0.1008991003 -0.4635378122 -0.3341027498 0.0594875328 -0.4317206740 -0.0426584221 -0.8519594669 -0.7209587097 -0.4634400010 0.0424526259 -0.3550273776 0.0515507050 0.0135519132 -0.3863559961 -0.3167249262 -0.4277146161 0.0157238394 -0.0007511902 0.5164165497 -0.0232196152 -0.0327503011 0.7962561250 0.3644722998 0.5255638361 -1.2369264364 -1.5719858408 -0.2530219853 -0.0103344414 -0.1728516668 -0.3200067580 0.1112998575 -0.0550014600 -0.5920582414 0.3242108524 -0.1207757369 -0.1053382084 -0.4089824855 0.2589472830 -0.7223642468 -0.0644088313 -0.4166455567 -0.1050326973 -0.2951549888 -0.2799526751 0.3005554080 0.0612090826 1.0184915066 -0.0679366440 -0.0589283630 -0.1441110969 0.1660736054 -0.0391481109 -0.0552837774 -0.2428773046 -0.3326550126 0.0080548897 -0.8397976756 -0.4647145271 0.0614995956 -0.1177723333 0.0228930209 -0.2681944966 0.6739517450 -0.3070752025 -0.0511985794 -0.2395568341 0.6844486594 -0.2979290187 -0.4357616901 -0.5822796822 -0.6945245266 -0.2037690133 -0.1646358222 -0.3203594685 -0.1339335144 0.1453881413 0.1225533634 -0.6474465132 -1.2304418087 0.0040406957 -0.2818093002 -0.1053698808 -0.3867991269 0.0340371914 0.0476709120 -0.0302127302 0.0902352333 0.0320634171 -0.2226075679 -0.3689892590 -0.0835187733 -0.1079609096 -0.1391368359 0.3117440045 0.1015720665 0.2187696248 -0.0831980258 0.2194207758 -0.0250484459 -0.6254377365 -1.2231004238 0.2477902025 -0.3223844469 -0.4012038410 -0.0383232832 -1.5883253813 0.0017906874 0.0072652847 0.2855452597 -0.0465181693 -0.3538148999 -0.4680023789 -0.4234061837 0.2863458097 -0.8395392299 -0.0117696496 0.0137217343 -0.3955743313 0.1581439525 -0.6096091270 -0.2953875363 -0.5755482316 -0.0299962088 -0.6824741960 0.5589475036 -0.9263669252 -0.0017449781 0.0458685309 0.0359511897 -0.6822825670 0.7179152369 -1.0686928034 -1.2079004049 -0.0324707776 -0.1437294334 -0.8744053841
-0.0791751370 -0.5258631110 -0.5227875710 0.2084959447 0.3695449233 -0.7148959637 -1.0482323170 -0.2329400480 -0.6000214815 1.9237715006 -0.9289080501 0.9340088367 0.4566259086 1.4701935053 -1.3727495670 -0.3685769141 -0.8073447347 0.3977435231 1.7608371973 -2.7139804363 1.3873676062 0.0866834074 -0.0078219902 -0.0351921096 -1.1336908340 0.3639124036 -0.5494487286 -1.5151370764 0.4949550629 -0.8434970379 0.1199213713 0.4491660297 -0.7776714563 -0.7411667705 -1.0267336369 -0.0593812913 -0.6333575845 -0.0382899679 0.2991605401 -0.9911500216 -0.9235351682 -0.0751925781 -0.7290713191 -0.2403985560 -1.0284491777 -0.6957116127 0.7183849812 -0.8268312812 0.5121571422 0.2197183073 -0.8480985761 0.2750630677 -0.1296686828 0.0956532210 -0.0730274320 1.0773366690 0.0505030453 -0.3634621501 -1.2962998152 0.5695161223 0.7669609189 -0.8199677467 -0.0792227015 0.0405089334 -0.7615307570 0.0924393237 -0.1545723379 -1.1418278217 -0.0252648033 0.2497098893 1.1713744402 -0.0187609270 -0.2576994598 1.3702495098 0.2256340533 -0.3446063399 0.6031399369 -0.3248958588 -0.1421389431 -0.0301427953 -0.5565677881 -1.4515147209 -0.0352434441 0.0410342142 -0.4011955559 -0.5486322045 0.7723933458 -0.1724378616 0.5460783839 -0.3293618262 0.1881453544 0.1939565837 0.3795849681 -0.3204980493 0.0433422774 -0.2687093616 0.4661189616 0.9016504884 0.0437089279 -0.2414370179 0.8877672553 0.5728744864 -1.3360016346 0.4161972106 0.0358249061 -0.9381325245 -0.0052824556 -0.8282286525 -0.3286174238 -0.5312718749 -3.5519225597 0.2915025055 0.5488966703 -0.1825063974 -2.0667803288 -0.0909278095 -2.2795176506 -0.7492293119 0.2407003343 -0.1701551527 -0.8762357235 -1.5691336393 -0.6804795861 0.4923119545 0.4041247666 0.4105171859 -0.2374776006 -2.5899047852 0.2890971303 -1.1950027943 0.2374902368 -0.2000572234 -1.1581723690 -0.3751192987 0.5193009973 0.9900771976 0.0467196479 0.0063901129 1.6203080416 0.0555108860 0.0138906538 -0.4222176075 0.3472864330 -0.3801755905 0.4111205041 0.2909117341 0.0795374587 1.0566028357 -1.0738106966 0.2665428519 -1.9069945812 -0.6535509825 -0.6600500941 0.5356504321 -2.5082826614 0.1596427560 -0.1915735900 -0.1046276614 0.9079094529 -0.8654567599 -0.2124745995 -0.0495239794 1.2133848667 0.5944094062 0.4076236188 0.4145541787 0.8842878938 1.1354677677 0.2518459260 0.7405217290 -0.2814956605 -0.1306792051 0.0099338442 0.3103441894 0.2196892500 -0.0079150051 -0.8221678138 -0.3597240746 -0.1113950759 -0.7853087783 -1.6815762520 -2.5523886681 -0.2603844404 0.3324844241 -1.5342433453 -1.6341552734 -0.3011106551 -0.7507253885 0.8122752905 0.1339720935 -0.5268067122 -0.7739512920 -1.1860475540 -1.1287953854 -0.4077516794 -1.6770713329 -0.6204008460 0.2369691581 0.6021903753 0.0105230361 -0.3119807839 0.6728772521 -2.0855095387 -0.2545071840 -0.7673770189 -0.4773802757 -0.7670333982 -0.0025242667 -1.5891836882 2.1205949783 -1.7785286903 -0.2133240253 -0.7982482910 0.3702615201 -0.9396880269 -1.1131684780 0.5197073221 -1.0775177479 0.0114126131 -0.7440903187 -0.3461325169 0.0686495677 0.5083799362 -0.9295030236 -0.7428644300 0.8790217042 -0.0219965801 0.0297001153 0.5129026175 -0.8940820098 -1.0410006046 -0.3812673688 -0.4649284184 -1.5896514654 -0.8342355490 0.7341982126 -0.0468008891 -0.8418951631 -0.3302839696 0.2840164304 0.4589639306 -0.0461278632 -0.0321343243 0.1195499748 0.7001861930 -0.2272641808 0.5936840177 -0.4231382012 -0.0246758163 -2.7383370399 -0.2659096122 -1.5013779402 -0.1317010224 -0.6274640560 1.3343102932 0.0326982997
-0.7501466274 -0.2842676938 0.2296461314 -0.0265816413 -0.0978144333 -0.2433079630 -2.0976617336 -0.0858027264 -0.8977774382 -0.0436978005 -0.4690436125 0.3192791343 0.4144955575 -0.1146030128 -0.4594807029 -0.2231417149 -1.2473572493 0.5619609356 -0.0167692509 -0.8219223619 0.9613043070 -1.5434631109 0.1570634991 -0.0319502354 1.4138252735 0.1614726037 -1.3119530678 -0.3317602277 -0.5019676685 -0.0755373612 -0.0094768908 0.3791457117 -0.9815320373 0.3163710237 -0.3405034244 -0.1964520514 -0.0873318911 0.4842674434 -0.1201483160 0.2152744979 0.2823594511 -0.0115908487 -0.5294255614 0.6733123660 0.6185481548 0.5610169172 0.0579862408 -0.3524752855 0.4391334057 -0.0345970653 0.5331759453 0.5877037644 0.1024278477 0.3495043814 0.1380612701 -0.1745563298 0.3576107919 -0.0871446803 0.0358776413 -0.2893541157 -1.5075604916 0.2174293548 0.2144944370 0.0144771682 -0.6622932553 0.3193835616 -0.1241212785 -0.8179025054 -0.0018676548 -0.7277067304 -0.6837224960 0.0349844843 -0.7708260417 -0.3142616749 0.0037361642 -0.5616356730 -0.7071440220 -1.2719086409 -0.6377373338 0.4120927453 -0.4973326921 -1.5690261126 -0.0248951688 0.0340469331 -0.0476419292 -1.1815146208 -2.5397922993 0.1971931010 1.6909103394 -0.1406820267 -0.2022183836 -0.4891829491 0.2156018466 -0.3255642056 -0.2504403293 -2.5512068272 -0.2502399385 -0.7477318048 -0.0286276266 -0.1502738595 -0.9593158960 0.7047513723 -0.3990504146 0.4130058885 -0.1982276440 -0.1544621587 0.5787351131 -1.2149989605 0.5539987683 -0.4752894640 -0.4096196294 -0.1281985790 0.3611305356 0.1940362304 -1.2775652409 -0.0133429682 -0.7248505354 -0.3146414459 -0.0034815755 -0.1380837411 -0.1572133154 -0.3428171873 -0.2673831582 -0.5825033188 0.2008505017 -1.2697947025 0.1397618502 -0.4302437901 -0.1298920959 -0.0485371575 -0.6459249258 -0.4986324608 0.7579733133 0.5286598206 -0.0594234541 -1.7405734062 -0.0400259644 0.0514576286 0.1138007343 0.0004426464 -0.0148293078 0.3507457674 0.4137066603 -0.0199703537 1.2183071375 -0.1245368943 -1.3370506763 -0.3938012123 0.4391805828 -0.3516798019 -0.0740296990 0.5713684559 0.2719888091 0.2928023636 1.5220369101 -0.5378081203 0.0006938789 0.1547323763 -1.0453691483 0.0211396348 -0.4845097959 -1.1166828871 0.2970311940 0.4045871496 -0.6967005730 1.0846862793 -0.0410341211 -1.3912490606 -0.0656904131 -0.1584134996 -0.6629515886 0.9248796701 -0.0404623300 -0.0031101138 -0.5568165779 0.0502501875 0.4597151875 -0.4857147336 0.0700288489 -0.5677325726 -0.4414880276 -0.6005346179 0.6472713351 0.7507212162 -0.0844963565 -0.5637904406 0.2073520124 0.0509699099 -1.6064659357 -0.2731054425 -1.7461066246 -0.6178245544 -0.6488689184 -0.6864417791 0.1790914685 -0.0554185174 0.1771548390 -0.2450961322 -0.9746016264 -0.0023828074 -1.5909352303 -0.8209075928 -0.3371533453 -0.7342200279 -1.3392865658 0.4277080894 -0.7249389291 -0.5643249750 0.3115550280 -0.5736214519 -0.6443923116 -1.0945922136 0.1539345384 -0.0546309352 -0.2957636714 -0.1956024170 0.3885362148 -0.0164679959 -0.5471701622 -0.2874545753 -1.3253051043 -0.6093199849 -0.0058976547 -0.2416684926 -1.9192279577 -0.5988688469 -0.3117940426 -0.0059117228 -0.4759034514 -0.3210434318 -0.0932748765 0.9387220740 -0.1631097347 0.3619261682 -0.1080214083 -0.5064378977 0.0099626482 -0.2275238335 -0.2605546713 0.0812079087 -1.2386624813 -0.2019073963 -0.3061725199 -0.8843837380 -0.6045525074 0.5560772419 -0.2193662971 0.2795986831 0.0462069511 -0.0653849542 0.1217155978 -0.7649130821 -0.6194514036 -0.8304240704 -0.0689643249 0.2492942363
0.3282483518 -2.4080083370 0.0029497924 0.2792491615 -0.2149307877 -0.2461789399 -0.2431629747 -1.5066101551 -0.6658600569 -0.0960463136 -0.0245641787 0.4791791439 0.9446910024 0.1365140527 -0.7645495534 -0.1371471435 -0.1703497320 -0.1331270933 0.1265595257 -0.5961338878 0.1784333438 -0.5641379952 -1.8489462137 0.0124987811 -0.8902219534 0.2727553844 -0.0650678128 0.3604355454 0.0956829786 0.8811503053 0.6505252123 -0.8785644174 -0.2463987321 -0.5881501436 -1.0532914400 0.0009174568 -1.3494367599 -2.1973712444 -0.6410430074 -0.0478898212 -0.1577422619 0.0058584083 -1.0558973551 -1.1096892357 -0.8865115643 0.2950783968 -0.6730266809 -0.0058465018 -0.2871129513 0.7241665721 -0.8390954733 -1.1852813959 -0.0480144434 -0.8889927268 0.3196172118 0.2727040350 -0.0869917721 -0.0017563298 -0.0710234046 0.0763660371 -0.0630880818 -0.1511458158 0.1338494867 0.0889725089 -1.1572118998 -0.1358437240 -1.4491230249 0.3155669570 0.7696334720 -0.4068802893 0.6349660754 -0.0535476878 0.1902211159 0.2076640278 0.1431614310 -1.3376606703 0.3800080419 -0.8563425541 -0.3122001588 -0.3711840212 0.0058325776 0.7178264260 -0.0037499145 0.0470136404 -0.2336404622 -0.6738094091 -0.5548518896 -0.1056576520 -0.2307746410 0.6207650900 0.3009192348 -0.2703135908 0.2671330869 0.3200969696 0.4479616880 -0.6604259014 -0.8000591993 0.8176120520 -0.0093708113 -0.3630366921 -0.2769407630 0.5462549925 0.6645716429 -0.9289413691 -0.2984583080 0.0463549159 -0.3525922298 -0.4708431661 0.2215755880 -0.4785153568 -1.7730168104 0.1400306225 -0.1898621023 0.5549788475 -0.3061282337 0.2525534928 -1.0918722153 -0.2695583105 -1.2835446596 -0.2068288624 -0.4019423723 -1.2890906334 -0.3914268017 0.5597471595 -0.3829582632 0.7894936204 -1.0490367413 -0.7712832093 0.0937167332 -0.6247606277 -0.1214847863 -0.2502304018 -0.3330330253 -0.9466786385 0.1835088879 -0.4169453084 -0.0360613093 0.1476379633 0.7442944646 0.0209057853 -0.0200964063 -0.2359471321 0.0252666771 0.9453819394 -0.4603490531 -0.7025586963 -0.8728474379 0.6112537384 -0.8711296916 0.6736564040 -1.0130015612 0.2361920178 0.4810180962 -0.2904337347 -0.1513961703 -0.2566783726 0.2258204222 -1.1357102394 0.1406442970 -0.7827975750 0.2607824504 0.4019547999 -0.2847973108 0.0530400872 -0.1664291024 -0.2318555117 -0.6202257276 -0.1944759190 -0.4200627208 0.9780037999 0.4170562923 0.1647215933 -0.0144421160 -0.7523641586 0.9243968725 0.0575993210 -0.0393905863 0.3623215258 -0.0678833723 -1.2679039240 -0.1923823506 -0.2248132825 -0.1086211428 -0.3576532006 -0.3945257962 0.4218378663 -0.5962973237 -0.6288150549 -1.5534003973 -0.0093043633 0.3377599716 -0.3188701570 -0.8712198138 -0.0361812226 0.1091989428 0.1641261578 -0.8287449479 -1.1279617548 0.4132540524 -0.0003710017 -0.1551664472 0.2027148306 -0.8688792586 0.9966710806 -0.0698071793 -0.0535548031 -0.5052363873 -0.2807877958 0.8062123656 -0.4003486335 -0.2062403262 0.0630126670 0.3237955272 0.2341381013 -0.0394994915 -0.5801458955 0.5842448473 -0.0562634803 0.4877015352 -1.7742062807 0.2648324966 0.1954076290 0.9766419530 -0.6151026487 0.7475467324 -0.7815597653 0.1919678152 -0.0072922558 0.1026007682 0.2870135605 -0.6649964452 -0.8617836237 -0.2615695894 -0.0836443529 -0.2874180675 -0.0294399653 -0.0504374653 0.2386114746 0.2819314003 -1.6672832966 0.2061056793 0.1436714530 -0.0455291979 0.5406761169 0.0780840442 -0.9982675314 -0.1706533432 -0.2825597823 0.0290931538 -0.8572263122 -0.8456603289 0.4063931108 -0.9982641935 -0.4233239889 -0.1643977463 0.0637584776
0.0846669748 -1.5773774385 0.4162500203 0.4857689738 -0.3640305102 -0.4491201043 0.1713827550 -0.1090433076 -0.8107441068 0.4503943026 -1.0253201723 -1.3302853107 0.6020586491 -0.4319562018 0.8942029476 -0.4962230325 -0.0205883328 0.4968105555 0.9884260893 -0.2206534147 1.5016851425 0.2991464734 -0.4736558497 -0.0520684198 0.5923418999 -0.8491771817 0.0556083582 -0.8656898141 -0.9930126667 0.9945919514 -2.5267643929 -0.4622696936 -2.2867960930 -0.0259386487 0.2985742092 0.4645633996 -0.1467380226 -0.4516585767 -0.2849329114 -0.3061349988 -0.1392638832 0.0198334660 -1.2892154455 -0.2658803463 -0.1209259108 -0.0379449725 -0.0084029781 -0.1106720641 -0.7600625753 -0.6717996597 0.6105207205 0.3712411821 0.7059831023 -0.3150629401 0.2340055704 -0.3198210597 -0.6533389091 0.2270392329 -0.5596829653 -0.2545925081 0.1934176087 -0.9020122886 -2.1377999783 0.0730181858 0.3324925601 0.0300554931 -1.0427287817 -1.1930894852 0.4673362672 -0.4062604010 0.3564602733 0.0476417392 -0.0692638010 -2.1051225662 -0.3913853168 0.3616708219 -0.7243052125 -2.1455099583 -0.5126741529 -0.4747737944 -0.3617188632 -0.2432275712 -0.0249923319 -0.0276058018 -0.2009975165 0.3286839426 0.1211262196 1.1942915916 -0.6410019994 -1.4168943167 -0.8120213151 0.3694992363 -0.2255312204 -1.5382456779 -0.4114620090 -0.2103847116 -2.1891174316 0.9883190393 -0.0067774877 0.2710523307 0.5129373074 -1.6123703718 -0.8476577401 -1.2132310867 -1.6619899273 -0.6213353276 -0.8905625939 -0.2965793014 -0.1093333587 -0.4739521742 0.5508541465 -1.2620359659 -0.6024861932 -2.2329144478 -0.5425714850 0.2465306669 -0.4153442383 -0.3658153415 -0.0437312387 0.3174825609 1.2978993654 -0.4718296528 -1.1305804253 -0.0954851806 -1.6511920691 -0.1443024874 0.6228066683 0.9383638501 0.1848477572 -0.3196024001 -0.0869252458 0.7568611503 -0.1973153353 -0.2072913051 -0.3073447645 -0.6377232671 -0.0293041393 -0.5719406009 -0.4089826643 0.0108388960 -0.0185891539 -1.0066742897 0.0739097223 -0.0790360868 0.4691822827 -0.1631884128 -0.1806762218 -0.2237405330 -2.3651103973 -0.8562980890 -0.3210930228 0.4185872376 0.2330298722 -0.1189426705 0.6131999493 -1.2942792177 -1.7989023924 -0.8910429478 0.0108695552 -0.4733079076 0.0294950064 0.3247726560 0.7935059071 -0.2249878496 -0.9131698608 -0.4085839987 -0.1944050193 1.0873174667 0.1145932153 -0.6344824433 -0.5054419041 -0.1410480738 0.0030542687 0.2022850364 -1.4591774940 -0.0271619856 0.3408732712 -0.3913443685 0.1159322113 -0.6623107791 -0.1542537808 -1.2397638559 -0.0839884207 -0.0699696019 -0.4134903550 0.0077068992 0.3849149048 -0.3853604198 0.2814201415 -1.0601876974 -1.0485823154 -0.1520159841 0.5141372085 -0.0933243334 0.0127683720 -0.1581034511 0.0231714882 -1.2391698360 1.2691924572 0.0324549004 0.9667366743 -0.3611712158 -1.6395432949 -1.7844835520 -0.9134585261 0.5665152669 -1.4936580658 -0.2221504301 -0.2538874447 -0.5081491470 -1.0617043972 -1.0972231627 -0.5673089623 0.0516893826 -0.5652216077 0.0608469620 -0.1043859646 -0.8179222941 -0.1512408406 0.0073965825 0.3595754504 0.5454090834 -1.4621139765 0.1061562374 -0.8004858494 -0.1092036813 -0.1254089326 0.0395395532 0.8035353422 -1.1666362286 -0.4891424775 -0.6448693275 -0.5080736876 -0.1814109981 0.2160090208 -1.2424123287 -0.0379795954 0.8926634192 -0.7691707015 -0.1763635427 -0.3197630942 0.0118246144 0.0670579225 -0.3866921365 -0.5626698136 0.1773005873 -0.0499132052 -0.8586901426 -0.0532481596 0.9523385167 -0.1569921821 -0.6643307805 0.4115236402 0.7693139911 0.6072372198 -0.2545901537
-0.0172735993 -0.0145945940 0.0558528230 -0.0311392210 0.0276516099 -0.0202587154 -0.0508068316 0.0463889837 -0.0010835555 -0.0717951357 0.0711011514 -0.0584647283 -0.0304091815 -0.0124506457 0.0392662324 0.0110232243 -0.0539627336 0.0450783931 0.0280249342 -0.0289577134 0.0152395675 -0.0065871188 -0.0962882265 0.0055132732 -0.0510327630 -0.0177191868 -0.0919747427 0.0112298513 0.0702034160 0.0188373476 -0.0233660210 -0.0166501608 0.0049194889 -0.0233929288 -0.0544777960 -0.0162760094 0.0275258068 0.0193520915 -0.0604110807 -0.0659779757 -0.0775367990 0.0152508169 0.0197621398 -0.0517525189 -0.0500184372 -0.0141223259 -0.0236822143 -0.0007977683 0.0335038938 -0.0079382751 0.0210460126 -0.0785104558 0.0387164280 -0.0476513132 -0.0505125821 0.0004806593 -0.0452189408 -0.0455046371 0.0102613028 -0.0375932530 -0.0024818256 -0.0352204517 -0.0569340289 0.0048510879 -0.0945320278 0.0328855030 0.0567780063 -0.0759324878 -0.0357320048 -0.0252662003 -0.0820529535 0.0396835357 -0.0102104815 -0.0474014021 0.0376402624 -0.0405617431 0.0086173834 -0.0066340612 -0.0377554186 -0.0329069272 0.0045891860 -0.0246874467 0.0247061402 -0.0063595697 -0.0081713013 0.0523918346 0.0349797271 0.0118467510 0.0145914443 0.0062127342 0.0356894843 -0.0570960268 -0.0442704186 -0.0467642099 -0.0250892546 0.0190545209 -0.0358073004 0.0366213210 -0.0229570195 0.0119584901 -0.0306859072 0.0302498899 -0.0575249493 -0.0374115296 -0.0932938233 0.0303798504 0.0167739298 -0.0607230179 0.0055893948 -0.0128620053 0.0527944751 0.0269466769 0.0555230267 -0.0469933003 0.0416125022 -0.0582191870 0.0214532427 -0.0516447611 0.0364448801 -0.0261096414 -0.0423816368 0.0790657923 0.0363766961 -0.0193177890 -0.0257009305 -0.0230668709 -0.0779241174 -0.0115769794 -0.0503737442 -0.0021816418 0.0037235988 -0.0598183796 0.0247142389 0.0335823745 0.0524770133 -0.0038392448 0.0456252918 -0.0101153897 0.0456791408 -0.0154972598 -0.0622413456 0.0813584775 -0.0458240248 -0.0107556432 -0.0526300408 -0.0671757236 -0.0068403599 -0.0273866002 0.0165277794 -0.0605931766 -0.0092451591 -0.0236641988 -0.0370065086 -0.0192096792 0.0248269215 -0.0565294400 0.0521364994 -0.0101756230 0.0274643973 0.0560049117 -0.0789367408 -0.0326444954 -0.0475350283 -0.0043314849 -0.0182560440 0.0140133575 -0.0094545465 -0.0127573237 -0.0435411781 0.0659362972 -0.0379442684 0.0199654400 0.0611646101 -0.0065670107 0.0215845797 0.0350780860 0.0133515801 0.0559665076 -0.0206622779 -0.0225216877 -0.0920919925 0.0041650468 -0.0065108920 0.0378255621 -0.0630063564 0.0500131957 0.0365995057 -0.0780395567 -0.0443425477 -0.0604686551 -0.0526537038 -0.0152889406 -0.0249599274 0.0169644114 0.0152787045 -0.0344232656 -0.0429307856 -0.0184859093 -0.0548369698 0.0400760174 -0.0696651936 0.0026212786 0.0201535970 -0.0745786503 0.0537828282 -0.0381597355 0.0055953134 -0.0237047821 0.0170363244 -0.0378269441 -0.0267433301 -0.0150639210 0.0190082844 0.0083603347 -0.0420797504 -0.0114861131 0.0512736998 -0.0162215587 -0.0627259091 -0.0123665109 -0.0014495511 0.0262822192 -0.0634243116 0.0178475101 -0.0038305693 -0.0356819443 -0.0280327871 -0.0077823773 0.0298147183 -0.0223833248 0.0265553091 -0.0380267315 0.0208813306 -0.0550615676 -0.0892588645 0.0380189270 -0.0082828701 -0.0582745858 -0.0521074310 -0.0671596527 -0.0564159751 -0.0313091725 -0.0359918177 0.0197802037 0.0424339846 0.0264280625 -0.0016978699 0.0094763357 0.0073382780 0.0448795445 0.0003332341 -0.0260292348 0.0054854481 0.0394437760 -0.0170377884 -0.0001982420
-0.0199212302 0.2165668160 -0.1084110439 -0.1700741947 0.0593780875 0.3695742488 -0.0025734128 -1.5469100475 -0.1291251928 0.0749550313 -0.2329722643 0.0727421567 0.0246382374 0.1086718366 0.8286963105 -0.0555929430 0.4488837123 -0.0761728212 0.1988248527 0.0834218338 0.4519413710 -0.0338838883 -0.1689059734 -0.0449574217 -0.8980323076 -0.3676016629 -0.3192848563 -0.1244337037 0.0661821589 0.0406222492 0.2858362198 -0.1895695031 -0.0267857704 -0.1646365225 -0.1109798327 -0.1257832944 0.3368055224 -0.3142630756 0.5543015599 0.1449953914 -0.2404491305 0.0369678661 -0.0784778297 0.1521114707 -0.0822773203 -0.1224910915 -0.0364194550 -1.2479327917 0.0068903021 -0.1196065694 0.0816396251 -0.2248715162 0.2169012725 0.2366089821 0.8445513248 0.1417855918 0.2508256137 -0.2913192809 -0.3128584623 0.1284569353 -0.1167308018 -0.1648883671 0.0116870850 -0.0267893039 0.0390954651 0.0171277374 -0.0999524146 0.0743804201 -0.0241555348 -0.0718867928 0.2267679572 0.0392145291 -0.7735806704 -0.1501837224 -0.3907902837 -0.1219167262 -0.2510704696 0.1334856749 -0.0884732306 -0.0619312301 0.2917576432 -0.1743510067 -0.0340570360 -0.0170022398 -0.1092570871 -0.3258730173 -0.1702882349 -0.0748997629 -0.3918452859 -0.1260370463 -0.2323668450 0.0766975433 0.2192974538 0.1602882594 -0.4287490845 -0.2737418115 0.0848837346 -0.0994661152 0.0037289485 0.0302512795 0.1058366820 -0.0512938574 0.3715555370 0.0193466432 -0.4975579679 -0.3640647829 -0.1802988499 0.1796231866 -0.1912998259 -0.0564146228 0.0287165325 0.4040569663 0.1241216213 -0.0725478604 0.0624603182 0.5504319072 -0.3950114250 0.3912360370 -0.2521141768 0.0699876323 -0.1203178540 -0.7041526437 0.8872120380 0.2802781165 -0.1109774783 0.0491351709 -0.1050285995 -0.1688921154 0.0963487551 0.1996454298 -0.4336452186 0.7022420764 -0.5543869138 0.0324262418 -0.2234858721 0.0683717877 -0.0352786109 -0.5239517689 -0.2824133039 0.0102686137 -0.0025292486 0.0174868982 0.0028081504 0.9349137545 -0.0620103441 0.1581286937 -0.1423354745 -0.1181634143 -0.0202952847 -0.2486659586 -0.1232196018 -0.3691130579 -0.1248276681 0.4223781824 1.6773302555 0.3968678415 -0.0271687191 0.4198785424 0.0105996747 0.1089138165 0.1851206571 -0.2498719394 -0.2232095599 -0.7747060061 -2.2477521896 0.0986615047 -0.0084635457 0.0182246678 0.2424472123 -0.1660898179 -0.9283843040 0.1724523604 0.0235907882 0.9155780673 -0.1828109324 0.0160656944 -0.2338524014 -0.2289161682 -0.0856594145 -0.2639486492 0.2466124892 0.1807953417 0.7015777826 -0.0536443666 -0.5821751356 -0.9464269876 0.2031885982 -0.2580592334 0.3865765333 0.1470327228 0.4422291517 0.6485293508 -0.0734122917 -0.5921404362 -0.1582757533 -0.5263004899 0.0800591409 -1.0443162918 0.3856525421 0.0097289011 -0.2711612880 0.0574502088 0.0846483260 0.0609799586 -0.0123576708 -0.1796597838 -0.1187721118 0.0542967506 0.9382768869 -0.0008321300 0.1643349826 0.1388148218 0.3396103680 -0.0576647036 0.0802242756 0.0153970188 0.0579558723 -0.6822859645 0.0073502548 -0.4187723696 0.1320299506 -0.1879633069 0.2230783552 0.0244767889 0.0696752444 0.1270211190 -0.1561732441 0.0231845155 0.3637725711 -0.3933886588 -0.5172560215 0.1443835348 0.3937962055 0.2358847409 -0.5720241070 0.0351769216 0.0220719278 0.2235504985 -0.2326364070 0.0939031169 -0.1914783418 0.1222614124 -0.0311958548 0.0574427173 0.3293710053 0.5931394100 0.0471214280 0.2403829843 0.0044774935 0.0363483243 0.0333213732 0.0860797390 -0.0696530491 0.3915554285 0.2989212573 0.3120312691
0.7607331872 -1.3237365484 -0.3712140620 0.2818468511 0.4550288618 -1.4168198109 0.1699814349 0.9139417410 -0.1301061213 0.5849103928 0.6014310122 0.2433522195 0.2486480027 -0.3623841405 0.3675753772 1.9710562229 0.5246864557 0.3603124917 -0.1525503397 -1.0386056900 -0.4315416813 -0.6676598191 -0.2888698876 -0.0029692873 0.6035134792 -0.8534150124 -0.9390243292 -0.9297195077 0.8673333526 -0.0654234588 0.5248097181 -1.1191397905 0.4132102430 0.3718049228 0.4711426795 1.3459793329 0.7875267267 -0.1896678805 -0.3910650313 1.7539881468 -0.4274755716 -0.0514689498 0.0869193226 -0.0876071751 -0.2015934587 0.1628471762 -0.4113366008 0.0019060574 0.6793626547 0.5956304669 -1.0106666088 -0.4026366174 -0.2358116657 -0.5350208879 0.1108606085 -0.1706431061 -0.2563937902 -0.3464702964 0.4796358645 -1.1064074039 -0.3694337308 0.4367437959 -0.1538422406 -0.0191711746 0.7388367057 -0.8142968416 -0.9253237844 -0.5077489614 0.2927746177 -0.1498894095 -0.2416197360 0.0059907734 -0.3961542547 -0.1670816094 -0.0491886772 -0.0743881315 0.1560542285 -0.6806858778 0.8979707360 0.1098612100 0.4217844009 0.2554312050 -0.0389000997 -0.0487059802 -1.0952370167 0.1665368527 -0.5201485157 -0.3129807711 -0.2252421975 -1.5412631035 -1.2685719728 0.2962715328 -0.1051381454 -0.4607123733 -0.3449337184 -0.3905414939 -1.2391582727 -0.2446411699 0.0207646042 0.9017472267 0.3715627789 -0.2061640620 -0.4275215864 -0.1004040614 0.7494895458 -1.0405545235 -1.2309908867 -0.2749571800 -1.4501041174 0.3633637428 0.9606819749 -0.1063116193 -0.7567366958 -1.7144293785 -2.5793468952 0.1495520622 0.5201120377 0.5107364655 0.6027805805 0.7562515140 0.1180119216 0.7073593736 -0.3747539520 -0.0443939045 -0.1145073920 -0.3793910146 0.5067687035 -0.4978286326 0.0264070239 -0.8578923941 -1.1589884758 -0.4975517690 0.0260901041 0.9310697913 -0.4082338214 0.7356075048 0.0366542861 0.5048375130 -1.2660096884 -0.0192111358 -0.0079219192 -0.0470248573 0.2871937752 0.3664794266 -0.1640774161 -0.4592957199 0.5294449925 -0.5336654186 0.0586742572 -0.5575997829 -0.5443854332 0.3338385522 1.0915232897 -1.7656822205 0.1597688645 0.5666557550 -0.9373008609 0.9510617256 -0.0376980714 -0.2564851642 -0.2358113527 -0.5435661077 -0.5455362797 0.1517874449 1.1577056646 0.1974331588 -0.6838225126 1.0555115938 -0.1682121158 -0.2289187163 -0.7585988641 -0.1123945415 -0.0472717136 0.1058248580 -0.3528177142 0.0038987622 0.4576213360 -0.3812919259 -0.3183919489 0.2525156736 -1.9257448912 0.4869044423 -0.6070087552 -0.9568011761 0.3814629316 -0.5131070018 -0.0352619737 -0.7258419394 0.6411132216 -0.6733123660 0.1297286302 -1.3626344204 -0.5574395061 -1.5581871271 -0.9333626628 -0.0811431557 -1.1209491491 -0.7450609207 0.5713798404 -0.0310137123 0.3591848016 0.1298177540 -0.8107185960 -0.1404120177 0.2366278172 -0.1722595692 0.6069566607 -3.4216737747 0.7327220440 -1.8542261124 0.2326445132 -0.4060890079 0.3746370673 0.1015143320 0.1524726897 -0.7795183659 0.2845045030 -2.6049752235 -1.1854442358 -0.0726644620 -0.4661773443 -0.0500347987 -1.1386493444 0.3872183859 0.2510493398 0.5160787106 -0.6295102239 -0.0517551303 0.5159947872 0.1210366189 -0.9495219588 0.0940513611 -0.0800628290 -1.3793840408 -0.5145951509 0.1268919855 -0.0436514094 -0.2631358504 -0.4833395779 0.1805990040 0.1375655830 0.9320364594 0.7106455564 0.6816254854 -0.3104558289 -0.0691493303 0.3932325840 -0.5324361324 -0.0286150947 1.3923999071 -0.2251409441 -1.0492141247 0.0925182030 -0.3885515332 0.5806266665 1.6200125217
0.0016844964 0.2189573199 -0.2333132327 -0.2880293131 -0.4369834363 -0.0640756562 -0.0573722795 -0.0365725569 -0.1535884589 -0.0524497777 0.0224038940 -1.0499955416 0.0514249466 0.1584047079 -0.4018888772 0.4996060431 0.0074581956 0.1334318817 -0.1789478660 -0.0552261844 -0.7547082901 0.1786234230 0.5119241476 0.0572816804 0.4835341573 0.2692090869 -0.1876926273 -0.0412475877 -0.4846127629 -0.0974897295 -0.0793722272 -0.1095165014 -0.5622646213 -0.1219633296 -0.9466147423 0.0432512909 -0.0379602090 0.3559723496 -0.3137540817 -0.4610522389 -0.1790273190 -0.0476955101 0.7386528254 -0.0318309329 0.1260874867 -0.0838679522 -0.8597899079 -0.0013688565 0.1730666310 -0.1486927867 -0.1280145347 -0.0895758197 -0.1105411947 -0.7480341196 0.0764300600 -0.2430970371 0.0495797470 0.0087370798 -0.1168415248 -0.3910114467 -1.0724273920 -0.3065169156 -0.8738037944 0.0317258835 0.2529709041 0.0439759307 -0.5537956357 -0.3698546886 -0.2513306439 -0.1280779392 -0.6457431316 -0.0174744874 -0.5792189837 0.0004061373 -1.1959967613 -0.4235077202 0.0736032799 -0.8985655904 -0.3453643918 0.0193651486 -0.5661669374 0.0440566391 0.0266201496 0.0170636177 -0.0818091780 0.2566112578 -0.0038919856 0.1104359403 -0.7971411347 -0.0008206192 -0.2202333361 0.0320459306 0.5248843431 -0.1831827313 -0.0628087819 0.2628329396 0.3470278680 0.1409393251 0.0140609220 0.0485454574 -0.0255446080 -0.1967879385 -0.2631480992 -0.1119257137 0.1848940700 -0.1874829382 0.0739604905 -0.0259663779 0.2190130502 -0.0407119058 -0.7764390111 0.1100192890 -0.5094551444 -0.0350232497 -0.0486440249 0.1082405671 -0.3911821842 0.1293786317 0.1643010974 -0.3085038364 -0.1444842666 0.3392989635 -0.9002695680 -0.0777532533 0.2437334210 -0.0184886381 -0.3949707448 0.2629447877 -0.0599939153 -0.3420824707 -0.2522841692 0.1012489274 0.0867027417 -0.3871672451 -0.7277569771 -0.0510865487 -0.0309899002 0.4637484550 0.3116067350 -0.0143099204 -0.0191926658 0.5145857334 -0.2000515014 0.2164579332 -0.1795501560 0.0650230572 -0.5067967176 0.4890613854 0.1290065944 -0.4805877209 -0.0163087305 0.0080864821 0.1902456731 0.1036690325 0.1028488204 -1.1345194578 -0.4104762375 -0.0686471537 -0.0331258439 0.1449526697 -0.1702938229 0.0391994752 -0.0393893532 -0.3579716980 -0.1156970561 -0.2226572633 0.1156022474 -0.0446445718 -0.1958010644 0.1989297420 -0.4058624804 -0.0754987523 0.0536541715 -0.0268159602 -0.7892950177 0.0548395440 -0.3909746408 0.2585293651 -0.0111798793 0.0484893881 0.0528177768 -0.1261588335 0.4718993604 -0.2942619622 -0.1015342399 0.6839720607 -0.0181449614 0.7171648741 -0.0549056716 -0.3577262163 0.1788839400 -0.0593363605 0.1455352455 -0.0133630345 0.2456307113 -0.2224589586 0.1812327504 0.0008339866 -0.0106468806 -0.0242869407 0.0073688771 -0.3449529409 -0.4304984212 -0.0668207407 -0.0395000614 0.0656613559 -0.4832486510 -0.0436353683 -0.0203137249 0.3321622908 0.1192391366 0.0310242977 0.1221787855 0.0297481138 -0.0141506512 0.1350185424 0.3306424320 0.0407730788 -0.0204426851 -0.0913788527 -0.0396793000 0.2058116645 -0.1639537513 -0.1328980476 0.0083117438 -0.0209553875 -0.3340181112 -0.0497848392 0.1719928980 -0.0386242755 -0.0159067512 -0.1575205028 -0.0891737938 0.2019490302 0.4245776534 -0.4291280806 -0.0083773062 -0.1280843467 0.0388155989 -0.1796290576 -0.1188807786 -0.0135454889 -0.0304145887 -0.2195178121 -0.8641154170 -0.3889286816 -0.0113119595 -0.1035472080 0.0059213266 -0.0913344473 0.0844232142 0.1233474091 -0.8566427231 0.0208112951 -0.1922050714 -0.1700070798
0.2268548459 -0.0485306866 -0.0566632748 -0.6352364421 0.2497228682 -0.4212463796 -0.2919444144 -0.3167226315 -0.2164260745 0.0134389866 -0.1424829513 0.1128170490 -0.7585428357 0.3679859638 0.0617536604 -0.3422679603 -0.1384805441 0.0624840036 0.1228776649 -0.0788238421 -0.5765997171 -0.5115300417 0.1668032110 -0.0181413665 -0.0575425811 0.4604501426 -0.3119042516 -0.0950251594 -0.3942717612 -0.0512339137 -0.1588530988 -0.0890915543 -0.6022056341 -0.2257110178 -0.5356511474 -0.0080305189 -0.1295333654 0.3423636854 -0.1490277648 0.4904108942 -0.2249548584 0.0630541593 -0.4022323191 -0.2638698220 -0.0621726438 -0.1049264669 -0.3320223391 0.1501280218 0.2491998672 -0.5618053675 0.0467084050 0.1539120972 -0.0191676095 -0.3027945757 0.1025853008 -0.0354849249 0.4376691282 0.0063625649 0.6464923620 0.1798323989 -0.1408812553 -0.0697894692 -0.0030677647 -0.0915787593 -0.4138449132 0.2917348444 0.6217206120 -0.7388500571 -0.0603816286 -0.0008417219 0.0080628349 -0.0050076842 -0.5443204045 0.3790383637 -0.0009099974 -0.6367534399 -0.1582015753 -0.4748493433 -0.6116525531 -1.3565024137 0.1807938963 0.0447812155 0.0188064948 0.0324665681 -0.6657252312 0.0455862656 -1.2319295406 -0.0116789341 0.3389368951 -1.5757684708 -0.1428425312 -0.5388271213 -0.2730177045 0.3382033408 0.0184317380 0.0915755406 0.2825601399 0.2932220399 0.0143804923 -0.7729594707 0.4873305261 0.2109533846 0.4184183478 -0.5120850205 0.0057859910 -0.1483317614 0.3864522874 0.1641142666 0.1185212508 -0.8506652713 -0.8393235803 -0.3396496475 -0.3543873429 -0.3734435439 0.5572395921 -0.0594567582 -0.5768325329 -0.0417355709 -0.4663000107 -0.0122965798 -0.0854803845 -0.1679658443 0.2798305452 0.5220718980 -1.1805135012 0.1540185362 -0.8736599088 0.1296864450 0.5873383880 -0.0409986824 0.7906526923 0.2809168100 0.0047617704 0.2954159081 0.1055436283 0.0554389544 0.0082833022 -0.7670491934 -0.3535729349 -0.0191754550 -0.0314479470 -0.5913630724 0.2263694853 -0.0792750716 0.3250240088 -0.8890921474 -0.7773771882 0.2894020081 -0.5092579722 0.1175471917 0.0144742243 0.0233762264 -0.6706556082 0.1548987031 0.1617873311 -0.0039699189 0.2945801914 0.1751487851 -0.0825627148 -0.3487364948 -0.0102359885 0.4004837275 0.0857666805 -0.4307760298 -0.7975811362 -0.0148304328 0.5059211254 -0.0448470637 0.0575619489 0.2333858758 -1.2577849627 0.0465875641 0.0406960398 0.0523999706 -1.4210845232 -0.0007284731 -0.3944061399 0.4706677794 0.0417983457 -0.4720523357 -0.1401544660 -0.4445820749 0.6128634810 0.6178638339 0.2116375715 -0.2506220639 -0.1774188578 0.3468827605 -0.7819752097 0.4545012414 -0.0563517883 -0.9076327085 0.1666461974 -0.6175382137 0.2450519651 -0.3144270778 0.4196704328 -0.0710509792 -0.3685801029 0.0609800145 0.1520756185 -0.2610952556 -0.0417763777 -0.4006979167 -0.6009154916 0.0415931083 0.2285968065 -0.0546004996 -0.4236807227 0.7692583203 -0.2464906722 -0.3776384294 -0.0221628025 0.2563009560 -0.1534103751 -0.0519854687 -0.0254102200 -0.2966835797 0.0101350220 -0.4643942714 -0.0514911227 -0.7208184004 0.0238711331 -0.0472345203 -1.0205570459 0.3879176676 -0.0023755208 0.0541026220 -0.8863996267 -0.0275505707 -0.0641769916 0.0369405784 -0.9955710173 0.2872832417 0.2010140121 -0.0326658562 -0.0421595573 -0.0320155770 0.1712066382 0.6849132180 -1.1125789881 -0.6350846887 -0.0187597200 -0.6812642813 -0.4313180149 0.3464206755 -0.0157659128 -0.9116187096 0.0008755103 0.0634504929 -0.2127632797 -1.2828140259 0.2281540334 0.0607394353 -0.6116136909 0.1673824489
0.0011670737 -3.0143179893 0.0320457704 0.2606851757 -0.0525615066 0.1011983976 -0.2419790775 -0.2180161178 -0.2854240537 0.3098433614 -1.2110006809 -0.0917634070 -0.4680527449 0.0549036115 0.6203314662 0.0771977901 -2.0012910366 0.0748525783 -1.7534512281 -0.6502693892 -0.2425065786 0.6517111063 0.2652658820 -0.0526614264 -0.1449352205 0.0911488384 0.5033568740 -0.9490254521 -1.2962312698 0.8856533170 0.1358707398 -1.5134258270 -1.8994997740 1.0637402534 -0.5500460267 0.0802420601 -0.3814710677 -0.1149643883 0.5853909254 0.7542452216 0.3130836785 0.0512593314 -0.0879058540 0.3738424182 0.4633149505 -0.0648790300 0.1975870132 0.1848505586 -0.3606692851 -0.7638499737 -0.1198948622 0.1412158906 0.2852056921 -0.3924264610 -0.1756678522 -0.6284447312 -0.6842557788 0.2853566408 -0.3366204798 -0.6004413962 -0.1127421781 -1.7230428457 -0.9500107169 0.0127048930 -0.2471603453 -0.0384272113 0.0440420061 -2.4833788872 0.5417080522 0.7996261120 -1.7934435606 -0.0029849932 0.3927304149 0.0968617424 -0.4871846735 0.2921514213 -0.0916586891 -0.5621857047 -0.6209669113 0.0801298171 0.6245315075 -1.0311954021 -0.0249508396 0.0113290101 -0.1676754951 -0.1176234484 0.9894751310 0.1443920285 0.0006157559 -0.8735225797 -0.5942772627 0.1828531772 0.9380762577 -0.8570291996 -0.3356247842 0.3294479549 -0.1054921970 -1.7085202932 0.0526915193 -0.1115212515 -1.3860292435 0.0345101766 0.3466319144 -0.1353465766 0.1304609179 -0.1829286069 -0.2995141149 0.0616295487 -0.6948126554 -0.2843575180 0.6503491998 -0.7850755453 -0.4874040186 -0.1545737386 0.0543352850 0.3576275408 -0.1053042114 -1.2345018387 0.0462411679 -0.4038266838 0.2770738900 -0.5070991516 0.6729439497 1.7480696440 -0.2189863473 -0.5914568305 -1.2765346766 -0.2750352621 0.0390104391 0.0748677030 0.8303271532 -0.0354178585 -0.2720800340 0.3365577459 -0.6171059608 -1.2916735411 0.0241369456 -0.9241950512 0.3042817414 -0.0053912699 -0.0427872166 -0.1468160897 -0.3809151649 -0.2323656678 -0.6365652680 -0.8759890199 -0.3166852593 0.5015680194 0.1223467737 -0.4541081190 -0.8217467070 -0.4023789465 0.4940483272 -0.6331139207 0.0792873725 -0.8997853398 -0.0865931809 -0.0577657558 0.6943898201 -0.0671169683 0.3646801114 -0.2732337415 -0.5015903711 0.0902647674 0.0610652380 0.0823953301 -0.0743354559 -0.6921463013 0.0312172454 -0.8841051459 -0.1643672734 0.0885847807 0.0281497836 -0.5529222488 -1.1136449575 0.0361838266 0.3786516488 -0.7035238743 -0.0665350482 -0.8730938435 -0.4414498210 -0.7357988954 -0.1510715038 0.2718034983 -0.5784110427 0.5211962461 0.9070330858 -0.4217360616 -1.5150926113 0.2992743552 -0.8795861602 -0.7537686825 -0.3299288154 -0.4442565143 -0.4539018571 0.1125206202 1.4676692486 0.0739457682 0.3466547430 -0.0209845603 0.0771732256 0.9011788368 -0.4835407138 -0.5277942419 -1.1610472202 0.0965383872 -0.4347100556 0.8153836131 0.3993366361 0.3444442153 0.6599001288 -1.0464526415 0.2746392787 0.0524628647 -0.1694268733 1.2247397900 0.2929459810 0.6236312985 0.4713799953 0.5550587773 -0.1345131546 0.3426961303 -0.0761886239 0.1910026670 -1.0743693113 -0.1889834404 0.2542962134 0.0486989059 -0.5941540003 0.1214822382 -0.5881071091 -0.1242284253 -0.7672022581 -0.5003598332 0.1499199122 0.5997521281 -0.0507063866 -0.0367516875 -0.1020245180 0.1142782271 -1.4925292730 -0.7850174308 -0.0057810745 0.4064169824 -1.3717566729 -0.0054453746 -0.1905724853 0.5351820588 0.0090424344 0.1092588529 0.9686120749 0.1844038069 0.4455718994 0.1077807024 0.5886985660 -0.2607000470
-0.2240968049 -0.1061243489 -0.0543598682 -0.1402231753 -0.7131851315 -0.0118087698 0.0168957971 -0.0299889445 -0.1659506112 -0.1744684428 -0.0449204929 -0.1604555398 -0.4159823954 -0.0477495082 -0.3477354646 -0.1628884524 0.0225556716 0.0003463998 -0.2157845050 0.1149621159 -0.1487275660 -0.3222202361 -0.1136630252 0.0505428761 -0.0985075906 0.0701647624 -0.2819915414 -0.0133815315 0.0451077223 0.0285127126 -0.0384917110 -0.3066253662 -0.1952795833 -0.3359710276 -0.0678143427 -0.0206773132 -0.0401519388 0.2536394894 0.0915818661 0.2105195969 -0.4600047767 0.0459052995 0.0027080064 -0.3779968917 -0.5274590254 -0.4517523646 -0.5011331439 -0.1038412973 -0.0885598809 -0.0889964402 -0.0047202408 -0.1618562937 -0.0611106306 0.3603309989 -0.2673441768 -0.0042728931 -0.0318302996 -0.0215625092 -0.0063010063 -0.1384199709 -0.4893582463 -0.3562489450 -0.1720631719 0.0527148545 -0.9538974762 0.0081332428 -0.0968308523 -0.1230368093 -0.0309761334 0.0148874819 -0.4078565836 0.0241585821 0.0944720134 0.0288287606 -0.1166609004 -0.6509044766 -0.0680344626 -0.3367527425 -0.0631425828 -0.0579222813 -0.2069446892 -0.1136117205 -0.0103781223 0.0248796642 0.0450841226 -0.1442721635 -0.1839700043 0.0406064689 -0.1041018069 0.0165343732 0.0302082095 0.0531265587 -0.0859059915 -0.2071561366 0.0602601841 -0.0333962888 -0.0465997718 -0.2113151103 -0.0256105959 -0.0445191450 -0.2600093186 0.0471048132 -0.3644517362 -0.0583911948 0.1158309206 -0.1998259723 0.0810068399 0.1896750927 -0.1049290970 -0.1443075538 -0.2252200097 -0.0341985263 0.0167599563 -0.2938680053 -0.5087609887 -0.3114188313 -0.0889658853 -0.0409631766 -0.0043088309 -0.0298039019 -0.6636849046 -0.0309704784 -0.4640423954 -0.0388801955 -0.0722365603 -0.4139992595 -0.1624046564 -0.2361104339 -0.0718351603 0.0190653391 0.0094996169 -0.1557348818 0.0349470600 -0.1284314245 -0.1743984222 -0.6385542750 -0.0445315838 -0.1175563335 0.0147037357 -0.0452409834 -0.0591107234 0.3656173944 -0.0379150584 -0.3464010954 0.1272165626 -0.0565460660 -0.4447621703 -0.0064881765 -0.0716465339 -0.0224428363 -0.0190097094 -0.0402309410 -0.0514824875 0.4579007030 -0.4484678805 -0.1738476008 -0.0112430966 0.0114721954 -0.0901124924 -0.0430551954 -0.1944745034 -0.0263978876 -0.2386205494 -0.1596153229 -0.0444292910 -0.0368163213 0.1059716269 0.0528242812 0.0618143752 0.0037522402 -0.0613742955 -0.2506753504 -0.0128197819 -0.3895972371 -0.0334503427 -0.0024556965 0.1914632767 -0.0867021307 0.0177216902 -0.1098249182 -0.1016358957 -0.3280795515 0.1284694374 0.0252368972 -0.5069922209 0.0007006637 -0.1080588922 0.0637841746 -0.0413227566 0.0458133593 -0.0923734084 -0.1362433285 -0.0589416549 -0.0594659112 -0.1494412869 -0.0800146759 0.5291124582 -0.0781547129 -0.0923158452 0.0261452347 -0.7112365961 -0.0022791279 -0.2259277105 -0.1937049180 -0.2281634063 -0.3136136532 -0.5364099741 -0.0173114091 0.0277371518 0.0446890667 -0.1600413769 0.0522401929 -0.0458687469 -0.0240641516 -0.1165909022 0.1033391505 0.1726473421 0.0378815830 -0.0254397169 -0.4928441346 -0.2804249823 -0.2172576040 -0.1165114567 -0.0661648437 -0.0767713562 0.0743340477 0.0392741188 0.0444703549 0.0591774359 -0.0466732197 -0.2270877063 -0.1297665387 -0.0985779315 0.2413656265 -0.0156751275 -0.1198191866 -0.0543890670 -0.1047136486 -0.1428999305 0.3617913127 -0.0862918049 0.0997631103 0.0441264100 -0.0930911750 -0.4480326772 0.2557343841 0.0035719723 0.1768932939 -0.0120828301 0.0969035998 0.0626526400 0.1258265376 -0.7408667803 -0.0330207050 -0.2430085242 -0.5378099680
0.2126835138 0.0819241852 -0.1601180285 0.1814359426 -0.6380073428 0.0179726630 -0.0917461812 -0.0860690922 0.1024097726 -0.4495179653 -0.2053323388 -0.6497930288 0.3024989367 0.0293603707 -0.0854217932 -0.1305409968 -0.2774761021 0.0199270193 -0.2017298341 0.0724661574 -0.7847737074 -0.9235328436 0.3312048018 -0.0433955491 0.0905741453 -0.0173784364 -0.3205489516 -0.5099967718 -0.1654744446 -0.2630410790 -0.3378791511 0.1846552789 -0.2095858455 -1.2337001562 -0.2573869228 0.0163745973 0.2988744974 0.2627025247 0.0386185944 0.3769862354 -0.0825385526 0.0297333002 -0.1162659004 -1.3739802837 -0.3952320218 -0.0409182012 -1.3214186430 -1.1783117056 -0.0671457201 -0.4322358966 -0.0868456289 -0.6696698666 -0.1557375491 0.8423644900 -0.3661127687 -0.0731478035 0.2668611109 0.0299052447 0.7754723430 -0.6627835631 -0.2391836792 -0.5604109764 0.5785638690 -0.0280793458 -0.6743245125 -0.1382147521 -0.2670155764 0.0628140196 -0.7303920388 -0.0650345013 -0.2510930002 0.0624605343 0.1873158664 -0.5871202350 0.0601111352 -1.0669261217 -0.6526155472 0.1104303449 -0.5884109735 -0.0601242445 0.4438125193 -0.0148249473 0.0413854644 -0.0005076379 0.0747614652 -0.4506966472 0.0779095739 -0.0198785961 -0.5384739041 -0.0912851244 -0.3054291606 0.1001921594 0.3642439842 -0.2103317082 0.0062172413 0.1588619202 0.2942083478 -1.2494064569 -0.0608665645 -0.4104577005 -1.1506581306 -0.1103314608 0.1473320872 -0.2806208134 -0.3408300281 -0.5966061950 -0.3040522039 -0.1755199730 -0.0737827048 -0.4944883287 -0.3431859314 0.0577137806 -0.1294506192 -0.2928701639 0.3725903630 -0.5306878686 -1.4145165682 -0.0436339974 0.1042764708 0.0342244208 -0.1830263883 -0.5159885883 -0.1205348745 -0.4232106507 -0.3394594491 -1.2109847069 -0.5738973022 -0.4302403331 -0.4918256700 0.2688797712 0.2082124799 0.0553425625 -0.0355320498 -0.0347889960 0.2724430561 -0.1486320496 0.0055241287 0.2356142849 -0.5458383560 -0.0614817962 -0.0533523038 0.3667282164 0.5692101121 -0.4863637388 -0.1820057631 -0.3124663234 -0.0905257091 -0.9830164313 0.0018914205 -0.2164338827 -0.4345914423 -0.1855825037 -0.6778701544 0.4320963025 -0.7508024573 -0.1558574140 -0.4448662698 -0.1798060983 -1.5402565002 -0.5555758476 0.1076778844 -0.3653749526 -1.4689460993 -0.4973737001 -0.0545946062 0.0104190260 -0.6722853780 -0.0281922575 -0.1548020542 -0.4241043627 0.0393622741 -0.1606830359 0.0365910009 -0.4421019852 0.0743141472 -0.0426453426 -0.1599623561 -0.9738752246 0.0978688151 0.0298752468 0.3583746254 -0.1230906025 0.5335155129 -0.1249635518 -0.4932232201 0.2668763697 -0.1946720481 -0.2588991523 -0.8951987624 -0.1680106521 -0.0106958104 -0.0088604167 -0.4901321828 -0.1425593644 0.0570784584 0.3367205858 1.1322528124 -0.1546167880 -1.0454246998 0.0213114172 -1.6421726942 -1.5135844946 -0.1903659552 -0.3886998296 -0.1188768148 -0.3542125821 -0.6142960787 0.0364414863 0.0295283981 -0.2293138802 -0.3243791461 0.0380757079 0.4192735553 -0.0455582142 0.2174971700 -0.2881668508 0.3927551806 0.2507129312 -0.0947538093 -0.9111745954 -0.9785861969 -0.6726185083 0.2820148468 -0.3654540479 -0.3311870694 -0.9187130928 0.2413870096 0.0544931144 -0.2754039168 0.0009623041 -0.5718913078 -0.5789321065 -0.7097388506 0.6231378317 -0.1062634662 -0.1639194041 0.0414284021 -0.0307317562 -0.6067648530 -1.5880812407 -1.0237187147 0.1269345731 0.0592555515 -0.1859474182 -0.0011819939 -0.0740125254 -0.0129114240 0.0057221279 0.0598403588 -1.1387639046 -0.5687462687 -0.4785104692 -0.3187607229 -0.0444823056 0.0134420181 -0.0385503881
0.0019972897 -0.0765945166 -0.0618392304 -0.0633620396 -0.0050323051 -0.0693496019 -0.0057488382 0.0398588367 -0.0296069551 -0.0454631634 0.0410704836 -0.0264722109 0.0070705186 -0.0629728138 -0.0597911254 0.0083298590 -0.0558231249 -0.0377565473 -0.0252404120 0.0187601540 -0.0116657121 -0.0622310713 0.0023513150 0.0363876671 -0.0527536273 -0.0413329527 0.0037917444 0.0504835136 -0.0234867726 -0.0326048359 -0.0245644432 -0.0389445014 0.0244380757 -0.0398161337 -0.0007810303 0.0290339030 0.0224653296 -0.0693566725 -0.0373480283 0.0276985299 -0.0704297498 0.0619474500 -0.0148055404 0.0229516793 0.0313308835 -0.0373536237 0.0283762626 -0.0173129849 -0.0719485581 0.0367759578 -0.0502140969 0.0323005393 -0.0026949719 0.0304618645 0.0189243518 -0.0545730218 -0.0428619869 -0.0599938035 0.0359547660 0.0467835777 0.0095339678 0.0188241489 -0.0126474733 -0.0096342936 0.0026860721 -0.0681842640 0.0414765961 0.0272900425 -0.0193948224 0.0429750159 0.0318389572 -0.0567421988 0.0391090885 0.0293956064 -0.0484502576 0.0072928900 -0.0700438097 0.0180860981 -0.0290983655 -0.0600719117 -0.0363587700 -0.0170916505 0.0137913823 -0.0143321827 0.0352189317 -0.0369637907 0.0284193233 0.0085826665 -0.0150019592 -0.0061277943 -0.0302769672 -0.0341453962 0.0276957769 -0.0541965440 -0.0111412704 -0.0124010369 0.0063667693 -0.0563383773 0.0357195213 -0.0606905371 0.0081317350 -0.0679311678 0.0272962041 0.0084090196 0.0192437377 0.0297373421 0.0397304036 -0.0396055058 0.0032071506 -0.0574646778 0.0072577386 -0.0218195729 -0.0149676409 0.0364496820 -0.0566579029 -0.0193357505 -0.0016320111 0.0219579339 -0.0454420410 0.0379575193 -0.0188495629 -0.0113580124 -0.0232885927 -0.0191486757 0.0488675199 0.0197891165 -0.0637248829 -0.0733459294 0.0096709775 -0.0180213079 -0.0128578320 -0.0069629499 0.0465185270 -0.0722078681 -0.0059780772 -0.0409139283 0.0476008356 -0.0185504276 -0.0628157854 0.0213536769 0.0433471203 0.0198269282 -0.0706826895 -0.0238005370 0.0283849072 -0.0018500313 -0.0269405656 -0.0171529278 -0.0489264950 -0.0191367250 -0.0797757208 0.0337509625 0.0483777337 -0.0471403226 -0.0436735451 -0.0231754072 0.0197090954 0.0186890103 -0.0068143001 0.0489876345 -0.0414626710 -0.0231209788 0.0308070481 -0.0467188992 0.0423753783 0.0501088127 0.0327912420 0.0022069737 0.0056756288 0.0007424195 -0.0336409956 0.0438276902 -0.0607325584 0.0357695259 -0.0101392455 -0.0121927038 0.0233430024 0.0189418532 -0.0338269994 -0.0279270355 -0.0394121483 -0.0616871305 -0.0050940742 -0.0569255799 -0.0647999048 -0.0461975187 -0.0629600361 0.0408769064 -0.0340805016 -0.0188556835 0.0286025088 -0.0137617169 -0.0604582056 -0.0152627667 0.0381012075 -0.0695706606 -0.0768288672 -0.0013252869 0.0030502593 0.0133965835 0.0085668871 -0.0227779076 -0.0009505242 -0.0063632755 -0.0762304291 -0.0392439887 -0.0342517160 -0.0372698009 -0.0216538645 -0.0638758987 0.0021436005 0.0268891286 0.0035078973 -0.0297018569 -0.0585421324 0.0133422418 -0.0349295661 0.0375843607 -0.0688301846 -0.0203821361 -0.0000747591 -0.0220480543 0.0457673818 -0.0205374435 0.0581883378 -0.0631047934 -0.0101125240 0.0511978418 0.0206265654 -0.0342016593 -0.0861653835 0.0016346574 0.0072736917 -0.0388379358 -0.0627513006 0.0342597067 0.0557482466 -0.0514521636 0.0473523661 0.0260351729 -0.0627913922 0.0369231440 0.0485081971 -0.0023207681 -0.0524112955 -0.0071627637 0.0226752982 0.0301429518 0.0200929046 0.0415868834 -0.0222944450 0.0021821004 -0.0758073479 0.0394453332 0.0360076576 -0.0124759031
-0.0644699708 -0.0948313102 -0.1072756127 -0.5954626799 -0.2009046823 1.3781963587 1.7056114674 -0.2268174887 -0.4354497790 0.0381066725 -0.5233370662 0.0512496345 -0.9391052127 -0.3079059720 0.8515039086 -1.1868371964 -0.7295297384 -0.2401876748 -0.2566404045 0.2315346152 0.2330235392 -1.8325551748 0.0549340248 0.0432704240 -1.5119771957 -0.6359373927 -0.7437052727 -2.0096621513 -0.6351494789 -0.9102459550 -0.4397600889 0.8318963051 -0.1305141002 -0.1172367260 0.5236961246 0.3627966046 0.5054695606 0.9716691971 0.4824328423 0.2428089082 -0.7222548127 0.0543686785 -0.5998408794 1.2297203541 0.8022196889 0.2480575740 -0.6408501267 -0.3925408721 0.1297901869 -0.2977037430 0.0931958407 0.0306049325 -0.1641763896 -0.1070567966 -1.1343390942 -0.2355484366 -0.6687303782 0.1789683402 -0.8878117800 -0.7265401483 0.9793654084 -0.5277288556 -0.3769191206 0.0035763590 -0.7847698331 -0.0702441558 -1.2483017445 0.3298191428 -0.2051064372 0.3943319917 -2.0324270725 0.0413440391 -0.3057261705 -0.6812703609 -1.3700436354 -0.7612171769 0.0339904949 0.6557122469 -0.0583550893 0.1482051015 -0.6600716710 -0.2640838027 -0.0087752566 0.0307928845 -0.3940407336 0.1632314473 -0.1875732690 0.2827887833 0.4095761478 -0.7031400800 0.5264513493 -0.0281978548 0.1878529042 -0.1187524796 -0.4707621634 -1.3856049776 -0.6250917315 -0.1790828258 -0.0219113901 -0.6352766752 0.0840585157 -1.6992038488 0.4212475717 -1.9958069324 -0.3086639345 -0.6135215759 -0.2136705071 0.0076440936 -0.2480505258 -0.7387629747 0.0482056066 0.2978989482 -0.5263561010 -0.1122028157 0.1664963067 -0.0673171654 -1.1542202234 0.5419682264 0.5391098261 -0.1366020441 -0.3528082669 -0.1862486154 -0.7942281961 0.2491304874 -0.3392318785 1.0487133265 -0.3150728047 0.4077618718 -0.5747486353 -0.0069496869 0.6456409097 0.1516992152 -0.1822830141 0.0585232377 0.8844997287 0.1958753914 -0.0384559855 0.1744291633 0.8574495316 0.0288675949 -0.0207165927 0.0681672543 -0.3214523196 -0.7050380111 0.2168403417 -0.3953978419 0.0909129977 0.4788672328 -0.4830078781 -1.0010643005 0.5107597709 0.0875050277 -0.4543239474 0.4315457642 -0.0806751773 -1.1681870222 -0.8572666645 -0.2072454542 0.4068789780 -0.2231233567 -0.0475030132 0.0972085744 0.4479886889 -0.4636141956 -1.4968457222 -0.3345573843 0.5612086654 0.3852771521 -0.2721855938 -1.1722668409 -0.5159636140 -0.0070309630 0.0058898777 0.8028767109 -0.2790364325 -0.0147724003 0.5492142439 -1.4761389494 -0.1712674052 -0.9335414767 0.0841864273 -0.2093690783 0.3314005733 0.1157802790 0.3215725124 -0.5487074256 -0.2131131291 0.4565422833 -3.3468213081 -0.1812243611 -1.3600432873 0.9789509773 0.8609398007 0.0241260380 -1.1225433350 1.0284343958 0.7532947063 -0.7481361628 -3.5730118752 0.0452481210 -0.5037745237 -0.5299070477 -0.0214364305 -0.5339750051 -1.0783306360 0.4990473092 -0.0515658446 0.2343667001 -0.1157340780 -0.2440196127 0.5992208123 -0.3889600337 0.0456532426 -1.2354784012 0.0111689605 -0.2403416783 -0.8671757579 -0.2098252326 -0.0679851621 -0.5468199253 0.5558174253 0.5784714222 -0.8711021543 1.1960824728 0.1769034714 -0.1631953865 -0.1070952490 0.0171729848 -0.4720349014 0.3262218237 0.4730626345 -0.2619101405 -0.0057517146 0.3187217414 -0.5290120840 -0.0838231966 -0.0260945857 0.0986969545 -1.2662435770 0.2853174806 0.0727975965 -0.5117256045 -0.2073768079 -1.0785006285 0.7444953918 -0.2868117094 0.1209556013 -0.6203151941 -0.0752947778 -0.3984864354 -0.8770680428 -0.5564107895 1.2663609982 0.0002082927 -0.5195437670 -0.1574614048
-0.0422582254 0.0018579470 -0.0045753359 -0.0137272868 0.0290770028 -0.0474518053 -0.0372399054 -0.0208074339 -0.0155331502 -0.0158512313 0.0049940888 -0.0536342226 0.0243069921 -0.0230727773 -0.0716987848 -0.0574223101 -0.0298533011 -0.0039294958 -0.0035822133 -0.0274083726 -0.0317947417 0.0096828202 -0.0032588511 -0.0036830977 -0.0433837287 -0.0229405835 -0.0897646472 0.0637535900 -0.0386476889 -0.0350978859 -0.0605816059 0.0256107915 -0.0018473759 -0.0513899252 0.0211525578 0.0206858516 -0.0021150196 -0.0775440410 -0.0473378822 -0.1113473773 -0.0803694949 0.0493243337 -0.0720828176 -0.0689678118 -0.0136411125 -0.0299689192 0.0053487853 -0.0821747631 -0.0824673325 -0.0391190574 0.0154862581 -0.0081762588 -0.0136823952 0.0407621674 -0.0332234502 -0.0253241081 0.0093327872 0.0478660464 0.0182122663 0.0100108944 -0.0350859798 -0.0849795640 0.0530998670 0.0241958462 -0.0485679358 0.0138793476 -0.0466702059 0.0389584824 -0.0311883092 0.0368959457 -0.0221794695 -0.0589848906 -0.0140502779 -0.0342530683 0.0285638459 -0.0216557067 -0.0220690295 0.0225147158 0.0106908549 0.0149926580 0.0423731618 0.0141547322 -0.0009488314 -0.0564551950 0.0173827149 -0.0156774968 0.0333595760 0.0031711310 -0.0341734029 -0.0253145751 -0.0677397698 0.0130428197 0.0283516683 0.0296639819 0.0166671053 0.0233609732 0.0005574577 0.0294184387 0.0531009659 -0.0216310360 -0.0161447618 -0.0605728813 -0.0688373446 -0.0397977568 -0.0197613444 0.0044724862 -0.0133104390 -0.0467772745 -0.0781489685 -0.0900171474 -0.0209937412 0.0002579323 0.0621396974 -0.0375460498 -0.0363875218 -0.0419716500 -0.0003574077 -0.0359398946 0.0388890430 0.0073002651 -0.0662116036 -0.0220289417 -0.0482100174 0.0036386091 -0.0085615460 -0.0016590877 -0.0175643396 -0.0192753840 -0.0581228249 -0.0052419561 -0.1037018895 -0.0334642306 -0.0278489720 -0.0912039801 -0.0548483953 0.0320575722 -0.0605453700 -0.0216083452 -0.0156271048 -0.0297996923 -0.0457289815 0.0284718256 -0.0445898585 -0.0504230708 -0.0464006364 -0.0978327096 -0.0829303786 0.0220417865 -0.0429382809 -0.0040875794 -0.0550621077 0.0052446220 -0.0544344559 -0.0117666675 0.0205716062 -0.0524130762 -0.0497760735 0.0215340480 -0.0399453044 -0.0501551591 -0.0270098336 0.0406936631 0.0282288361 -0.0207169708 -0.0644556135 0.0014162660 0.0073981290 -0.0616162866 0.0156196803 -0.0166293159 -0.0741254985 -0.0566683300 0.0382950008 -0.0504328310 -0.0206402354 0.0537819266 -0.0527545325 0.0316317081 -0.0808243528 0.0021183349 0.0248948876 -0.0352766812 -0.0533467121 -0.0084452964 -0.0673851296 -0.0713431612 0.0241039079 -0.0083457986 0.0027731461 -0.0520295985 0.0532024354 -0.0458153822 -0.0271618925 -0.0191878527 -0.0076973820 0.0346334428 0.0364131182 0.0037105421 -0.0847842991 -0.0557092056 0.0297505073 0.0446760990 0.0044849580 -0.0449304879 0.0103888493 -0.0333106034 0.0083673783 -0.0345646515 -0.0038950290 -0.0705633089 -0.0313175023 -0.0604318157 0.0577529594 -0.0729204193 0.0072042430 -0.0404886939 -0.0680048764 -0.0626769885 -0.0542791039 -0.0093114302 -0.0017846085 -0.0585962497 0.0429166816 -0.0654062182 -0.0936914459 -0.0223182123 0.0451774634 -0.0291655138 -0.0206425805 -0.0309660286 -0.0457607545 -0.0223192889 0.0065209013 0.0423271880 0.0033372769 0.0007233857 0.0562462434 0.0076150349 -0.0074820751 -0.0689330846 -0.0645045042 -0.0893616974 0.0451353267 0.0344895348 -0.0914918855 -0.0806512833 0.0546627343 -0.0671221167 -0.0237524137 -0.0970783234 0.0376879647 -0.0095922239 -0.0931927115 0.0312792137 -0.0761455372 -0.0675372556
-0.0213083699 0.0327609032 0.0286819786 -0.0501843020 0.0043538124 0.0040883529 -0.0585004315 0.0166453049 -0.0107997358 -0.0499774739 0.0073010400 0.0107494490 0.0378697067 -0.0555529296 0.0026864749 -0.0268001221 -0.0347206295 -0.0069671795 0.0086820619 0.0386104062 0.0244985465 -0.0351370685 -0.0498045608 0.0204022154 0.0381857976 0.0006582685 -0.0521355905 -0.0140321301 0.0283736549 0.0595203042 -0.0335825309 -0.0679116249 -0.0255143121 -0.0479342788 -0.0572623983 0.0163960904 -0.0393302403 0.0101063596 0.0060350448 -0.0109117478 0.0074521303 0.0010235608 0.0476267785 0.0107608065 0.0028482233 -0.0257007144 -0.0616399907 0.0480654314 0.0335522331 -0.0311277583 -0.0309127048 -0.0451917797 -0.0583386496 -0.0325809494 -0.0291188303 -0.0378036499 -0.0073915953 0.0414700806 0.0468773693 0.0058494573 0.0153427934 0.0303241964 -0.0615821332 0.0432730094 -0.0628788024 0.0207336470 0.0473162755 0.0252441242 0.0583691895 -0.0334884897 -0.0224213675 -0.0509107932 -0.0127105592 -0.0713207573 -0.0563052446 0.0346508287 -0.0145532414 0.0240351483 -0.0286955256 -0.0483314395 -0.0568377785 -0.0036089532 0.0373332351 -0.0193228647 -0.0716405511 0.0209084023 0.0336410590 0.0514700189 0.0047127800 0.0082060108 0.0406807289 0.0107643092 0.0234445240 -0.0256381892 0.0367208049 -0.0490117408 -0.0698817149 -0.0170597825 -0.0079477727 0.0133427270 0.0422999822 -0.0197578911 0.0414085016 -0.0468844287 -0.0118232714 0.0471424311 0.0508286953 -0.0645455122 -0.0689731687 -0.0542442463 -0.0374342352 -0.0027378213 0.0104097724 -0.0134551823 -0.0465791672 0.0497429743 0.0313505828 0.0285250228 -0.0698977560 -0.0125255734 -0.0072422703 -0.0146648847 -0.0219080802 -0.0408900231 -0.0314167552 -0.0206537340 -0.0171675216 0.0192133337 -0.0246819537 -0.0138983130 0.0427316017 0.0148597946 -0.0411940888 0.0244131684 0.0354233272 -0.0605841354 -0.0425783917 0.0476930663 -0.0670340657 -0.0380884781 0.0299450755 -0.0408719555 0.0064284885 -0.0694678128 0.0309241619 -0.0511900596 0.0459814742 0.0016424997 0.0462488085 -0.0585227907 0.0122562433 -0.0415078029 0.0524261259 -0.0436858237 0.0192144010 0.0360159352 0.0469520912 -0.0301609561 -0.0499274358 -0.0484667979 0.0102535179 -0.0246503018 -0.0246960521 -0.0253514871 -0.0558898710 -0.0529881343 0.0385996141 0.0622528493 -0.0284398273 0.0318008177 -0.0235224385 -0.0450338051 0.0458846837 -0.0383500531 0.0406028926 0.0554219484 -0.0207240209 -0.0035297731 0.0375840217 -0.0227098633 -0.0007448487 -0.0578137226 0.0348501354 -0.0157482177 0.0060412232 -0.0272106566 -0.0035692547 0.0230596699 0.0455339104 -0.0259819627 -0.0426857919 0.0372937396 -0.0355947837 -0.0408867747 -0.0024095564 -0.0561324134 -0.0427410565 -0.0416745171 -0.0594437122 0.0559769198 -0.0426974520 0.0352476984 -0.0222385824 0.0225556698 0.0599748604 0.0151807424 0.0059403665 -0.0087544769 -0.0261362754 -0.0368708223 0.0522289798 -0.0541567318 -0.0156796053 -0.0176770445 -0.0227716044 -0.0525049791 -0.0416562334 0.0152406860 -0.0237110108 0.0017615093 -0.0208214540 -0.0549656823 0.0303461924 -0.0202777535 -0.0039646090 0.0496780239 -0.0582361892 -0.0395625681 0.0333581641 0.0604863986 0.0034366704 0.0038694143 -0.0059258342 -0.0132536115 0.0256667342 0.0349564478 0.0126006380 -0.0163385980 -0.0276803393 -0.0370586812 -0.0407348312 -0.0660254583 -0.0306011289 0.0064018690 0.0388519578 -0.0246984549 -0.0599939525 -0.0387191474 -0.0384465829 0.0265206397 0.0220326204 -0.0507182106 0.0092550125 -0.0333661884 -0.0300266128 0.0062308274
0.3932138383 -2.0538895130 -0.1071592718 -0.7429348230 0.5247645378 -0.4939403236 0.6526220441 0.0285735950 0.3644590378 0.1577458531 -0.0679703876 -0.0605020411 -1.4284999371 -0.2506951392 -0.3231505752 -1.8351316452 -0.1855373979 -0.0083114803 -0.8680357337 -0.0570600890 0.3425789177 -1.3977508545 0.2047632486 -0.0371118486 0.1126081869 1.0388944149 -0.4747887254 -0.8578497171 -0.2377791703 0.0542333014 0.0172533728 -0.3401628137 -0.4085043371 0.5892997384 0.5917326808 -0.0109950006 -1.3449745178 0.4024636745 -0.7133213282 0.5303114057 -0.4348622561 -0.0563984998 -0.1569110900 0.0630858839 -0.5986465216 0.0712567717 0.2503110170 0.7947780490 -0.4786522686 0.1933487356 0.0164714288 0.0307102688 0.0339014754 -0.1676622331 -1.6512398720 -0.1459618658 0.6164769530 0.0396805033 -0.0471425839 -1.8324784040 -1.5657180548 0.0351146087 -0.3667403162 -0.0290158466 0.2574363947 0.5695120096 -0.8224771619 -0.4286146164 0.1417465806 -0.0390479341 -1.0334585905 -0.0234391019 -1.3013067245 -0.5038465858 -1.6021946669 -0.3274461329 0.4584091604 0.6990472078 -0.2188024074 -0.2203188688 -0.8321063519 -0.5519369245 -0.0167241842 -0.0408130437 -0.1057344228 -0.4936094582 -0.1823676676 -0.0255971625 -0.2046149224 -0.3524123430 -1.2268962860 -1.5096238852 -0.9521231651 -0.5316153169 0.0330801457 -0.4549744129 -0.6224883199 -2.1071584225 0.0185278207 -0.7338044643 -0.2698943019 -1.1613743305 -0.5968700051 -0.7316448689 0.1612037569 -0.4045667350 0.1442830712 0.9115998745 0.1166731566 -0.6093725562 -0.9984161258 -1.0448434353 -0.4276506007 0.0085294908 0.1444145590 -0.7069447637 -0.0604259111 -1.0132864714 -1.0215377808 -0.0136482120 -0.5855302811 -0.7150683403 -0.8171016574 -0.3780134022 -0.4350839257 -0.3024591804 -1.1027704477 0.1795097440 -0.2797831893 -0.0094773695 -0.2718153298 -0.2359699160 -0.0110390997 0.1082671061 -0.3564125597 0.0095545063 -0.0089723393 -1.2450262308 -0.1132500172 -0.0599890575 -0.0265982524 0.5449758768 -0.1228775382 -0.8088839650 -0.0356428325 -0.4660758078 -0.4436865747 -0.3253881037 0.2532495260 -0.8065852523 -0.3533428609 -0.1725147963 -0.4409552813 -0.0949605703 -0.6154658794 -1.7253084183 -0.3325018585 0.2600491941 0.4488954842 0.3204306364 0.1516362131 -1.5644571781 0.0050349347 -0.1010903716 0.1297385395 -0.0414961651 -0.6722100377 0.0184691716 0.0437834337 -0.8443165421 -0.4467697740 -0.6805684566 -0.0250744298 -0.7050113678 0.5477891564 0.0329500586 0.6340819597 -0.9740693569 -0.0596415848 -0.5084027648 0.3646065891 -1.0000042915 0.2097164690 0.4182402790 0.1096007898 -0.4430808425 -0.1976973861 -0.2100650817 0.2939183414 0.0205236021 -0.3167320192 -0.5326559544 -0.9933438897 -0.2683225274 -0.5635349154 -0.8777734637 -0.9552297592 -0.0367009416 0.3211061656 0.0554399192 0.4582628608 -0.1496049911 -0.5075474977 -0.8029729724 -1.5649929047 0.2449467480 0.9374417663 -0.0469714142 0.6331133842 -0.4628691077 -0.3177399635 -0.5235450864 -0.1296088994 -1.0416446924 -0.9619795680 -0.3537962437 -0.3919976056 -0.0799438283 -0.0142558645 -0.0919628292 0.4761088490 -0.1112385765 -1.5450165272 -0.6312464476 -0.2977032363 -0.0203082915 0.1226982474 -0.0142005086 -1.5466016531 -0.1780529916 -0.0572701022 0.2765973508 -0.8634531498 -0.1852008551 -0.2810750306 0.0029305136 -0.0344836712 -0.4480545521 -1.2925429344 0.2616458237 -0.4856913388 -0.1387170851 -0.1539749652 0.7386847138 -0.6047619581 -0.1027473807 0.0491319969 -0.2395313531 -0.0422644168 -0.0055370503 -0.1963778585 -0.5753960013 -0.4578269720 -0.0732265264 -0.7409343123 -0.1091513857
0.6609075665 -0.4426327050 0.3356518447 -0.8875438571 -0.9175854325 -0.9589064121 -0.9945535660 0.5799144506 -0.6929307580 -0.1897659600 0.1859380007 0.5856242776 -1.4554386139 -0.7229191065 0.1798554510 -0.1646732986 -0.8224143386 -0.4464202821 1.5589104891 -2.0785660744 -0.6413905621 -0.1715307534 -0.0786208287 0.0278959051 -1.2865825891 -0.8642212152 -0.5943462849 -0.1198870689 -1.6916091442 -0.5038976073 0.1068707481 0.1875279844 -2.9573664665 0.2913978100 0.5981345177 -0.0624145605 -1.2395384312 -0.6889239550 -0.0779072568 -0.0826321319 -1.7650579214 -0.0593991913 -1.8669488430 0.0210574586 1.2324597836 -1.6574109793 -0.6712997556 1.6504421234 1.0848704576 -0.5779176950 -0.5910937190 0.8602858186 -0.3057208955 -0.6914438605 0.2287503630 0.1537321210 1.0965170860 -0.2505948842 -0.7449902296 -0.8807094693 0.4023195207 -2.0199553967 -0.5647171140 -0.0372586176 -0.4217006266 0.4599605501 -0.7520613074 -0.6351426244 0.4006699026 -0.4941489995 0.4617409706 0.0337863043 -0.0943891108 -1.4051626921 -0.1159422621 -0.2489442974 -0.2918329239 0.2810997963 -0.7947806120 -0.4643990695 0.1953967065 -1.3756839037 -0.0473403931 -0.0532554016 0.4681130350 0.5312356949 0.3757205904 0.7374901772 0.2144396752 -1.6271448135 -0.9686278701 -0.7125143409 -0.9527773261 -1.1709583998 0.6518362164 0.4187114537 -2.1251451969 -2.0897443295 -0.0550101772 0.6367594600 0.3909492195 -0.4145185947 -0.2575742006 -0.1734542847 -0.8063619733 -1.0064635277 -0.6070658565 0.6243888140 -0.1256872416 -0.9799948931 -0.7024631500 -1.8998644352 0.1107354984 -0.0919927359 -0.5044668913 -1.2893248796 -0.7959352732 -1.7297803164 0.1692997217 0.0130267823 -0.7416660190 -0.6192452908 0.0367999524 -0.5425065160 -0.9188880324 -0.6581326127 -1.2108111382 -1.0517882109 0.8790163994 -0.4860055447 -0.6213625073 0.4782272577 -0.5693348050 0.1691223979 -1.3705159426 -0.6256185174 0.0396932438 -1.1308814287 -0.0154422875 -0.0597442314 0.0283169076 -0.6506766081 0.5358059406 0.1891846359 0.5677580833 -1.0446879864 -1.2634230852 -0.6518536210 -1.3015730381 -1.3611849546 0.2771245539 0.0755872428 0.0998164862 0.1817184687 -0.7935650945 -0.7666829824 -0.6553959250 -1.3300925493 -0.4390242100 -0.2264594287 -0.0285875741 0.6233860254 -0.2214432806 0.6476370692 0.3361294568 0.3850383461 -0.7953189611 0.2776002586 -0.4936462641 1.2050718069 -1.0975447893 -1.4073225260 -0.0027468875 1.0613943338 -2.0902647972 -0.0068719238 0.9339472055 -0.1662961543 0.2607051730 -0.2331394404 -0.9748074412 -1.0935009718 -0.2760316730 0.0557738207 -1.5344041586 0.1336740255 0.3316420615 -0.1503991485 -0.8383284211 -1.1016370058 -1.5056521893 -0.8886954784 -0.2905908823 0.3293979466 -1.2252765894 -0.0436303020 -1.0411870480 0.3470824957 -0.1539192349 0.0148488358 -0.3040848076 0.3045893013 -2.5278453827 0.3744942844 -1.2747910023 -0.1285878718 -0.3209918141 -0.0571860895 -0.2050532997 -0.8928646445 0.8348484635 -1.6379992962 -0.3162696660 -0.0695951581 -0.2315798551 -0.1126130298 0.6522542834 -0.2328859121 -0.5074447393 -0.0390923284 -0.1247719973 0.4792813361 -0.5297913551 -0.4295586050 0.3161313534 -0.3818346858 0.0546266511 0.0463610515 0.6735240221 -0.3591550887 -0.2796579599 0.6143235564 0.5400067568 -1.3227972984 -0.0579905249 -0.2802659571 0.0519221500 -0.7317776680 -0.5944300294 -1.0203671455 0.6947860718 -0.8106917143 -0.0467172004 -0.6665735245 -0.5037385225 0.1154721007 0.7757789493 -1.0107961893 0.0061696470 0.2846841514 0.4225308001 0.2716958523 -0.0396946929 1.0449054241 -0.0965415016 -0.0904669538
-0.3167355657 -1.2498180866 -0.3274171352 -1.0054627657 0.1898254752 -2.8602149487 -0.1463633031 -1.5974575281 -0.4439150393 0.2387924045 0.3660802245 0.0697055086 -0.3100275993 0.1961527169 -0.3049657047 1.0476648808 -0.1014302000 -0.3592817187 -0.1686887741 0.1027426571 0.3047913909 0.3151383400 -1.3254200220 -0.0068642572 -0.4930267632 0.5713341832 -0.5213407874 -0.3789563775 1.1522930861 0.1494505703 0.1389972866 0.6728501916 -1.2683514357 0.0869411603 0.3971842825 -0.9462389350 -2.1238889694 -0.4340530932 0.5288207531 -0.1619341820 -0.4030606449 -0.0414693132 0.2398076206 -0.8202717304 -0.7274165750 0.3240013421 0.7218408585 -0.0714741498 0.4811238647 0.4470345676 -0.4568080306 -0.1504370868 -0.2233937681 -0.2985713482 -1.4349654913 -0.2330556512 -1.2731524706 0.1050197706 0.5508919954 0.2146436721 -0.4102078080 0.6083903909 -0.3357587755 -0.0572074503 -1.2469837666 1.5716075897 0.3689796031 -0.4839144647 1.1748744249 0.3119216263 0.1592452675 -0.0248339251 -0.1525196135 -0.7104383111 0.1168063730 0.2215735167 -0.0485208370 -0.7853396535 -0.8575046659 0.4248322546 -0.8172026873 1.1136811972 0.0062612221 0.0340387598 -0.4023543596 -0.3150518239 -0.6226085424 -0.2970018685 -0.2453273386 0.0804311633 0.5979971290 0.0586480387 -0.8506972790 0.2340412140 -0.2826722562 0.5427818894 -0.6461787820 0.1200881153 0.0166516677 -0.2405973971 -1.4575147629 0.0890022218 -0.2832438350 -0.0773939192 -2.0794620514 -0.7031044960 1.6952100992 0.4478942454 -1.0092303753 -0.1957748830 0.3467230201 -0.6825323701 -0.2728285193 -0.6990509033 0.0670256242 -0.1265062243 -1.5909909010 0.0289981700 0.5961539149 -1.1556963921 -1.1186323166 -0.0390395932 0.0714296028 -0.4433555603 -1.4605444670 0.1237545758 -0.9326766729 1.2112383842 -1.4189264774 0.6425820589 0.7738379836 0.6246174574 -1.5861755610 -1.3661907911 -1.4409902096 0.0702967569 -0.0570848435 0.7633549571 -1.6384606361 0.0397831500 -0.0244185254 -0.3206870556 0.2158330828 0.9733840823 -1.0523166656 1.0293046236 -0.3870319128 -0.4423677027 0.5221112370 0.0575516708 0.4311210215 0.0199562293 -0.3199335933 0.5781075358 -0.9398177266 0.1678834558 -0.0420716852 -0.9962682128 -0.2720611393 -0.1320585012 0.3586027622 -0.4261406958 0.4563049972 0.0785094798 1.0638797283 -0.4215074480 -0.2090209872 0.2107662261 -0.2868020236 0.5244184136 0.7104420066 0.5284174681 -0.0497640073 0.1488777995 0.0796935260 0.0554929301 -0.1832139194 0.2421669960 -0.7036222219 -0.6969873309 -0.8074021935 -0.8674061894 0.2320560813 0.3895097077 -1.7660551071 -0.9262846708 -0.1290366948 -1.0293147564 0.1717017591 -2.4582512379 -0.1161021516 0.3023845255 -0.7171832323 -1.1448762417 -0.3677991927 0.0324609131 -0.7795264125 -0.9316365719 -0.6415358186 0.0092220828 -0.3994874954 0.0170382783 -2.0531735420 0.2643798888 0.0307806395 -0.6764793396 -2.4840338230 0.0599423647 -0.2592829168 -0.2996194661 -2.1010911465 -0.8986256123 0.4645150304 0.2361453027 -1.9976645708 -2.1663005352 0.1448141783 -1.3467141390 0.2000555247 -0.1269826889 -1.1670095921 0.0147564095 0.3326272070 -1.3938336372 -1.3225704432 -2.6935892105 -0.5903537273 0.0208202004 -0.2241204679 -0.5348104239 -0.3190914392 -1.2839483023 -1.5728743076 -1.8968106508 -4.4529604912 -1.2702373266 -0.0114019960 -3.0080311298 0.1839143038 -0.2949360907 0.1180488169 -0.2630291581 0.0858785585 0.0557448119 -0.7444016337 -1.0383348465 -0.2934308648 0.1314125359 0.0083158538 -0.6130079031 0.4705854058 -1.2333723307 -0.2903949320 0.9255805016 1.1121497154 -0.0220129322
0.0305832922 -0.2103571296 -0.0488785505 -0.4824308455 0.6669816971 -1.0729697943 0.3975700140 -1.3724312782 -1.0223516226 0.2511852086 0.2290691137 0.1990645528 0.0041645216 -1.2839952707 1.0005562305 1.8638446331 -0.0926805362 -0.3549363613 0.2234070450 -0.7319363356 0.1537806839 -0.3297584057 0.0835240558 -0.0303324088 -0.0804951191 0.1712849736 -0.3127017915 0.1060934961 -0.7013012767 -0.1315814108 -0.5855837464 -1.2497820854 -1.1329331398 -0.3108264506 -1.3809546232 -0.2281359285 0.2958229482 -0.7862350345 -1.6838823557 0.0207622834 -1.8028339148 0.0729397461 -0.3140610456 -0.1162530333 -0.8055728674 -0.1699246317 0.1309866309 -1.1177818775 0.3592056036 -0.0338712223 0.8554642200 0.2177443355 0.0257215295 -0.1525460333 -0.4803984463 -0.1259480864 1.0429998636 0.0812993720 -0.6325126886 0.0676319525 0.0661683902 -0.0692550093 -0.0224767327 0.0297878161 -0.5644550920 -0.6437882185 1.5172144175 -0.4781233668 0.5451056957 0.0914382562 0.0990976766 -0.0448840857 -0.1527116150 1.1030381918 -0.2272238433 -1.7699199915 0.3144670427 0.0328703858 -1.0119583607 0.0519519523 0.8365454674 -0.6939464808 -0.0594374463 -0.0586848482 -0.7868534327 0.1458656192 -0.3932263553 0.1998755932 0.2105086893 -0.4910798073 0.2327548265 -1.2412124872 -0.9097645879 0.0209053457 -0.4563139081 -1.4965885878 0.2473767102 -0.0317280814 -0.0237816721 -0.4850052893 0.3331306875 0.1082874984 -0.7038778067 0.0889432281 0.2541299760 -0.7194085717 -3.6480495930 0.4448466599 1.2682300806 0.3961806297 -1.4198665619 -0.4575121999 -0.5231900215 -1.0461436510 -0.1786389500 0.1848554015 -1.2560379505 -0.5767493844 -1.7808983326 -0.0546552986 -1.6224744320 0.3070856929 0.5610443354 0.4519414306 0.0443142764 -0.0218217429 -0.8212345243 -1.3513256311 0.0676613376 0.8007421494 0.5344240069 2.2533066273 -0.0987319872 -0.0147924656 0.0347648486 -1.0617398024 -0.0304504707 0.4742962122 -0.2248462290 -0.0091763102 0.0181600749 -1.3396685123 -0.5001943111 0.3968177140 -0.3026942909 -1.9148952961 0.1652298272 -0.7294478416 -0.0531461835 0.6667689681 0.4161846936 -0.6474081874 -0.2509807348 -0.8461691737 -0.1457330137 0.1447060853 0.2197756469 -1.5476242304 -0.2879895270 -0.1964012682 -1.1043113470 -0.5344978571 0.1096219644 0.1747358590 -1.8740745783 -0.0328023694 -0.0956307352 -0.6249819994 -0.1368849128 -0.4785979390 -0.7346631289 -0.9383605719 -0.0262397379 -0.5982448459 -0.3141087592 -0.0036403835 0.1818003654 0.1800754517 -0.7793315649 0.9550685883 -0.8583035469 -0.4238837659 0.0784362257 0.3099911511 -1.6318750381 0.1475006342 0.1905580759 -0.3655119538 0.4070658088 0.1556854248 0.6004405618 0.2639914155 0.4587687552 -0.0140471393 -0.2150958329 -0.4810323417 -0.0104698334 -2.1218485832 0.0359428488 0.0487332270 0.8354708552 0.2513463795 -1.3640147448 0.2218970805 0.1959417611 -0.4752539396 -0.6692135334 -0.7029515505 0.4658714235 -1.3716820478 -0.7494131327 -0.3227541447 -1.7746295929 0.1975708902 -1.5010497570 -0.2140138596 -1.2930978537 -1.0855315924 0.3495893180 -0.5637989640 0.2772898674 -0.3047808111 0.6434501410 -0.2883572876 0.2181784362 -0.1135590449 0.0552612096 -0.0273424834 -0.8243672848 -0.2866492867 -1.1884616613 0.4264051318 0.4366117120 0.0828890651 -0.6032096744 0.9570325017 -0.0530725569 -0.5556132197 0.3066295981 -0.3942197263 -0.2240324020 -0.4932791293 -0.0066456124 -0.3581690788 -0.2903051972 -0.1963860244 0.3447263837 -0.7950019240 -0.0511821508 -1.2749686241 -0.4639699161 0.4987349212 -0.4153503180 -0.1168148071 -0.0519800819 -0.8335307240
-0.1689152718 -0.0193222258 -0.0116557553 0.2681803405 0.0816642419 -0.1402801722 -0.2863852084 -0.5198307633 -0.1718055308 -1.3122476339 -1.1354196072 -0.1490244865 0.0622020476 0.6413515210 -0.8134833574 -0.3616215587 -0.1939210296 0.0175764635 -0.2989180386 -0.4177323580 0.2369723767 -0.1818772405 0.7248299122 0.0122948661 -0.6113476753 -0.8428223133 -0.1535464376 -0.0009715325 -0.6561211348 0.0528750755 -0.4959730804 -0.3210125864 -0.8449814320 -0.6733862162 -0.1420286000 -0.0034440458 0.0671774819 0.2977026999 0.0252703577 0.0147828544 -0.4831249714 -0.0046980833 -0.7506140471 0.1997104734 0.0161018223 -0.0950179324 -0.2194270045 0.2059166282 -0.3754363358 -0.5212075710 0.0272990614 0.1843837947 -0.0561778694 0.1688817441 -0.1516471803 -0.0528725237 0.0525879972 0.0027136728 0.3211687803 -0.7807179689 -0.0345852412 -1.0403475761 -0.4727167189 -0.0272618011 -0.0691222101 0.0054172222 -0.3154705167 -0.3586135209 -0.0234787371 0.0265375748 -0.6760364771 0.0593504831 0.3345449865 -0.3679764271 -0.3137832582 0.4342320561 -0.5898860097 -1.0533257723 -0.4219911098 -1.3691319227 -0.9057417512 -0.8582740426 -0.0461661965 -0.0209196806 -1.2110066414 -0.0251979604 -0.4635281563 0.0470302925 -0.2872119546 -0.2954363823 -0.1665837467 -0.8909017444 -0.4590299428 -0.0992812067 0.0158219784 0.1547481120 -0.5267287493 -0.6577960253 -0.0154370368 0.5518404245 -0.4038638473 -0.0039397855 0.5015143156 -0.7998626828 0.3311459720 -0.8159315586 0.3960947990 -0.8217081428 -0.7781426311 -1.0120034218 -0.3610302806 -0.1256916970 0.2185484320 -0.6943518519 -0.3611657619 -0.3208794892 0.0241228025 -0.3794294000 -0.1883483827 -0.0198132843 -0.5790945888 -1.0208448172 -0.1972342134 -0.4924848080 0.1551900208 0.1727413982 -0.5176210999 -0.2051354200 0.3806105256 0.0390106216 -0.1353449225 0.2947289944 -0.0189377964 -0.1022571027 0.0507657193 -0.1249759421 -0.0116651952 -1.7520335913 0.1752861291 0.0277837813 0.0422570780 -0.3640594780 -0.0775171742 -0.4746223092 0.4960610569 -0.1369096488 -0.6854700446 0.0098960754 -0.6899603009 -0.4045408368 0.0448501073 0.0376821980 0.8099074364 0.0941042155 -0.3761901259 -0.1155712530 0.2680164278 -0.0334467627 0.4655105770 -0.5564290285 -0.1355063021 -0.2164607644 -0.1586218774 0.3141122460 -0.2381995320 -0.0213544294 0.6737672091 0.0423992127 -0.0425669774 -0.3758810759 -0.5870531201 -0.0561082959 0.0235365853 -0.1968807131 -1.0679728985 -0.0074994862 0.2157547474 -0.7944157720 0.0373629108 -0.4846926332 -0.2899464071 -0.4050556421 0.7367557883 0.4302893877 -0.1673900783 -0.8714149594 -0.3718866408 0.0488656051 -0.5951496363 -0.0299693141 0.3439988792 -0.6484153867 -0.3834478259 -0.6252533793 -0.4348735511 -0.0387645103 0.0093906559 0.0563207678 -0.0260288287 -0.0316241235 0.4328972399 -0.4463407993 -0.5731533170 -0.1854797155 -1.1458169222 -0.0340810642 0.2047649771 0.0554882362 -0.3122837842 0.2655755281 -0.2863716185 -0.1347974092 0.1020170450 -0.1102559045 0.0286602620 -0.0125955828 0.0374368615 -0.4378871918 0.0426615328 0.3736295104 0.2034634799 -0.2514557540 -0.0706029460 -0.2954058945 -0.8857528567 1.1468912363 -0.0484038219 0.0533973128 -0.0555144399 0.0518630072 -1.8054002523 -0.8508306742 -0.1474684626 0.3474794030 0.8435636163 0.0589405149 -0.0424414277 -0.3921542466 -0.4211834669 0.6099963188 -0.4377068579 -0.5216255188 0.0412768275 -1.1437455416 -0.3871168196 1.1265120506 0.0345741659 -0.2020710409 0.0030707642 0.4305729568 0.0252731182 0.3668569028 -0.1536514908 -0.0335055143 -0.9073063135 -0.2854597867
-0.4728181362 -0.3172160089 -0.2171969265 -0.1811272800 0.3432114720 -1.2837584019 0.1686522216 0.0030722737 -0.7403718233 -0.4601089060 -0.0137599586 -0.1821901202 0.0022042608 -0.4454353750 -1.1245839596 -0.1275895238 -0.7924538255 0.3693719208 0.2463317364 -1.2887376547 0.9675372243 0.6833995581 0.0024724046 -0.0186577812 0.3942539692 0.6475542188 -0.3580629826 -0.3942408562 -0.2751277387 -1.1886876822 -1.2169446945 0.3086107075 -0.1303188354 -0.6462859511 0.2731595635 -0.0040176157 -0.0770062506 -0.2804895639 0.0005781808 -0.6699426770 -0.8859282732 -0.0200258344 0.0085262703 0.9436795712 1.0481722355 -0.4632915556 -0.2958159149 -0.8907404542 0.1751682162 -0.3588718474 -0.4700055122 0.7235341072 0.1906560957 0.4877909124 -0.1225651875 -0.7200638056 0.0757946894 0.0377148204 -0.4677409232 -0.8705829978 -0.6814018488 0.5848956108 -0.2801125646 -0.0108728334 0.0404486284 0.2743484080 -0.5092903376 -1.5404075384 0.6649076343 -0.0183319412 0.5306007266 0.0482482910 0.0240538046 -0.6403965354 -0.7023766041 0.4980080128 -0.5572732687 -0.6829741001 -0.8492291570 -0.1692303419 0.4264548421 -0.9870532155 0.0501786917 -0.0524082482 0.6065537930 1.1976239681 -0.0638921037 -0.4811336994 -0.3031753004 -0.6702105403 -0.1268067956 0.4274508953 0.1711029708 0.5584315658 0.0506198332 0.4867653251 -0.5938716531 0.7938112020 -0.0513294190 -0.0970222577 -0.5236592293 -0.9918588400 -0.4804937541 0.1911849976 -0.4182029068 -0.1331707835 0.1884497106 -0.3636088073 -0.3662809432 -0.2709104121 0.2585849464 0.0767911226 -0.1832384914 -0.2467304617 -0.1745565087 0.1510326266 -0.0172159746 -0.7233641148 0.3729088008 -0.1961195022 -0.8027212620 -0.5683830380 -0.2352223545 0.0770753548 0.0436926484 -0.5225437284 -0.2910867631 0.2168343514 -0.1573195755 -0.0694243982 -0.1673856974 -0.1482547522 0.4532901049 -1.2145683765 -1.1634176970 0.1245669052 0.0610625222 0.1917804778 -0.0684437379 0.0467103049 0.0263212100 0.0002528618 -0.1458726674 -0.0674534738 0.6873266101 0.4131045938 0.1370335072 -0.3180494308 -2.2506370544 -0.0712758154 -0.0296214633 -0.4062905014 -0.0630932823 -0.1374620646 -0.5858146548 -0.5049561858 -0.5376196504 -0.6480077505 -0.6196550727 -0.7137835026 -0.0224536564 0.2080850452 -0.5299460888 -1.2256288528 -0.8048148155 0.1521948725 -0.1302765906 -0.0881283358 0.2085147053 -0.1775090843 0.0423245654 0.9642328620 -0.0427447185 -0.8407089114 0.2182803303 0.0221009180 0.8376386166 -0.8189730048 -0.2881416380 -0.5917527676 -1.0068336725 -0.7139252424 -0.4373986125 0.3342990279 -0.1099760085 -0.6711421609 -0.0094026839 -0.2154796273 -0.3029163182 -0.3173521161 -0.1042925715 -0.1667096466 0.9224023819 0.2638161778 -0.3245173395 -0.4120413661 -0.6578211784 -0.2538704872 -0.5172350407 0.0368603021 -0.1476319134 -0.6482459307 0.1879503876 0.0023918375 0.5630952716 0.6152526736 -0.4964396060 0.1248790696 1.2091203928 -0.1773928702 -0.1458618790 -0.4299810231 -0.4377126396 -0.0240463130 -0.7005572915 0.3847875893 -0.9326950312 0.1457428783 -0.1392313838 0.1680456549 0.2535461783 -0.1057503372 -0.8242293000 -0.1531744003 -0.9296181202 -0.2898881733 -0.3720296025 -0.0063790679 -0.9249250889 -0.0574759878 -0.1892582029 -0.3343637884 -0.6520403028 -0.2220981717 -0.2380948067 0.5397399068 -0.0447789505 -1.3601007462 1.0163890123 0.1041926444 -1.7504371405 0.8258755803 -0.0229594484 0.0535598770 -0.9771715403 0.0321144424 0.1731290221 0.2985184789 -0.0305530876 -0.5913565159 0.2203115672 -0.2382125407 -0.5787410140 -0.7136533856 0.1987069398 0.0967761353
-0.5064308047 -0.8541261554 -0.0538327172 0.3857374489 -0.3896039128 -0.4903114736 -0.0328282751 -0.4060627520 -0.9809715748 -0.3480561376 -0.5795156956 -0.0268277861 0.0702636242 -0.2135051638 -0.1807524562 -0.5838326216 -0.0077717691 -0.0404989198 -0.0030463189 -0.1311898082 -0.7811289430 0.0560728908 0.1297737956 0.0306252688 -0.8750493526 0.1338768452 -0.3453205228 0.0770854652 -0.0806430504 0.0008542005 0.0558378361 0.0387015827 -0.8729045391 -0.1145080253 -0.3697199523 0.0092478618 -0.5116615891 -0.4009244740 -0.8002073765 -0.1587675214 -0.5203717351 0.0110637080 -0.5035248399 -0.2795648277 -0.1722912639 -0.3244873583 -0.5422092676 -0.0439591520 -0.4068937004 -0.1174836457 -0.0320362598 -0.5213403106 0.0337411612 -0.2019488811 -0.3822254837 -0.0485131964 0.1464258730 0.0571367890 -0.5082157850 -0.4589783251 -0.3748562336 -0.3818570673 -0.1714679003 -0.0695312545 -0.8923923969 0.0852643698 -0.2480939925 -1.2179722786 0.0331005976 0.0255166367 0.3906274140 -0.0420383736 -0.2973425686 0.1083787605 -1.1905806065 -0.2465189993 -0.2634952366 -0.7193006873 -0.5184381008 -1.3886293173 -0.6023398042 -0.3035469353 -0.0086251721 0.0408042595 -0.4324381351 0.0089494735 0.1062014997 -0.0155480281 0.7697108388 -0.4147401452 0.0409067981 -0.7939384580 -0.0819878504 -0.0998789594 -0.0283271074 -0.3332178891 -0.0482908487 0.1592864990 -0.0476715192 -0.1864491105 -0.7546893358 -0.5273768902 -0.2575195134 -1.2526965141 -0.1709830314 -0.7876260877 0.2568831146 -0.1379911900 -0.1668054312 -0.1604546309 -0.3079651892 -0.2041297257 -0.3185798228 -0.4498553276 -0.0252522118 -0.0886887163 -0.6435313821 -0.4053427279 0.2102458328 0.0095483586 -0.2583024204 -0.3011336625 0.2444365919 -0.1551157832 -0.1198474243 -0.4128579795 -0.2251789421 0.1151819900 -0.3476425409 0.0076033697 -0.1734158993 -0.3871566951 0.0165173635 -0.1304809451 0.2554243207 -0.1470999718 -0.0393766090 -0.0358069167 0.0007932329 -0.0288532376 0.0488830283 -0.1982759684 0.0671206862 -0.2972249389 0.3396286666 -0.3017867506 -0.7037604451 -0.0073809261 -0.2744161189 -0.0238690972 -0.6553674936 -0.0159767568 -0.2264391035 -0.7418174148 0.8999889493 -0.3749145567 0.3142347932 -0.1547513306 -0.8387159109 -0.2267604619 -0.3125495911 -0.2022709996 0.3465300500 -0.2820445001 -0.5911310315 0.0583723038 -0.2111800313 0.0660033897 -0.0328810439 -0.0920792595 -0.4408228993 -0.0118923113 -0.0508059934 0.1343381107 -1.0346970558 -0.0419900194 -0.2969269156 -0.3577273786 -0.0619819090 -0.4260253310 -0.4518934786 -0.4400893450 -0.5926690698 0.3245535493 -0.2199210078 -0.7091209292 -0.0594135746 -0.0863365978 -0.1658039391 0.0455448143 0.3488298357 -0.4217056334 -0.3934705555 -0.5537562966 -0.3296621442 0.1313180774 -0.0131715685 -0.0837120488 -0.2662111521 -0.0229457319 -0.2264488786 0.3423866332 -1.4673552513 -0.7591401339 -0.1349200755 -0.0287662130 -0.0326050147 -0.0427446589 -0.4049845040 -0.3090576828 -0.8046728373 -0.9151626229 -0.0493845642 -0.0986928195 -0.8024560809 0.0566605665 -0.0314279571 -0.2160391212 0.0108178994 -0.6792035103 0.1283677816 -0.7993199825 -0.3331943452 -0.0916306302 -1.4513709545 0.1770276427 0.0135852695 0.0257067084 -0.7144446373 0.0495802462 0.3577019274 -0.3873435259 -0.0896454155 -0.6748602986 0.3544622362 -0.0550903901 -0.0125119537 -0.6043835878 0.1811101288 0.0336224400 -1.2387775183 -1.8991746902 -0.0527143553 -0.4955990314 0.6729669571 0.0568439513 -0.0086593851 -0.2479871064 -0.0481693074 0.0736671984 0.3985113800 -0.0504074879 -0.1137981862 -0.0376123413 -0.6359372139 0.0348936617
0.0360688046 -0.4661203623 -0.0108200749 0.1868444532 0.1044099629 0.3612608016 -0.1624763608 0.0111690452 -0.1452175677 -0.0151119800 -0.4591135085 -0.8275097609 -0.2731736004 -0.1836663187 -0.3762009144 -0.0434712507 -0.0986818671 -0.0217283946 -0.5341047049 0.3614370823 0.3527506590 -0.2208711505 0.4178809822 -0.0622676611 -0.5813581944 -0.0660356209 -0.2324300855 -0.0106349336 -0.0381654277 -0.4059707820 0.0000778699 -0.0914606601 -0.4720149040 -0.0663724840 -0.5456511378 -0.0086497609 -0.1024725363 0.6106458902 -0.0592452697 0.3794097006 -0.6155548692 -0.0607123747 -0.5065687895 0.1434371024 -0.1695717424 0.1123396382 -0.1787140816 0.0199082065 -0.3763408661 -0.5479660034 -0.0172794852 -0.0203504525 0.0748517886 0.1212806851 -0.1699370891 -0.0736704543 -0.0695262849 0.0011436159 0.3904964924 -0.1875459552 -0.2374492735 -0.3569374084 0.0744123086 -0.0292154253 -0.6103042960 -0.2018424422 0.0863850862 0.0049277050 -0.5528118610 0.2134061307 -0.4393696785 0.0145576671 -0.4646901190 0.2519946396 -0.1946941465 -0.1168050840 -0.0744014233 -0.2964551449 -0.5275889635 -0.2467059791 -0.3443006277 -0.0355496369 -0.0609864965 -0.0064269304 0.0386210345 0.0723625943 -0.0148570174 -0.2773922682 -0.1341120601 -0.4631132782 -0.4977339506 -0.0379339866 0.4158377051 -0.1732820868 0.0378463641 0.2103349715 -0.1885596961 0.0618397184 0.0446440876 -0.0258095749 -0.1840338856 -0.1611652225 0.0192380790 -0.5924459100 -0.2039878517 -0.2499675304 0.1675525755 -0.1631324589 -0.5857489109 -0.4012909532 0.2674211860 0.2766882777 -0.2706549764 -0.0899710208 -0.2511726618 -0.8023626804 -0.4969340861 -0.0290389694 -0.1818563342 0.0731876194 0.6555147171 -0.1353540868 -0.4568304121 -0.5720734596 -0.3173686862 -0.0688736662 -0.7142587900 -0.1048330665 0.5719810128 0.4058059156 0.0651257262 0.0805183351 -0.3601779044 0.0777774826 0.0893012285 0.2476895154 -0.0466841161 -0.3569604754 0.0035016236 0.0439909101 -0.0209018141 0.8292065263 0.0310440809 0.0170649402 -0.2565990686 0.2093117684 0.1178423837 -0.0356742367 -0.2124444395 -0.4268107712 0.1489883959 0.0085718492 0.0652613118 0.4647447467 -0.1758449525 0.1447885334 -0.4747149646 0.0369011797 -0.0256539565 -0.2822070122 0.1128600091 -0.3960167468 0.1705085188 -0.1494643837 -0.1095377281 -0.3038214743 -0.0759123638 -0.1125291213 0.2145175934 -0.0955586582 -0.2078815848 0.2909952104 0.0009860471 -0.0595446341 -0.1506284922 0.0068504512 -0.3671997488 -0.3220111430 -0.1868838817 -0.1207261980 0.0961414054 0.0632513314 0.5209482312 -0.1707091630 -0.2077038139 -0.1479229778 0.1934397519 -0.7047282457 -0.1957242489 0.5401886702 -0.1164914966 -0.0959893912 -0.3548667133 -0.0866577923 -0.2056622505 0.3952321708 0.4218291044 -0.0686452687 -0.5157230496 -0.0017743930 -0.6786181927 0.0042888620 -0.1208391413 -0.1012288705 0.1896033585 -0.2128610611 -0.5380285978 -0.1247705445 -0.0249259509 0.1770525724 0.0041586142 0.2613193393 0.5996121764 -0.0588410795 0.2765678167 -0.0921660811 0.2980566025 -0.0716672838 0.1445029527 -0.4239083827 -0.1331451833 -0.5853615999 -0.1904258728 -0.1471121013 -0.0828612447 0.3825229704 -0.4025311768 -0.0594406351 0.0276755337 0.1871537566 -0.2697118521 -0.1082214043 -0.0625217631 0.3666848540 0.2374006361 -0.0284890197 0.0576782674 0.0345627777 -0.3096230626 -0.1492577046 -0.3572361469 0.1956879944 -0.1159107760 -0.3797750175 -0.1868618876 0.2875982821 0.1769386977 -0.0281932000 -0.0101721287 -0.0285066701 0.0317388773 -0.2516337633 -0.2946323454 0.0088772662 0.0236707497 0.1824649721
-0.5878314376 -2.2998168468 0.5504151583 0.0895722806 1.0603398085 -0.6183385253 -0.3853312433 -0.2751064301 0.3962817192 0.2075070292 0.4682190716 -1.2186409235 0.2465611994 0.3863084018 -0.7487089634 -0.0266658608 -1.7267343998 0.1598211676 0.4134828150 -1.5044943094 0.1362452805 0.0596147515 -3.8033406734 -0.0476929098 -1.0957981348 -0.3731891811 0.5783686042 0.0795246661 -2.5528447628 1.1789518595 -0.0124498568 -0.0909681022 -1.4561095238 -3.2798876762 -0.6911649108 0.4223096669 -0.8774960041 -0.7278996110 0.1186506003 -0.3455124795 -0.8457962871 0.0199432876 -0.6731420159 0.8388415575 -1.4591239691 -0.1297042221 -0.3222013712 -0.5583597422 -0.8576571941 0.2805178165 1.0055102110 0.1134405807 1.5133745670 -1.5179324150 0.4195649028 0.0175545774 -0.0234660115 -0.1668368280 -0.5223575234 -1.0757085085 0.5528789163 -0.0980623290 -0.6402043700 -0.0212737285 0.2744506896 -0.6046772599 0.1395425051 -2.5700354576 -0.2987422049 0.0310634263 -1.3150194883 -0.0204182491 1.2781994343 0.8443391323 0.2987720370 0.1303233206 0.4901611209 -0.0333939083 0.5702939034 0.1586252451 0.3500027955 0.1741907299 0.0175684020 0.0077126399 -0.0024752493 -1.0678381920 -0.5943259001 -0.2505839765 -0.7937490940 -0.6533885598 -3.0578827858 -0.3968027830 -0.0119492020 -0.4984620512 0.5392343998 -0.1335216910 -0.2016665339 0.0698154867 -0.0058807656 0.8452437520 -0.6253216267 0.3340911865 -1.2001631260 0.0153976642 -0.7037626505 -1.7829942703 -0.2458749712 0.9013037682 -0.7381302714 -1.5826445818 -1.0080538988 0.0363294333 1.3071551323 -0.7877637744 -1.0185352564 -0.5481927991 -0.5965226293 -0.5599351525 -0.8311468363 0.4960096180 -1.3809597492 -1.3292151690 1.0097134113 0.2557561100 -0.2528220713 -1.1481229067 -0.9499726892 -2.5537533760 -0.0631149188 0.2165551931 0.6623102427 0.4224450588 0.2469474226 0.4428250790 0.0673706681 0.2166512758 -0.0367844701 0.5509902835 -0.2479344010 0.0391801149 -0.0476974994 -0.3963055611 -0.4779828787 1.0581482649 -0.1331587583 -0.1072923169 0.4004904926 0.5516293049 -0.8126076460 -2.1514708996 0.6072127223 0.0328760184 0.3456799984 0.1987664402 -1.2570345402 0.2993800044 -0.8487029672 -0.8333134651 0.1145647094 -2.0426726341 -0.0477307104 0.4019943178 1.7643339634 -0.1892890483 0.0660013705 -0.2585004866 0.2584048808 -0.3671911359 -0.1334991157 0.3704490364 0.0006857961 -1.0114992857 -0.0420540795 0.7041697502 -1.7292990685 0.0037217736 0.4179762304 0.1979690492 0.2625378072 -2.3348155022 -2.1891732216 0.1029009223 -0.0639234558 0.0293251704 -1.2999359369 0.3724486828 0.3642995059 -0.0034143394 0.3129621744 -0.9920042753 -0.3849006295 0.3769185543 -0.7234868407 -0.3225262165 -0.7510634661 0.1348397881 -1.0814957619 -0.9226874709 -0.4960700274 -0.0116838440 0.2600523829 -1.3010084629 -1.1513835192 0.0915182829 1.2924345732 0.2525210381 -0.9498836398 0.1867012978 -1.1418259144 0.2464464754 0.8008216023 -1.0654038191 -1.0037851334 0.0112701533 -0.7432307005 -0.0603976995 0.2140230536 -0.3659330308 -0.1852803528 -0.2729751170 0.0872021914 0.0970974118 0.0542519502 -0.2878340781 0.0323233791 -1.2045294046 -0.0860017762 -0.0014914274 -0.2632209361 -0.3820161223 -2.0536334515 -0.9379355907 0.6394805312 -2.2024495602 -2.7493968010 -0.2986868918 0.0320938602 -0.6255753636 0.3739940226 -0.3047589958 -0.8086224794 -0.5576204658 -0.1241667792 -1.0949752331 -0.1920065433 -0.5883198977 -0.4931270778 -1.9255599976 0.0280023664 -0.2307898998 0.7648360133 -0.5265190601 0.7570091486 0.5033075809 0.0752169266 0.1584320813
-0.5791862607 -1.5562227964 0.2541684806 -0.3978660107 -0.3111512363 -0.1026392877 0.3342371583 -0.0327486396 -0.6762568951 0.2702206671 -0.0972828269 -0.1042764038 -0.9287759662 0.2535341382 0.5188092589 -0.8944745064 -0.9187011719 -0.4430725276 1.1626092196 -0.0290514603 0.3002389371 -0.1409685314 0.4165441692 0.0034363046 -1.8849236965 0.7978668809 -0.1654854119 -1.3174253702 -0.4364650249 -0.2520126402 -2.7015047073 -1.2357264757 -2.2791404724 -1.2716418505 -0.7262936831 0.4014369249 0.6238834262 1.0598468781 -0.8309829235 0.3798927963 -0.5318672061 0.0061002374 -0.3261342347 0.0176644102 -0.2995329499 0.0287798960 0.4921950400 -0.3036777377 -0.8219688535 0.2446549088 -0.7866262794 -0.5757162571 -0.3755578697 -0.1694275141 -0.4787470102 0.4092882574 0.5158326626 -0.0149884773 0.2926586568 -1.0189821720 -0.9095030427 -0.1280049682 -0.8367428184 -0.0070686834 -0.2679111660 -1.6955523491 -1.0681185722 -1.3159257174 -0.0297795720 -0.0989617333 -1.0709661245 0.0131914839 -0.1826275438 0.0410562493 0.1335189939 -0.5927067995 -1.4727442265 0.1531576812 0.0567464978 -0.4356117547 -0.2464728504 -0.2336923629 0.0297655910 -0.0128618702 -1.4346119165 0.4123030007 0.0679950789 -0.6644238234 -1.2241123915 -0.2481480390 -1.3457896709 0.6213931441 -0.0361292511 0.5624211431 -0.1282870620 -0.4609568417 -0.2749519050 0.6343855858 0.0412707105 -0.6655923128 -1.2807756662 1.1670404673 -0.0353162587 -2.1397745609 0.6026057601 -0.4701611698 -0.6339728236 -0.4980318248 0.4126040339 -0.4250201285 -0.7387380004 -0.0352894105 0.0827485397 0.0164409764 -0.8174113035 0.3358045220 -1.1322321892 -0.3791020811 -0.2716781199 -0.3396519125 0.6921650767 -2.0901572704 -0.1477801800 0.3191766441 -0.3296478391 0.2797348797 -0.2060119212 -0.0179672204 -1.5297890902 0.0957115144 1.4088820219 0.2200000137 0.3760193884 -0.5203456283 0.3710724711 0.0963408500 -0.0142989531 -3.3022863865 0.4990087450 -0.0367199630 -0.0187100545 -0.6863573790 0.5402843952 0.5055986643 0.5757115483 -0.6350927353 0.1741497517 0.6682367325 -0.1782109290 -0.9100145102 -0.5235190988 -0.5553895831 -0.6015205383 -0.6756601334 -0.2167538404 -1.7434370518 0.7736101151 0.4792877138 -0.4136202633 0.4498351812 -0.5311535597 -0.5965133905 0.6707858443 -0.1016383916 -0.3533622921 -0.2257810533 -0.0682447925 0.5487051606 -0.1519828439 0.0800046399 -1.6770267487 -0.1592577249 -0.0465904921 0.3014134169 -0.2786121666 0.0398245230 0.4516423345 0.1718942821 0.1623540372 0.2172438651 0.1328129768 0.5311993957 0.3501564264 -0.4992618561 -0.1464149505 1.0527360439 -0.4994680285 0.0731055737 -0.6246632934 0.6161100864 -1.5221282244 0.9727931619 0.4271510541 0.7797206044 0.6284510493 -0.2911362946 0.3317102194 0.5177778602 0.5002735853 -0.0568118691 -1.1026369333 0.4781995118 -0.1577318311 -0.2024460435 -0.7465607524 0.4853988588 -1.2117486000 0.1474714577 0.2468933612 0.4878320694 1.5241118670 0.1406094730 0.4058108330 0.0080716414 -1.1430964470 0.8359819055 0.9558699131 0.0608150885 0.0040309560 -0.4911500514 -1.3887436390 0.3677465618 -0.2557038665 -0.0644372329 -0.1207507178 -0.0759086907 0.1225670800 -0.0077837259 0.6356789470 1.0016313791 -0.1153268516 -0.9938974977 -1.1903316975 -0.1502633393 -0.8296943307 -0.6127415299 -0.0380222276 -0.5799094439 -0.9470109344 1.5345985889 -0.1235527992 0.3997020125 0.1971738636 -0.5563462973 -0.1151897162 0.9031640887 -0.1400786489 0.1758128256 0.0179617181 -0.0839559734 0.8411744237 -0.8865756989 -0.0271420628 -1.6835964918 -0.1167895198 0.3782427907
-0.1084719822 -0.0256188512 0.0404369868 0.8522717953 0.3097141683 -1.3850157261 -1.1135376692 -0.4569576681 -0.6567162275 -0.7259139419 -0.6893494725 -0.4216338098 1.1637951136 -0.6408652663 1.7472664118 0.0228787474 -0.1915796995 0.2644356489 -0.0668556392 -0.1536945850 1.0451855659 -0.5206043124 0.1576896757 -0.0289637446 -0.6231570244 -0.0442753397 -0.0274105743 1.7994333506 0.0614087582 0.4312132001 -2.0502762794 0.0146884713 0.3239285946 -2.4857993126 0.1270515025 -0.0439899527 -0.3116727173 -0.1124853715 0.7264898419 0.2522550523 0.9463813901 0.0201518815 -0.6459490657 -1.5177346468 -0.0155608235 -0.4799010158 -0.5565485954 -1.4048445225 -0.7236853838 -0.2272369564 -0.7677701116 -0.7416219115 0.4900908470 0.3372560441 0.4246162474 0.0614560992 -0.2233026028 -0.1361106932 -0.0144659001 -0.7816565037 -0.6938213110 0.2405356765 0.7892351747 -0.0970290825 -0.3902696371 -0.7214694619 -0.1866964400 0.2970727086 0.4580038190 -0.0331314504 0.1988313347 0.0491053313 -0.2305549979 0.1437291354 -1.1429901123 0.1029108986 -0.8490452766 -0.4830742478 0.2276125401 0.4881998897 -0.2493380457 -0.3383839130 0.0527068079 0.0465968102 0.0488764904 -0.2848524451 -0.5132048130 0.0258931462 -0.2567964196 -0.1786826104 -0.0392985456 -0.3347558081 0.0727543235 -0.2166676223 -0.0269232783 -0.3433225155 0.0509425066 0.0763600469 0.0544449985 0.4103702903 -0.1667266190 0.6914237738 -0.1644006073 -0.9195282459 0.6146295071 -1.6484781504 -1.3627816439 0.2250272632 0.2977153361 -0.4184844792 0.1759907752 0.2978064716 -0.0155555867 -1.4963189363 -0.6172921658 -0.2011199594 -0.4923613966 -0.3697087765 0.3611489832 0.0696528554 0.1923430115 -0.6501761079 -0.3509592116 0.3931461275 0.2354359031 0.4130313396 0.2277302444 0.6079648137 0.4954079986 0.3266542852 0.1694597751 0.2042862624 0.3556117415 0.7477194667 -0.4345065057 0.1150586009 -0.0597261116 -0.9680219889 -0.1826468706 0.0384703055 0.0275203288 0.0979241878 -0.2025045007 0.6772538424 0.7006228566 -0.9706215262 -0.0539045930 -0.2261394262 -1.1612994671 0.1335669905 -0.7754823565 0.0016591254 0.8613328338 -0.8397402167 1.1270716190 0.5625118017 -0.1299785227 -0.6744410992 0.0113694435 -1.0598490238 0.0091929613 -0.4319092631 0.7366847396 0.3811536431 -0.2177032083 -0.0040624095 -0.8858913779 -0.3880720139 0.0289192852 0.3596112728 -0.4876136482 -0.1177405044 0.0094886050 -0.0416802354 -0.7545853257 0.0576111078 0.9144876599 0.1462825984 -0.1620689183 -0.2749892175 -0.1235813424 0.0842506811 0.3719439507 1.0084321499 1.4721609354 -0.3933278024 -0.4578439593 -0.3323515654 -0.3014404774 0.0682035163 -0.2873927057 -0.9397719502 -1.6536014080 -0.7125193477 -0.3209832907 -0.0161641929 -0.3864876628 0.1172503084 -0.2477504164 0.0483953580 -0.8069777489 0.3834095597 -0.1195806786 0.6402735114 -0.1288266182 0.3611420691 0.0667382404 -0.3935932219 -0.4344566464 -0.9765905738 -1.2910846472 0.3637243509 -0.2526431382 0.0500656851 0.2272098064 -0.4377776384 0.4048077464 -0.2782729566 -0.3173441589 0.0421470404 -0.1853210181 -0.1253262758 0.1548541635 -0.0960767567 -1.2654467821 0.2812614143 1.2847641706 0.0504823104 -0.4228500128 -0.5329406261 -0.2715485990 -0.9624953866 -1.1693458557 0.2054516375 -0.2275198996 0.2085379064 0.0288903713 -0.5946164131 -0.7202816606 -0.1565451175 -1.3900396824 -0.0944332257 -0.4267152846 0.1145433262 0.6005926132 0.2355634421 -0.2540160418 0.5064550042 0.0176435336 -0.1599383354 -0.5259571075 -0.5324908495 0.0701351389 -0.7729895711 -0.0177730173 -0.1492948681
-0.8293143511 0.1317270547 0.0316752419 0.5402780175 0.0366896763 -0.0035782773 -0.8490721583 0.0176052283 -0.6287167072 -0.4641388357 0.1056859642 -0.1062320694 -0.3208985627 0.0246312153 0.2652275562 0.3272604048 0.0168211292 0.0511110574 0.4047280848 -0.0154692670 -1.1799787283 -1.0642055273 0.1286851168 -0.0258867294 0.4669566453 -0.1149632633 0.3373001516 0.0021270299 0.4641821682 0.0634948164 -0.0723847896 -0.3896009922 -0.0913275406 -0.1513166428 0.1642138660 0.0439674631 0.0634472668 0.0658716336 0.0614291020 0.2813239098 0.1318572015 0.0194399059 0.1243753508 -1.0567029715 -2.0681300163 -0.1238352805 -0.7264721394 0.1871519238 -0.1867327243 -0.0353005864 -0.0779514834 0.1353196353 -0.0297835693 -0.3422451019 0.1286207289 0.0070024356 0.0401799269 0.0178848132 0.4896931052 -0.1542639434 0.0920830816 -0.3284142911 -0.2497558296 0.0468896143 -0.0766264200 -0.4351856411 -0.3145854175 -0.1460151225 -0.0478331670 -0.0478867814 -0.0866912976 -0.0078940541 -0.1415046155 0.0280433912 0.5793345571 -0.7705602050 0.1684561223 -0.3913796246 -0.3796010315 0.3871743381 -0.1144706607 -0.0667189360 -0.0342118293 -0.0412986353 0.0205904879 -0.2068868428 -0.4554477632 -0.0507283807 -0.8742786050 0.2389895767 0.1546344459 0.0133449603 -0.2084323466 -0.1121714115 0.0089001954 0.5416425467 0.5858456492 -0.6693211198 0.0144046322 0.2852769196 -0.2362200171 0.3781850934 -0.1140823439 -0.2238508612 0.1445624083 -0.0559994392 -0.1616102755 -0.0082243206 0.4055773020 -0.0206629597 0.0550029911 0.0074974447 0.0115136085 0.0298377853 -0.1665298641 -0.0078028264 -0.9592427611 -0.0658041909 -0.1643709242 0.0462511107 -0.2059686929 -0.0330843665 -0.0808793083 -0.3826127350 0.4002648890 -0.4223178029 -0.2441474646 -0.1512198001 0.2889157534 0.2865174413 -0.3748573065 0.1632230133 -0.0212987512 0.3065891266 0.7200664878 -0.2997499406 0.0259804800 -0.1088362113 -0.0729062930 0.0224079266 0.0286514536 0.0862148106 -0.3441397846 -0.0627707019 0.2257681191 -0.0503748246 -1.0463570356 -0.0544668585 -0.0588581711 0.0506500416 -0.0026731845 -0.0469954014 0.4197294414 0.3597141504 -0.2738790810 -0.6035044789 -0.7017414570 0.2229248881 -0.4255154431 -0.2881215513 -0.1607347578 -0.4957464039 0.2895337641 -0.0226547476 -0.2842567861 -0.0389229581 -0.6027120948 -0.0266250987 0.0317246914 0.1150358096 0.0071802726 0.0241442230 -0.0110450089 -0.8591143489 -0.4737774134 -0.0290020406 -0.6188055873 -0.3387468457 0.0111135142 0.0831939578 0.0012644719 -0.2079206705 0.2081453204 -0.2929544151 0.0136954747 0.0597326495 -0.3428741097 -0.0128798997 0.1424997896 0.1116078123 -0.1621836573 -0.4048949778 -0.7149019837 0.0043901694 0.0666016340 0.4670562744 0.6473000646 0.1512857974 -0.1291373372 -0.0426424816 -0.0139484340 0.0672801957 -0.2712782919 -0.6904846430 -0.1795103997 0.6349422932 -0.3585349023 0.0336971879 -0.0682179928 0.8169128895 -1.5551668406 -0.1785191447 0.1398150176 0.0332846455 0.0131344181 -0.2375922501 0.1164054275 0.0169828366 0.0495734289 -0.2735389769 0.1555245668 0.3013681471 -0.5808100104 -0.9886260629 0.0270393118 -0.7927350402 -0.0602655485 0.0114038289 -0.3371878862 -0.1011228561 -0.2467911094 0.4502139688 -0.1991577744 0.3793484569 0.2719356120 -0.0122059509 -0.0611570403 0.0298265144 -0.5771782994 -0.3253754973 -1.0476202965 -0.1443322599 -0.0045342739 -0.6244496703 -1.0133366585 -0.1105637997 -0.0124931335 0.0219274219 0.0064039677 -0.3949426115 0.0222621784 -0.1904613525 -0.3093800247 0.0556751192 -0.3102023304 0.1973341107
0.0311973896 -0.0590216219 -0.0492815822 0.0317900442 -0.0439173244 -0.0338109881 -0.0014811282 -0.0518154614 -0.0641151294 0.0228509996 0.0041442015 0.0117182890 -0.0300377719 -0.0671083853 -0.0413160287 -0.0144336578 0.0358014181 -0.0328036323 -0.0418489240 0.0183440484 0.0177555252 0.0358325876 -0.0560923144 -0.0513278842 -0.0452615060 0.0029055374 -0.0342194401 0.0449733138 -0.0289106406 -0.0366339609 -0.0124924574 0.0300480612 0.0100474432 -0.0343969911 -0.0060929731 -0.0252840966 0.0541595183 -0.0146698942 -0.0550425500 0.0075981105 -0.0192586705 -0.0245203227 0.0344545543 0.0293658804 0.0029835850 0.0088000828 0.0418908633 -0.0732407644 -0.0413383991 -0.0138704488 -0.0490916222 0.0141291963 0.0088876039 -0.0483400747 0.0195866097 -0.0147783309 0.0405460559 0.0480239615 0.0264335442 0.0412795246 -0.0179231353 0.0091312518 -0.0221734196 -0.0658916160 -0.0534183159 -0.0311405770 0.0430584811 -0.0512069389 -0.0179257840 0.0077323392 0.0255605374 0.0531751737 -0.0348387472 -0.0107300309 -0.0426560789 0.0108561730 -0.0035526198 -0.0095043480 -0.0312727913 -0.0399467014 -0.0417631753 -0.0123399794 -0.0220955461 -0.0573678389 0.0287915003 -0.0093680918 0.0314847305 -0.0432787910 0.0282647945 -0.0489064977 -0.0284593273 0.0047240220 -0.0422354080 0.0056025125 -0.0519057959 0.0054250853 0.0264552776 -0.0748679340 0.0616651177 0.0204175878 -0.0665598586 0.0363594145 -0.0325954296 -0.0007464930 0.0249295272 0.0005015805 -0.0573547632 0.0056645125 -0.0400104187 0.0067413682 0.0156369209 0.0360395089 -0.0494741686 0.0280022882 0.0276950393 -0.0097103566 0.0173273664 -0.0440731309 -0.0642201453 0.0202703252 -0.0101348115 0.0272776280 0.0426135957 0.0247386638 -0.0495486371 -0.0017815511 0.0447530001 -0.0435283333 -0.0583495721 -0.0165256262 0.0249211267 0.0286796130 -0.0277054310 -0.0299336109 0.0336491838 -0.0614225455 0.0335963741 0.0260961484 0.0323532633 -0.0436310247 0.0457755253 -0.0194065534 -0.0235019941 0.0029555361 -0.0803209916 -0.0391336977 -0.0435496941 0.0081562642 0.0353866778 -0.0529941060 0.0380115286 0.0568576679 -0.0485214703 0.0114727989 -0.0371167846 -0.0123919724 -0.0073125316 -0.0704828501 -0.0141936541 0.0176498406 -0.0216762144 -0.0314215086 -0.0341855884 -0.0351037793 -0.0206395686 -0.0240053087 -0.0398097821 -0.0078660846 -0.0531518459 -0.0467663854 -0.0385581255 -0.0445124730 0.0503465012 -0.0480045639 0.0028194219 -0.0545662567 -0.0255641658 0.0045159333 0.0577022955 0.0418777168 -0.0304420926 -0.0015432899 0.0142774275 0.0230392348 -0.0530806892 -0.0185535308 -0.0424034558 0.0457078740 -0.0580165237 -0.0330926403 -0.0235961694 0.0128342714 0.0170156844 -0.0135238273 0.0368086025 0.0246740431 -0.0335373878 0.0355487019 -0.0550175384 -0.0532658249 -0.0435233377 0.0443449207 0.0406795368 -0.0448889025 0.0140891960 0.0059669241 -0.0390571058 -0.0607994646 -0.0403660648 0.0531830899 -0.0532447323 0.0184814837 -0.0071323588 0.0453069024 0.0264621824 -0.0196977183 -0.0346788317 -0.0249209143 -0.0450236201 -0.0676786229 -0.0616617613 -0.0510098897 -0.0246767811 0.0336835682 -0.0594922230 0.0082573146 -0.0425711945 0.0376895815 -0.0587193146 -0.0286152214 0.0157472864 0.0257418230 0.0350393765 0.0186429918 -0.0329932161 0.0274540260 -0.0226660073 0.0217396319 0.0056736688 0.0206185319 -0.0110753141 -0.0428434312 -0.0580071881 -0.0310426429 0.0321397483 0.0298512354 -0.0315122753 -0.0305544324 0.0495537370 -0.0694715604 0.0059265485 -0.0370161310 0.0324604400 0.0190098658 -0.0372742712 -0.0568505824
0.0070581562 -0.0789455622 -0.0095172152 -0.0518715270 -0.0425906442 -0.0665272921 -0.0534850731 0.0297854245 0.0105375806 -0.0059438716 -0.0616388880 -0.0437091775 -0.0607042909 -0.0660177320 0.0015667736 -0.0321601778 0.0355056338 0.0091786459 -0.0765412822 0.0043787411 0.0182892885 -0.0908935890 0.0525169373 0.0553709269 0.0347270593 0.0224828292 0.0140773673 0.0667769387 -0.0060705631 0.0607339144 0.0026108176 -0.0063708294 0.0385782272 -0.0101789366 -0.0194315668 0.0038270056 -0.0460431054 0.0507679805 -0.0438978709 -0.0607970431 0.0389212668 -0.0397791937 -0.0467578769 -0.0040139970 -0.0203731451 -0.0712958425 -0.0424988531 -0.0438993871 -0.0313512906 -0.0182366446 0.0497468635 -0.0307405796 -0.0356387272 -0.0162566304 -0.0612238906 0.0206994787 -0.0550254174 0.0225874856 0.0141200358 -0.0004846369 -0.0546092093 -0.0500378124 -0.0657204241 0.0065451576 -0.0529909320 0.0326305553 0.0012892238 0.0029139337 -0.0255257934 0.0408779457 -0.0100296587 -0.0483873338 -0.0743260458 -0.0689412206 -0.0559761226 -0.0479505025 0.0390341878 0.0305275042 -0.0003533847 0.0059213066 0.0185907800 0.0271528903 -0.0573431104 -0.0160186216 -0.0445290804 0.0566713884 0.0093417447 0.0515664294 -0.0172029641 0.0326061733 -0.0568132140 -0.0512238294 -0.0774838552 -0.0495337658 -0.0232740641 -0.0629505739 -0.0288995970 0.0378481597 0.0092913806 0.0430387408 -0.0303461570 0.0090932250 -0.0068651875 -0.0344591700 0.0315654911 -0.0804953948 -0.0018479198 0.0381205864 0.0118433880 0.0324437022 -0.0396355689 -0.0616395697 -0.0202188566 -0.0136304675 -0.0162186865 0.0000382566 -0.0074798469 -0.0061060847 -0.0660114139 -0.0247498006 -0.0897463337 0.0416037589 -0.0044354680 0.0383821726 0.0437439270 0.0243423004 -0.0545856580 -0.0173954256 -0.0312244501 0.0081005245 -0.0597729944 -0.0281797890 -0.0290960371 0.0152391661 -0.0327315293 0.0020173031 -0.0560826808 -0.0445673354 0.0304328222 -0.0486484841 0.0096570924 0.0584973618 -0.0196562242 -0.0459662601 0.0108323907 -0.0706047043 0.0069391294 0.0187249985 -0.0643975586 -0.0032048505 -0.0505678803 -0.0527319685 0.0462847576 0.0119756320 -0.0262241233 -0.0563142933 -0.0386421420 -0.0555987284 -0.0179944690 -0.0284685474 -0.0552024506 -0.0079411436 -0.0160719827 -0.0155101642 -0.0027197539 0.0412651375 -0.0429572463 -0.0608123764 -0.0025024489 -0.0161825698 0.0405977815 0.0340647623 -0.0364074707 -0.0788222626 -0.0048153889 0.0516335890 0.0478797927 -0.0196429864 0.0583857968 0.0314963534 -0.0742796883 -0.0232750587 0.0443829559 -0.0197962038 0.0326489285 0.0222203061 -0.0019890261 -0.0798588842 0.0082182055 -0.0578130037 -0.0496530980 -0.0781874731 -0.0753271654 0.0397607312 -0.0422528870 -0.1065971851 0.0133519731 -0.0362256840 -0.0558674596 -0.0080707669 0.0582247563 -0.0170098748 -0.0078547848 -0.0699191540 0.0054891175 0.0123733506 0.0259318855 0.0475708842 -0.0349701606 -0.0532128625 -0.0368804857 -0.0813781545 -0.0252957642 -0.0507923774 0.0223135240 0.0194141641 0.0287770927 -0.0422910638 -0.0126291513 0.0012239052 -0.0375508331 -0.0481516309 -0.0612301752 0.0015918105 -0.0082299998 -0.0215592291 0.0536607429 0.0466307923 0.0384076312 -0.0620214045 0.0224443395 0.0092168618 0.0294606611 -0.0244300291 -0.0462450013 0.0589215606 -0.0130902901 0.0001506128 0.0423604324 -0.0040390226 -0.0348448940 0.0336245522 -0.0294735581 -0.0713255927 0.0130108548 -0.0424025618 -0.0283976793 0.0066273445 0.0396235436 -0.0382573418 0.0135681871 0.0235316437 0.0292682629 0.0527246073 -0.0089738779 -0.0359805673
-0.1034920663 -0.2499775440 -0.4130389094 0.2421730906 -0.9639742970 -0.5320292115 0.3084777296 0.3421339989 0.0512710586 0.3821484149 0.1101937965 -0.0368502140 0.4601237476 -0.2941249013 -0.8896067739 0.4230399132 -0.0314813890 -0.3286436796 -0.0914831236 -0.1258525848 -0.4062816203 -0.2205517292 -0.6316630244 -0.0180521607 -0.3157578111 0.3374247253 -0.8584325910 -0.0271844435 -0.3627929091 -0.3199063838 -0.0725137368 -0.2957023382 -0.2577466965 -0.3268477023 -0.8672180176 -0.0989738852 -0.1501020789 0.1266417801 0.0683138892 -0.2094821632 -0.2824606895 -0.0505234078 -0.0651470274 0.5141918063 0.4232628942 -0.2980919778 -0.9342063069 0.5272722840 0.2633540928 0.0613562129 0.1539154649 -0.2902840674 -0.0881576389 -0.4248282313 -0.1857588738 -0.5208767653 0.2332720757 -0.1867979467 0.4295419455 -0.2544799149 -0.0871180072 -0.3187809587 -0.6758026481 -0.0069928020 -0.2193541676 -0.3281917274 0.0886103585 -0.5654131174 0.8076436520 -0.2389924228 0.2645399868 -0.0527414382 0.2151601464 0.3645530939 0.6848247051 -0.5852288604 -0.1688076854 0.5954357982 -0.2752841413 -0.3044055700 0.5079593658 -0.2280424833 -0.0031511560 0.0364966951 0.0635092631 -1.3518007994 0.1363476664 -0.0236764066 0.5121576190 -0.6826923490 -0.1717602164 -0.1123584509 -0.2301797718 -0.1099335924 0.7867801785 -2.1823425293 0.2263977826 0.1511396617 0.0612542555 0.2183512151 -0.5704813600 -0.0009137213 -1.0545845032 0.1703182459 0.7003707886 -0.1561408043 0.7554560900 -0.5562046766 0.2032955438 0.1645311564 -1.2651445866 0.0191553719 -0.1989887059 -0.5994818807 -0.4491190910 0.2431593984 -0.2877568603 -0.1827726364 -0.1539432704 -0.3609931767 -0.2955004275 0.8777204156 0.1438801587 0.4873524010 0.1239387244 0.0538706779 -0.5539074540 -0.6442378759 -0.3330726326 0.6933511496 0.3816015422 -0.4963634014 -0.4305366874 -0.3323183060 -0.1481392384 -0.1513923109 -0.0320796743 -0.2508323491 0.3996926844 -0.0408137515 0.0541363582 0.6571344137 -0.1469882131 -0.5904300809 -0.8361329436 -0.0558442138 0.2221580595 0.5139449835 0.3116751611 0.1028184220 0.3411000669 0.5260737538 -0.1485422403 0.1295393556 0.4574339092 0.0409936793 0.2101590782 0.4434356093 -0.3651112318 -0.0417182632 -0.7443839312 -1.2466746569 0.2158416510 -0.1371001899 0.6166821122 -0.2368217558 -0.1642336696 0.4924024045 0.2429929525 0.3931493461 -0.0124937324 0.0139318975 -0.0350759849 0.6043799520 0.0806770921 -0.0045955554 -0.3318047523 -0.2866800427 -0.0154057099 -0.2318437248 -0.1920736730 -0.2903481722 0.1320136040 -0.2931458354 -0.1905246824 1.0323617458 0.1968889087 -0.1530627310 -0.0416808389 -0.3076034784 0.0491566695 0.2777372599 0.0742246956 -0.5463727713 0.3140297234 0.4944667220 0.1713358313 0.3751069605 0.1133397296 0.0003289580 0.3563797772 0.0888556689 -0.6512520313 -0.0519653000 0.0790598094 0.0171289705 -0.1629458964 -0.2288390547 -0.0835436136 -0.2184711993 -0.2064259648 0.2051113695 -0.0536214970 0.0505393408 0.1292563379 -1.0554288626 -0.4591082036 2.5240349770 -0.3108657598 -0.1681579053 0.4721067846 -0.3581018746 0.6813110709 -0.0624305606 0.0085606761 0.6452596784 -0.3086167276 -0.0035205930 -0.4393022954 0.0020792293 -0.0588225313 -0.1713172644 -0.3429114521 -0.1471910030 -0.1562959850 -0.3016957939 -0.0266755410 -0.1576796174 -0.1729503125 0.3105497360 -0.1813402772 0.2341754138 -0.8962031007 0.0001475003 1.0529024601 0.3676843643 -0.4198858738 -0.3759196997 0.0348822773 -0.8832040429 0.6962523460 1.2819468975 -0.1051196083 -0.4532603323 0.6440289021 -1.2128789425
-0.0453156978 -1.8857454062 -0.2241356522 0.2824632227 -0.5517236590 -0.1880421489 -0.1665817201 0.3598599434 -0.3115132153 0.6774560213 1.0211372375 -0.6334386468 -0.4375596046 -0.8766713142 -0.0464189537 -0.0716182888 -0.0596146956 -0.7010287642 -0.5817206502 1.0204520226 -0.4909849763 -0.3136509359 -0.8743235469 -0.0001568869 -0.9159813523 0.1338987648 -0.6901649237 -0.2721214890 -2.3810031414 -0.8968530297 0.2384947985 0.9852401614 -0.3301165104 -0.3257122338 -0.4510911703 0.2757112980 -0.1320181340 0.2695487738 -0.8498774767 0.7342570424 -1.0546771288 -0.0531584062 0.0650884509 -1.3864338398 0.8293815255 -0.1161767244 0.2127048820 -0.5490751266 0.5497531891 0.0434068367 -0.4994626641 -2.6157114506 0.5623190999 -0.3433879018 0.9007583261 -0.4364543259 -1.5172502995 0.0038146079 1.0037509203 0.2375707179 0.2194592804 -0.0208456721 -0.6498677135 0.0306732114 -0.6149735451 1.0714825392 -0.6091121435 0.2270178497 -0.2842729390 0.3479170203 -0.2450001985 -0.0031844750 -0.3611880541 0.3699242473 -0.9680122137 -1.3242645264 0.3279926181 -0.5426456332 -0.9926908016 0.2607162297 -0.1694805473 0.7170960307 -0.0603039190 0.0539241284 0.5381830931 -0.1394876093 0.4259843230 0.0448106751 -0.6840113401 1.0006917715 0.2738964558 0.3125222921 0.1758921295 0.2212542593 -0.0158573240 -0.1790480465 -2.1375086308 -0.0741290078 -0.0619498342 -0.6880757809 0.3329725862 -1.3718553782 0.0485961512 -0.9897132516 1.0040049553 -0.9138082862 0.2666633427 0.1240111440 0.1129286811 -1.0367830992 -0.4488260150 0.6092442870 0.9994385242 0.7476757765 0.5322058201 -0.6984847188 -1.0283621550 0.3995403349 0.3210081756 0.6721505523 -0.7767804265 -1.4885230064 -0.1578378081 0.1716742516 -0.4025734663 0.4818074107 -2.3579337597 -1.2682340145 0.3035451472 -0.0016763877 -0.1782792509 1.3416049480 -0.1810799986 1.6175206900 -0.4242482781 0.5093991756 -0.0398233086 0.7370370030 0.3978879750 0.0438496172 -0.0274086297 -1.2426409721 -0.0804047883 -1.2194685936 -0.4941021204 0.0431803502 0.2056419700 -0.3571898639 -0.1444337815 -0.9985913038 0.7646220922 0.3311427832 -0.1106345728 0.5169484019 0.6088492870 -0.9143727422 -0.8359450102 -0.2648371458 -0.5243258476 -0.7445605397 0.6086087823 0.0968789607 0.6388067007 -0.3674544990 0.4000236690 0.0961129963 -0.4898176193 0.2030277550 0.1709857136 0.9065237641 -0.3184839487 0.9805994034 -0.0588096455 -0.8771119118 -2.3664782047 -0.0269692242 -2.4597742558 0.5990566611 1.0636323690 -0.0533056967 -1.1022008657 -1.1167759895 0.5782302022 -0.3390996754 -0.7581303120 -0.6512281299 0.1488710344 -0.3138144612 0.4974427819 -0.5657749772 -0.6092061400 -0.7870979905 0.2542065680 0.1152908877 -1.0547258854 0.9076916575 -1.0018813610 -0.1628576517 -0.1504716128 0.0423644930 -0.0780289620 -1.0741137266 -1.2004177570 0.0526985787 0.4596156478 -0.3584478199 -0.5561944246 0.5961511731 -0.5311921835 0.5756125450 -1.4278202057 0.9855065942 0.8222725391 -0.0575464517 -0.8109285831 -0.3937219977 1.0667983294 -0.7773160338 -0.3612494767 -1.1098214388 -0.9933127761 -1.1403160095 -1.0313338041 -1.7699987888 -0.7192057371 1.2521595955 0.2038681060 -0.0383654237 0.5842425227 0.6853750348 -0.2500332594 -1.7945203781 -0.1893971711 -1.1254595518 -2.2228116989 0.2439643741 0.0004018545 0.4209607244 -0.7127836347 0.3977492750 0.2165715396 0.7091275454 -0.1223795414 0.1923514009 0.5208400488 0.3600772917 -0.0987236574 -0.1658295691 0.0284616649 0.5835801959 -0.1545594335 -1.0226135254 -0.8444859385 0.0338448435 0.8716895580 -0.0190987512
0.0566396601 -0.0472335257 0.0046919659 -0.0348405093 0.0391144715 -0.0254600998 -0.0403137170 -0.0316940397 0.0139337061 0.0228070784 -0.0905305296 0.0018890543 -0.0007983359 -0.0299311895 -0.0784840137 -0.0041512731 -0.0032809058 0.0185809806 -0.0722097531 -0.0175882354 -0.0124983871 0.0248558521 0.0042049517 0.0398177430 -0.0075921128 0.0117793093 -0.0805109367 -0.0335309431 -0.0166833252 -0.0025242330 -0.0665006638 0.0071180612 0.0226704907 -0.0352928713 -0.1025210395 -0.0570280850 -0.0792237371 -0.0134949433 0.0100596836 -0.0117029492 -0.0609268546 0.0426756144 -0.0208003931 0.0171412472 0.0191777125 -0.0123011647 -0.0368998721 -0.0183774624 0.0107574994 -0.0157328788 0.0043021804 -0.0268046390 -0.0577900708 0.0011173713 0.0037700145 0.0616303757 -0.0233134106 -0.0501961634 -0.0620920509 0.0066956603 -0.0516185649 -0.0544688106 -0.0343675762 0.0402316079 -0.0821069106 -0.0013645625 0.0350567289 0.0053457934 -0.0586114824 0.0348417237 -0.0948017985 0.0294865966 0.0309631322 0.0394601040 -0.0658870563 -0.0269157141 0.0459341481 -0.0741648301 -0.0397124775 -0.0378918201 -0.0277203526 -0.0838231742 0.0551340654 -0.0173143074 -0.0308297407 -0.0596038997 0.0021334873 -0.0335625261 0.0031112335 -0.0764941648 -0.0217609964 -0.0637491271 -0.0514556020 -0.0139370104 -0.0483125597 -0.0486658029 0.0077940128 -0.0050204075 -0.0300125554 -0.0485965572 -0.0624556392 0.0327136554 -0.0153967869 -0.0272835866 -0.0686650202 -0.0564123169 0.0111257378 -0.0271785371 -0.0195058584 0.0077389353 0.0285483245 -0.0604902841 -0.0717271566 -0.0051504062 0.0183835775 -0.0355064087 -0.0459144600 -0.0355295166 0.0363325253 -0.0176817924 0.0244962070 -0.0689701438 0.0017368944 0.0043162149 0.0494727232 -0.0587132089 -0.0690559149 0.0242930558 0.0429245271 -0.0366400853 0.0131742628 -0.0551013425 -0.0092919320 -0.0841509402 -0.0853897184 -0.0092549827 0.0352730677 0.0043213521 0.0628091842 0.0055490211 -0.0441130027 -0.0203371476 0.0352355875 0.0111131379 0.0126345856 -0.0584039390 0.0077902940 0.0353478566 0.0229560155 -0.0847575366 -0.0886013955 0.0044622151 0.0173779000 -0.0113543980 0.0386240892 0.0346797258 -0.0629821271 -0.0292291362 -0.0634905919 -0.0400758609 -0.0411229059 -0.0234038681 -0.0069353804 -0.0365246423 0.0041550333 -0.0514465868 0.0046140300 0.0104678348 0.0429764017 -0.0586528033 -0.0310386512 0.0329421237 -0.0223404020 0.0281778984 -0.0519017428 -0.0369380713 -0.0188441649 0.0117072267 -0.0133009255 -0.0087675359 0.0039919857 -0.0628376827 -0.0102472762 -0.0392889902 -0.0580460280 0.0348923840 -0.0408121459 -0.1057610661 0.0352603234 -0.0169073623 -0.0138596268 0.0053810677 0.0085276598 -0.0095267044 -0.0196166094 -0.0399448723 -0.0391509086 0.0580120683 0.0524533950 0.0058390647 0.0435401164 -0.0263218302 -0.0149275912 0.0059089391 -0.0560276434 0.0461038910 -0.0750589818 0.0623272955 0.0239205323 0.0176458247 -0.0551404692 -0.0383310877 -0.0640840828 0.0305729900 -0.0255822912 -0.0381448939 0.0604414195 -0.0530575626 0.0423962846 -0.0159052201 -0.0133527201 -0.1001840979 -0.0828333348 -0.0377757251 0.0206791237 -0.0012583659 -0.0206662118 -0.0264510661 -0.0922672823 -0.0453107432 0.0221744385 -0.0002056452 0.0119473161 -0.0516501293 -0.0074160183 -0.0448971130 0.0580658987 0.0490037166 -0.0326608866 -0.0030461147 -0.0963718295 0.0184364263 -0.0582809225 -0.0698848739 0.0351400301 0.0317185707 0.0588452816 0.0262334887 0.0436448827 -0.0437252447 -0.0037960445 0.0311727729 -0.0204310101 0.0346037894 0.0452200174 0.0661393180
-0.8874393702 0.5077081323 -0.3259788156 0.2846990824 -0.0216345992 -0.3087241352 -0.3098578155 -0.6035611033 -0.2748300433 -0.5021120310 -0.8475935459 0.0400963016 -0.2511946857 -1.0295864344 -0.1553093344 -0.0720994323 -0.2024526745 0.0377024710 -0.3758447766 -0.6304755807 -0.5132592916 -0.6831924915 0.1913335174 -0.0430511981 -0.8248210549 -0.1325383633 -1.8281978369 0.0838060156 -0.8209211230 0.0894333273 -0.3952932358 -0.1846634001 0.1536353379 -0.2240578830 -0.1240823194 0.0126310736 0.3338792920 -0.2865703106 -0.2187333703 -0.1188109890 0.1552496254 -0.0369094312 -1.0086524487 1.0942883492 -0.3298412263 -1.4720976353 0.5111512542 0.0739800856 0.4777115583 -1.2155718803 -0.1393401176 0.1528600603 0.0042735296 -1.0572859049 0.0526805371 -0.3544655442 -0.5291172862 -0.0521063730 0.0373833142 -0.6964064240 -0.6642213464 -1.0711743832 -0.2339234203 -0.0185153298 -0.5945274830 -0.3637140095 0.1482503712 0.3005030751 -0.5190734267 0.0547251776 -0.3546897769 -0.0436550006 -0.3034960330 -0.1801009178 -0.4448059201 -0.9933924079 -0.5596045852 0.2459969819 0.1234358400 0.0730241239 0.3666496575 -0.2566571832 -0.0103104785 -0.0358686745 -0.0293734036 0.2617359161 -0.1587785184 0.0555039793 0.2099420279 -0.2618816793 0.2896450758 -0.4926891625 -0.1364479065 0.1422537118 -0.0242503509 0.2974869907 0.1568906456 -0.0402932055 -0.0455102772 -0.1001084596 -0.0256002657 0.1247422993 -0.1205025166 0.4647241831 0.2718448043 0.0803681687 -0.6864013076 0.1002465561 -0.0017529470 -0.4143415391 -1.2514301538 -0.4501430392 -0.7246829867 0.0230089203 0.2919110358 0.0527528636 0.3359736204 -1.3468177319 0.2315284014 0.0219572261 -1.8810434341 -0.0754047930 -0.7211887240 -0.3592707813 -0.2272404283 -0.4666066170 0.0064045116 0.2591300905 0.1692834049 0.1713398546 -1.0294466019 0.2116587460 -0.1549493819 -0.5466971993 -0.6140066981 0.3129990995 0.0294161215 0.2311578542 -0.5708044171 -0.0077512637 -0.0599230826 -0.4080950320 -1.7512434721 0.1023174524 0.8822131157 -0.3883619905 -0.2999598384 -0.2385842055 -0.5054198503 0.3112658560 -0.3955333233 0.6693846583 -0.3951037824 -0.5016143322 0.1759289205 0.0935456082 -0.2493487895 -0.7326875925 0.3741828799 -1.5571359396 -0.5758516192 -0.4264435172 -0.0424974822 -0.6209482551 0.4531158209 -0.0065049808 -1.3502818346 -0.2224102467 0.1150990725 -0.6304547191 -0.4583683610 0.0979433879 0.0162165537 -0.2289031595 -0.0751235411 0.0459524840 -0.5104713440 -0.7118855715 -0.0724754483 0.7523888946 0.1033922434 -0.4568367600 0.4208747447 -0.0724675730 -0.5268926024 -0.5152509212 -1.2458106279 -0.7867515683 0.0130130695 -1.3869189024 -0.1813916713 0.0159091130 0.7214154601 -0.1542447656 -0.3774551749 -0.2776577473 -0.1625805795 0.0218755566 -0.4093577862 0.0435899571 0.1122574061 -0.0203725584 -0.4650982022 -0.9506659508 -0.0449184738 0.4304403961 -0.3172687590 0.2360697240 -0.6453005075 -0.4220760763 0.9894837737 0.1468770355 -0.3706562221 -0.2432109714 -0.6227145195 -0.1665143669 0.0719144493 -0.4392076433 0.0308599547 -0.5411245823 -0.0391552746 -0.4264636934 0.6202797294 -0.2076327056 -0.0810924768 0.2536409795 -0.0850241408 -0.0243481472 -0.0940506086 0.0509641804 0.8671258092 -0.0828139186 -0.2910322547 -0.1368031800 0.6991068125 -0.0675358847 -0.0475807786 -0.0574359074 -0.5022768378 -0.3663639128 -0.0172292851 0.0061952048 -0.1699332744 0.1690662503 0.1924329996 0.7377415299 0.0327610821 -0.0799717829 -0.0467486382 -0.1610149443 -0.0859682113 -0.1332073510 -0.5593242049 0.1193663254 0.1976040602 -0.7934969068
-0.0247625783 0.0136215808 -0.0580464005 -0.0919689685 -0.0197561886 0.0392685905 -0.0865851641 -0.0468653031 -0.0167104639 -0.0777819306 0.0156419426 -0.0171012003 -0.0861275047 -0.0245090351 -0.0474802032 -0.0436269380 0.0026087789 0.0569761246 -0.0479997136 -0.0785755813 -0.0349473506 0.0107910242 -0.0594238080 -0.0193933547 0.0375165828 0.0186209977 0.0496776849 0.0501680747 -0.0512595586 0.0161314234 0.0443962961 0.0259417687 -0.0689465031 -0.0176493935 0.0026153475 0.0392314345 -0.0522034429 0.0060998555 -0.0117626218 0.0328117125 0.0381987318 -0.0077347308 -0.0314903818 -0.0201348886 0.0147632957 -0.0493865125 -0.0871446654 -0.0675369427 -0.0843150541 0.0185234156 0.0232581943 -0.0464271083 -0.0194562227 0.0460150316 -0.0233001783 0.0448493436 -0.0739159510 0.0320139378 -0.0497350655 -0.0332954861 -0.0271976534 -0.0865713283 -0.0360852033 -0.0518078357 -0.0105222091 -0.0590950549 -0.0286095347 -0.0808431432 0.0554109439 -0.0551207662 0.0078503480 -0.0620869994 -0.1006049737 -0.0057197176 -0.0585757233 -0.1009934545 0.0019613155 -0.0121728955 -0.0430626832 -0.0032505135 0.0288987961 -0.0256363600 -0.0024033338 -0.0464116409 -0.0131798135 0.0620644316 0.0063547264 -0.0453366116 -0.0653316826 -0.0169691388 -0.0118810860 0.0329838134 0.0086977873 -0.0666086301 0.0314966142 -0.0456877090 -0.0305703450 0.0013839175 0.0200812817 -0.0178562105 -0.0560264587 -0.0776200742 -0.0606869422 -0.0563319884 0.0330486968 -0.0703789145 -0.0061110631 -0.0704669431 -0.0673321038 0.0296120439 -0.0999733955 0.0417271666 -0.0290206671 0.0006860236 -0.0180524718 0.0133650526 0.0356981903 -0.1204481348 -0.0549594425 0.0504163727 -0.0480260886 -0.0712621436 -0.0477385484 0.0239744708 0.0179682709 -0.0089512235 -0.0928651914 -0.0192987025 0.0233071465 -0.0201808959 -0.0379898585 0.0482226759 -0.0146346018 -0.0073695378 -0.0613943338 -0.0441732481 -0.0333841145 -0.0298701320 -0.0726939142 0.0097343475 0.0104121342 0.0322590172 -0.0807747841 -0.0105429804 -0.0634060502 -0.0248814821 -0.0150053408 -0.0245635509 -0.0378150679 0.0362439640 -0.0663941726 -0.0338204429 -0.0456324443 -0.0789040104 0.0679029822 -0.0762066096 0.0322055258 -0.0508835725 0.0360871702 -0.0675677285 -0.0110048717 -0.0008259772 -0.0475491658 -0.1168682203 -0.0003942279 -0.0092013553 -0.0187324099 0.0242360234 -0.0363479778 0.0420792922 -0.0007944269 -0.0454162732 -0.0543406904 0.0468479954 -0.0603516810 0.0300069153 -0.0195242595 -0.0736937523 -0.0429491997 -0.0488144122 -0.0024104221 -0.0430395119 -0.0046529630 -0.0179054625 -0.0668739378 0.0112922061 0.0012105721 -0.0552543476 -0.0182032175 -0.0775392577 0.0138703873 0.0380920433 -0.0164375342 -0.0269174036 -0.0062844334 -0.0413301177 -0.0648841709 -0.0457618609 0.0179386009 0.0565859079 -0.0493319593 -0.0817028955 -0.0919237435 0.0089999689 -0.1022726521 -0.0412695855 0.0010911057 -0.0559573844 0.0214370638 -0.0823554620 0.0565848872 -0.0571159273 0.0256811008 0.0528367423 -0.0985942483 -0.0024365783 0.0622814521 0.0534310304 -0.0614252761 -0.0511951819 -0.1025713459 -0.0873475075 -0.0695371181 -0.0661935061 0.0254594348 -0.0611402728 0.0131665915 -0.0471826196 0.0146119073 0.0167601705 -0.0700523630 -0.0610634014 -0.0922114477 -0.0904661641 -0.0957736894 0.0229852572 0.0471724346 0.0296394099 -0.0660890862 0.0077040591 -0.0765359178 -0.0827511624 0.0538896918 0.0116448468 -0.0646214560 -0.0317300782 -0.0264619812 -0.0613951273 0.0112008974 -0.0150467148 -0.0272394028 -0.0187386200 -0.0446419269 0.0010844395 0.0047730161 -0.0419213176
-0.0496981330 -0.0278528258 -0.0111313313 -0.0034137629 -0.0336725228 -0.0662342831 -0.0404150859 -0.0049033016 0.0403982215 -0.0190500077 0.0614101365 0.0132698324 -0.0130619919 -0.0276685953 -0.0509496853 -0.0290092640 -0.0428920984 0.0376771092 0.0269777253 -0.0551420599 -0.0699871853 -0.0303077772 -0.0471090861 0.0133397281 -0.0643592179 -0.0731002092 -0.0014570255 0.0499312580 -0.0587704629 0.0067866002 -0.0368484370 -0.0204109065 -0.0055510551 -0.0361900665 -0.0036903897 0.0431135818 0.0060402700 0.0491211042 -0.0287282392 0.0216824077 -0.0174153280 -0.0360133648 0.0206240714 -0.0584252849 0.0474071987 0.0106414966 -0.0075287893 -0.0637864396 -0.0285780430 -0.0523516312 -0.0170393772 -0.0469101518 -0.0354534239 0.0378772393 -0.0428197831 0.0529405475 0.0185209569 -0.0527389273 -0.0575791374 -0.0023225646 -0.0034744344 -0.0221256409 -0.0269876719 0.0204050019 -0.0074862558 -0.0390167944 -0.0496120155 0.0058670393 -0.0199466422 0.0333945677 0.0344438106 -0.0526165217 -0.0426656380 -0.0016808963 -0.0235484224 -0.0411513597 0.0292251669 -0.0617753565 -0.0210004114 -0.0203424841 -0.0436638743 -0.0493604913 -0.0038252845 0.0166556239 -0.0357648246 -0.0040758699 0.0326047018 -0.0536719337 -0.0838677436 -0.0138052395 -0.0690836459 -0.0541549027 0.0258005224 -0.0132518504 0.0171175450 -0.0601981170 -0.0092800874 0.0320001282 0.0444293246 -0.0321808420 0.0106712701 0.0047603282 -0.0431987084 -0.0206514858 -0.0643250719 -0.0546733662 -0.0040444955 -0.0664720386 -0.0410765558 0.0251373462 -0.0851191431 -0.0322356299 -0.0346110389 -0.0581446514 -0.0615201183 0.0088446280 0.0142149078 -0.0567699485 0.0183940865 0.0565536767 -0.0227994863 -0.0120247453 -0.0438580252 0.0177684799 0.0242501721 -0.0331657492 -0.0319485515 0.0166239310 -0.0198568869 0.0536981523 -0.0358097665 0.0077265515 0.0157103688 0.0047247680 -0.0208484661 0.0183474589 -0.0084656328 -0.0741808265 -0.0146222766 -0.0444014966 0.0303621739 0.0174179822 0.0063948580 -0.0121091818 -0.0545786545 -0.0281786118 -0.0375089310 -0.0000203454 -0.0453303233 -0.0073367036 -0.0184017662 -0.0434133187 0.0340455063 0.0127185518 0.0249105152 0.0014739474 0.0156749189 0.0172993448 -0.0382961966 -0.0200776234 -0.0363292471 0.0036526443 -0.0659633875 -0.0571271926 0.0276980344 0.0493707508 -0.0692883059 0.0389772505 -0.0408786312 0.0086972322 0.0348485596 -0.0014835122 0.0513877645 -0.0614898093 0.0246125031 -0.0100012347 0.0324931778 0.0087680267 0.0062970147 -0.0439835414 -0.0300641414 0.0434770025 -0.0215859395 -0.0009191259 -0.0973568633 0.0038621724 -0.0138816461 -0.0597177781 0.0482063480 0.0362599865 -0.0128007978 -0.0645661652 -0.0098857284 -0.0664053038 -0.0022783019 -0.0157223642 -0.0267904811 -0.0309897382 -0.0699610487 0.0318574607 0.0408763625 -0.0575624444 -0.0076192771 -0.0395856649 0.0429579392 0.0548883304 -0.0735824332 0.0268653482 -0.0449984074 0.0351064987 0.0332227908 -0.0088725165 -0.0556416288 -0.0539744645 0.0338758975 0.0004139766 -0.0054858704 -0.0141522288 -0.0232007951 0.0086687533 0.0068779839 -0.0281795338 -0.0318195075 0.0316506810 -0.0048450092 0.0357362144 -0.0318040401 -0.0149474218 -0.0168710612 0.0477767438 -0.0987022892 0.0070536253 0.0205711443 -0.0370073766 -0.0049911882 0.0611268878 -0.0227854848 0.0177389290 -0.0482086651 -0.0369699895 0.0290522166 0.0372853354 -0.0487922654 -0.0259858444 -0.0585717969 0.0123541672 -0.0023472384 -0.0584944040 0.0004150122 -0.0452419221 -0.0302294213 0.0003643103 -0.0048899632 -0.0528109595 -0.0136107942 -0.0466460735
0.4443088770 -0.8294732571 -0.0321265236 -0.1938336194 -0.6059226990 -0.1399301887 0.1861818284 -0.4271985292 -0.9382783771 0.0352798104 -0.2321267426 0.0033233028 -0.7874972820 0.0593080446 -0.0703349635 -0.9305984974 -0.3040782213 0.0114509612 0.3051305115 -0.4414471388 0.1783351153 0.5425496101 -0.2188541144 0.0175382569 -0.6029474139 0.7036572695 -0.3195506334 -0.2601970732 -0.7064706683 -0.0440172814 -1.0642199516 -0.5339437723 0.2517213523 0.2134288549 -0.2439013124 -0.0403307825 0.8329502940 0.0468712114 -1.0749232769 0.4397546351 0.1437931657 0.0589728542 -1.1458028555 0.0377729423 -0.7958699465 -0.4120175242 0.5534284711 -0.2876709700 -1.1190634966 -0.6401031017 0.2466130257 0.0711920485 0.0076747327 -0.2680010796 -0.6301218867 -0.1081833169 -0.2540543973 0.0023002252 -0.0658267066 -0.1075491160 -0.1501484513 -0.4237639904 -1.4381529093 -0.0314819701 -0.0314740650 -0.7759069204 -0.4326698780 -1.0770246983 -0.1239187792 -0.0149196191 0.7120698094 0.0341189429 -0.8079913259 -0.3620293736 -0.3184049428 -0.2313015759 -0.0489011668 -1.3374445438 -0.3476780355 -0.7673084140 -0.3854068220 0.0751476884 0.0327419266 0.0270372033 -0.4319936335 0.1547310203 0.2337114513 -0.0074513182 -0.8948066235 -1.2870347500 -0.1926606745 -0.6537508368 0.0190120284 -0.1002817154 -0.0072329938 -0.5270636082 -0.3130769432 0.5694210529 0.0457419306 -0.9008373022 0.5190861225 0.2075732052 -0.4039524794 -0.7839048505 -0.3271271288 -2.2216866016 0.2675688267 0.1173375249 0.3465341032 -0.9320247769 -0.8268829584 -1.2264235020 -0.7546501160 -1.3696613312 0.6136378646 0.0693641677 -0.0973498821 -0.2644641101 -0.2546565533 -0.0540882125 -0.1863077134 -0.7340216637 -0.5057996511 0.8391451836 -0.3040367365 -0.2386464477 -0.0618839413 -0.4292826951 0.5430498719 -0.0346457325 0.1778728217 -0.7947455645 0.0535372123 -0.3540992439 -0.1217524856 0.0278074089 -0.0430228785 -0.3175184429 -0.2159655690 0.0181019679 -0.0512840226 -0.4975505471 0.1733063310 -0.3181081414 -0.2616940141 -1.0065510273 -0.2074542195 0.4159158468 -0.8723956943 -0.8293552399 -0.0642288625 -0.2072980851 -0.3517042100 -0.2782527804 0.4571505785 -0.6144229770 -0.3538290262 -0.7759260535 -0.0534868017 -0.5785916448 -0.9246399403 -0.0399025008 -0.2599383295 -0.2011460513 -1.4506821632 0.0235059112 0.8295033574 -0.1612684280 -0.0329717174 -0.1945858300 -1.6406395435 -0.4947785139 0.0229498222 0.1067524850 -2.6870448589 -0.0474517196 -0.3582797647 -0.5309399366 0.0851094201 -0.2890020013 -1.2534425259 0.4694232643 0.3706786036 0.5568608642 -0.2245549113 -0.0956992656 -0.9474996924 0.6163538098 -0.5032812953 -0.3415844440 -0.4353455901 -1.0324149132 -0.7426351309 -1.0265963078 0.0735286102 0.1364254355 -0.0108913751 -1.2093437910 0.2671580911 0.0287997127 -0.1216485724 -0.4149113894 -0.6486827731 -0.3562917113 -0.5876886249 0.0993769243 0.0424197465 0.0054903701 -0.4804708064 0.6421488523 -0.7028297782 -0.1457180530 -0.0508991480 0.1122897342 -0.6708708405 -0.6122861505 0.4665955305 -0.7865661383 0.0133530553 -0.3950285316 0.0942615196 -0.6622458100 -0.6480606794 -0.1275507510 -0.5454988480 0.1058641598 -0.0470349938 -0.0146892443 -0.0779799744 -0.0473484471 -0.1261880547 0.7938861251 -0.1219704896 -1.0176482201 -0.4743153751 0.2199409008 -0.0270879716 -0.0918264538 0.3676974177 0.6067116857 -1.9532070160 -0.0008907814 0.0013973605 -0.8714596033 -0.1075246632 0.1599343270 0.0536021143 -0.7863259315 -0.0424174294 -0.3151405752 -0.7959305048 -1.1909763813 -0.4287631810 -0.2529995739 0.4332606494 0.6243705750
